
Initial statistics: 203 variables; iteration 0; function evaluation 0; phase 1
Function value 2.1871371e+04; maximum gradient component mag 4.3278e+04
Var    Value     Gradient |Var    Value     Gradient |Var    Value     Gradient
  1 -0.53444  8.53533e+02 |  2 -0.01142 -2.32458e+03 |  3 -0.42762 -5.14312e+03
  4 -0.24057 -2.17046e+04 |  5 -0.03336  4.32783e+04 |  6  0.00000  1.73688e+03
  7  0.00000  3.00906e+03 |  8  0.00000  4.16723e+03 |  9  0.00000  5.50348e+03
 10  0.00000  6.40605e+03 | 11  0.00000  5.65122e+03 | 12  0.00000  3.52200e+03
 13  0.00000  7.52587e+02 | 14  0.00000 -1.33476e+03 | 15  0.00000 -1.89294e+03
 16  0.00000 -2.09426e+03 | 17  0.00000 -2.41808e+03 | 18  0.00000 -3.01613e+03
 19  0.00000 -3.15302e+03 | 20  0.00000 -2.89954e+03 | 21  0.00000 -2.83055e+03
 22  0.00000 -2.99912e+03 | 23  0.00000 -3.25764e+03 | 24  0.00000 -2.78979e+03
 25  0.00000 -2.40904e+03 | 26  0.00000 -2.38297e+03 | 27  0.00000 -2.92821e+03
 28  0.00000 -2.93573e+03 | 29  0.00000 -2.28636e+03 | 30  0.00000 -1.84123e+03
 31  0.00000 -2.33834e+03 | 32  0.00000 -3.05294e+03 | 33  0.00000 -4.59196e+03
 34  0.00000 -5.74180e+03 | 35  0.00000 -5.48282e+03 | 36  0.00000 -5.58901e+03
 37  0.00000 -5.00780e+03 | 38  0.00000 -4.53027e+03 | 39  0.00000 -4.72974e+03
 40  0.00000 -4.63984e+03 | 41  0.00000 -2.13237e+03 | 42  0.00000  6.02156e+02
 43  0.00000  2.43113e+03 | 44  0.00000  2.84276e+03 | 45  0.00000  2.64643e+03
 46  0.00000  2.28641e+03 | 47  0.00000  2.11920e+03 | 48  0.00000  1.24014e+03
 49  0.00000  4.96445e+02 | 50  0.00000  1.75098e+02 | 51  0.00000  2.11188e+01
 52  0.00000  0.00000e+00 | 53 -0.76623  9.33974e+03 | 54 -0.76623  4.07293e+03
 55 -0.76623  3.60652e+03 | 56 -0.76623  7.50487e+02 | 57 -0.76623  7.39373e+02
 58 -0.76623  2.28810e+03 | 59 -0.76623  1.19612e+03 | 60 -0.76623  1.35810e+03
 61 -0.76623  3.22676e+03 | 62 -0.76623  2.04221e+03 | 63 -0.76623 -1.43886e+03
 64 -0.76623 -1.61594e+03 | 65 -0.76623 -1.84403e+03 | 66 -0.76623 -2.76604e+03
 67 -0.76623 -2.71593e+03 | 68 -0.76623 -2.69910e+03 | 69 -0.76623 -2.34053e+03
 70 -0.76623 -1.98637e+03 | 71 -0.76623 -2.33077e+03 | 72 -0.76623 -2.42331e+03
 73 -0.76623 -2.46724e+03 | 74 -0.76623 -2.32531e+03 | 75 -0.76623 -2.22285e+03
 76 -0.76623 -1.63804e+03 | 77 -0.76623 -1.55814e+03 | 78 -0.76623 -1.09702e+03
 79 -0.76623 -9.79757e+02 | 80 -0.76623 -7.88694e+02 | 81 -0.76623 -1.99151e+03
 82 -0.76623 -1.78552e+03 | 83 -0.76623 -2.15315e+02 | 84 -0.76623 -9.88694e+02
 85 -0.76623 -2.15190e+00 | 86 -0.76623 -1.08659e+03 | 87 -0.76623 -3.78654e+02
 88 -0.76623 -8.48015e+02 | 89 -0.76623 -9.97538e+02 | 90 -0.76623 -1.74277e+03
 91 -0.76623 -2.08321e+03 | 92 -0.76623 -2.19070e+03 | 93 -0.76623 -2.29446e+03
 94 -0.76623  4.66258e+02 | 95 -0.76623  2.10979e+02 | 96 -0.76623  1.74545e+03
 97 -0.76623  8.30720e+02 | 98 -0.76623  4.04831e+02 | 99 -0.76623  1.50503e+03
100 -0.76623  1.86243e+03 |101 -0.76623  5.74320e+03 |102 -0.76623  3.12251e+02
103 -0.76623 -3.38040e+02 |104 -0.76623 -2.19024e+03 |105 -0.76623 -2.14289e+03
106 -0.76623 -1.79500e+03 |107 -0.76623 -2.10005e+03 |108 -0.76623 -7.39095e+02
109 -0.76623  5.71105e+02 |110 -0.76623 -1.31903e+03 |111 -0.76623  4.52105e+02
112 -0.76623  2.61369e+03 |113 -0.76623  2.94388e+03 |114 -0.76623  1.53094e+03
115 -0.76623  1.58862e+03 |116 -0.76623 -4.39688e+02 |117 -0.76623  1.18637e+03
118 -0.76623  2.10839e+03 |119 -0.76623  7.40508e+02 |120 -0.76623  9.76813e+02
121 -0.76623  4.51053e+02 |122 -0.76623  6.68264e+02 |123 -0.76623  5.00642e+01
124 -0.76623  1.13322e+02 |125 -0.76623  3.70473e+02 |126 -0.76623 -4.61658e+02
127 -0.76623  1.97020e+02 |128 -0.76623  9.20788e+01 |129 -0.76623  1.75998e+03
130 -0.76623  1.02106e+03 |131 -0.76623  3.36546e+02 |132 -0.76623  3.29422e+01
133 -0.76623 -4.76928e+02 |134 -0.76623 -9.85321e+02 |135 -0.76623 -1.08720e+03
136 -0.76623 -8.24734e+02 |137 -0.76623 -1.12511e+02 |138 -0.76623 -1.04562e+03
139 -0.76623 -1.55332e+03 |140 -0.76623 -1.56454e+03 |141 -0.76623 -1.83546e+03
142 -0.76623  3.10624e+02 |143 -0.76623  4.85469e+02 |144 -0.76623  3.71835e+03
145 -0.76623  6.83923e+02 |146 -0.76623  5.11174e+02 |147 -0.76623  7.71890e+02
148 -0.76623  1.28475e+03 |149 -0.76623  8.57782e+03 |150 -0.76623  5.98310e+03
151 -0.76623  1.07442e+04 |152 -0.76623  1.90476e+03 |153 -0.76623  1.64343e+02
154 -0.76623  2.76494e+02 |155 -0.76623  4.32985e+02 |156 -0.76623  6.90985e+02
157 -0.76623 -7.59099e+02 |158 -0.76623 -7.43234e+00 |159 -0.76623 -8.00046e+02
160 -0.76623 -1.23227e+03 |161 -0.76623 -2.13832e+03 |162 -0.76623 -1.98832e+03
163 -0.76623 -6.82694e+02 |164 -0.76623 -1.14976e+03 |165 -0.76623 -1.42157e+03
166 -0.76623 -1.83070e+03 |167 -0.76623 -1.73758e+03 |168 -0.76623 -1.66957e+03
169 -0.76623 -1.75568e+03 |170 -0.76623 -1.72142e+03 |171 -0.76623 -1.44092e+03
172 -0.76623 -2.18971e+03 |173 -0.76623 -2.47589e+03 |174 -0.76623 -2.24117e+03
175 -0.76623 -1.97393e+03 |176 -0.76623 -2.41565e+03 |177 -0.76623 -2.65962e+03
178 -0.76623 -2.70055e+03 |179 -0.76623 -2.91095e+03 |180 -0.76623 -1.88338e+03
181 -0.76623 -1.80101e+03 |182 -0.76623  2.73815e+03 |183 -0.76623 -7.52269e+02
184 -0.76623 -1.04026e+03 |185 -0.76623  2.18048e+02 |186 -0.76623 -8.51047e+01
187  0.00645  2.28152e+03 |188  0.00733  2.73710e+03 |189  0.03758 -3.75604e+03
190  0.26938  1.26453e+03 |191  0.34680  5.10542e+03 |192  0.16456 -6.59680e+01
193  0.25410  3.24140e+03 |194  0.50786  6.79431e+03 |195  0.68429  1.13932e+03
196  0.53761  3.43466e+03 |197  0.36827 -2.24431e+03 |198  0.30543 -5.89490e+02
199  0.38123  3.64977e+03 |200  0.36978 -2.43364e+03 |201  0.44972  1.30375e+03
202  0.16029 -1.42338e+02 |203  0.10467 -1.39670e+02 |

Intermediate statistics: 203 variables; iteration 20; function evaluation 28; phase 1
Function value 3.1785707e+03; maximum gradient component mag -4.9757e+04
Var    Value     Gradient |Var    Value     Gradient |Var    Value     Gradient
  1 -0.94278  7.93928e+01 |  2 -0.01659 -4.97572e+04 |  3 -0.41121  4.63467e+03
  4 -0.21392 -1.45483e+03 |  5 -0.07244  4.05557e+03 |  6  0.01623 -9.81200e+01
  7 -0.12244 -1.49843e+02 |  8  0.02086 -6.50849e+01 |  9  0.04745 -3.35909e+01
 10 -0.09990 -2.08985e+02 | 11 -0.06053 -3.79750e+01 | 12  0.06280  7.87327e+02
 13  0.07662  8.45358e+02 | 14  0.02928  2.80040e+02 | 15  0.00998  4.97886e+01
 16  0.03851  6.02795e+01 | 17  0.03888 -2.47355e+01 | 18  0.05849 -9.88067e+01
 19  0.02512 -6.60863e+01 | 20 -0.01709 -3.61129e+01 | 21 -0.02462  4.81722e+01
 22 -0.01983  6.21746e+01 | 23  0.02220  4.81443e+01 | 24 -0.01423 -1.35453e+01
 25 -0.01662 -5.75374e+01 | 26 -0.05154 -1.32007e+02 | 27  0.01730 -1.45264e+02
 28  0.01167 -1.52234e+02 | 29 -0.02291 -2.02687e+02 | 30 -0.10976 -2.50906e+02
 31 -0.02626 -3.08763e+02 | 32 -0.06982 -3.14249e+02 | 33  0.02371 -2.94115e+02
 34  0.07700 -7.04287e+01 | 35  0.02590 -1.05659e+02 | 36  0.09049 -7.16294e+01
 37  0.00323 -2.02730e+02 | 38  0.00824 -3.20068e+02 | 39  0.06593 -4.31226e+02
 40  0.13254 -7.46680e+02 | 41  0.08538 -4.58281e+02 | 42 -0.03245 -9.67411e+01
 43 -0.05303 -5.89762e+01 | 44 -0.02061  1.21472e+02 | 45 -0.06265 -5.14065e+01
 46 -0.10176 -1.97834e+02 | 47 -0.19141 -2.98760e+02 | 48 -0.16200 -2.50159e+02
 49 -0.17183 -7.05847e+01 | 50 -0.11194  8.56615e+00 | 51 -0.01622  1.83861e+01
 52  0.00000  0.00000e+00 | 53 -0.93089  1.36373e+03 | 54 -0.85078  9.63626e+01
 55 -0.82433  5.40835e+02 | 56 -0.73612  7.83797e+01 | 57 -0.76167  5.03370e+00
 58 -0.81970  2.36721e+02 | 59 -0.79932  8.63618e+01 | 60 -0.82651  5.50066e+01
 61 -0.87593  4.03402e+02 | 62 -0.85695  8.78205e+01 | 63 -0.74223  9.39091e+01
 64 -0.74647 -1.36683e+02 | 65 -0.71606 -5.75667e+01 | 66 -0.45672  4.11567e+02
 67 -0.48869  2.84884e+02 | 68 -0.50939  2.02851e+02 | 69 -0.62836 -1.42747e+01
 70 -0.68265 -1.18386e+02 | 71 -0.63843 -9.52674e+01 | 72 -0.60344 -4.68208e+01
 73 -0.55472  1.67816e+01 | 74 -0.56022 -7.49108e+00 | 75 -0.56343 -3.15943e+01
 76 -0.63564 -8.78951e+01 | 77 -0.63901 -7.80696e+01 | 78 -0.67294 -8.30213e+01
 79 -0.68316 -9.49174e+01 | 80 -0.70243 -1.06047e+02 | 81 -0.68384  7.38093e+01
 82 -0.69644  6.50895e+01 | 83 -0.74991 -1.63307e+02 | 84 -0.70607 -1.77102e+02
 85 -0.76931 -1.77375e+02 | 86 -0.73667 -1.94008e+02 | 87 -0.78426 -1.60805e+02
 88 -0.77081 -1.32821e+02 | 89 -0.76563 -1.19384e+02 | 90 -0.72258 -1.90050e+02
 91 -0.70530 -2.24485e+02 | 92 -0.71553 -2.34423e+02 | 93 -0.67570 -1.58287e+02
 94 -0.81931 -1.58291e+02 | 95 -0.80327 -6.12684e+01 | 96 -0.83971 -2.59042e+02
 97 -0.79490 -1.07659e+02 | 98 -0.75835 -6.20882e+01 | 99 -0.77154  4.29717e+01
100 -0.75344  8.27206e+01 |101 -0.90057 -1.15105e+03 |102 -0.73062  6.73685e+01
103 -0.68543  7.26154e+01 |104 -0.40984  3.42598e+02 |105 -0.51505  2.09633e+02
106 -0.63063  3.36811e+01 |107 -0.61869  6.13096e+01 |108 -0.73877  7.72770e+01
109 -0.81162  1.53424e+02 |110 -0.74619  1.56243e+02 |111 -0.81714 -2.62444e+01
112 -0.87377 -3.45736e+01 |113 -0.88102  1.79476e+02 |114 -0.85351 -7.99874e+01
115 -0.84579  8.08517e+01 |116 -0.78000 -1.41998e+02 |117 -0.83111  3.69302e+01
118 -0.86005 -7.13682e+01 |119 -0.82947 -2.28039e+02 |120 -0.83123 -2.65549e+02
121 -0.80057 -1.86437e+02 |122 -0.79271 -1.23519e+02 |123 -0.75902 -1.10924e+02
124 -0.75602 -6.70144e+01 |125 -0.76344 -4.35900e+01 |126 -0.72360 -1.17001e+02
127 -0.75618 -1.02011e+02 |128 -0.75892 -1.20050e+02 |129 -0.82499 -1.94791e+02
130 -0.78860 -5.18512e+01 |131 -0.75261 -1.21518e+02 |132 -0.73152 -1.69188e+02
133 -0.71586 -1.99866e+02 |134 -0.71009 -1.82743e+02 |135 -0.72173 -1.63887e+02
136 -0.75113 -1.70092e+02 |137 -0.78438 -3.02641e+01 |138 -0.74349 -1.89742e+02
139 -0.71855 -2.81163e+02 |140 -0.74072 -3.88195e+02 |141 -0.75120 -3.70245e+02
142 -0.83230 -2.05101e+02 |143 -0.82975 -7.21950e+01 |144 -0.88966  1.32192e+02
145 -0.81567 -2.50764e+02 |146 -0.78527 -6.18865e+01 |147 -0.76527 -4.94713e+00
148 -0.75312 -1.10780e+01 |149 -0.96814 -1.77282e+04 |150 -0.92501 -8.92209e+02
151 -0.94493  1.04752e+04 |152 -0.86835 -4.54757e+02 |153 -0.80918 -1.10025e+02
154 -0.80220 -5.43186e+00 |155 -0.80778  1.68387e+01 |156 -0.82585 -1.57688e+02
157 -0.77580 -1.71341e+02 |158 -0.79580 -9.52704e+01 |159 -0.74409 -1.25637e+02
160 -0.69455 -8.63696e+01 |161 -0.58462 -8.58965e+00 |162 -0.61076 -6.12805e+01
163 -0.71302 -4.59202e+01 |164 -0.67734 -5.41263e+01 |165 -0.65813 -6.22303e+01
166 -0.63259 -5.49964e+01 |167 -0.64434 -3.47143e+01 |168 -0.63159  2.15680e+00
169 -0.59471  2.56756e+01 |170 -0.57907  2.09882e+01 |171 -0.63091 -9.13572e+01
172 -0.57432 -1.70743e+01 |173 -0.53268  7.02314e+01 |174 -0.62540 -6.12435e+01
175 -0.67207 -8.52880e+01 |176 -0.58524 -3.72837e+00 |177 -0.42809  1.77176e+02
178 -0.32757  2.56632e+02 |179 -0.44033  2.32481e+02 |180 -0.75080 -4.39143e+02
181 -0.74839 -3.37489e+02 |182 -0.88130 -7.77812e+02 |183 -0.76474 -2.87457e+02
184 -0.72333 -1.81172e+02 |185 -0.75028 -1.03913e+02 |186 -0.69029  6.33512e+00
187 -0.02936 -3.57259e+03 |188  0.01086  1.56039e+04 |189  0.05461 -1.88049e+02
190  0.26092 -1.29558e+02 |191  0.33232  3.74239e+02 |192  0.19855  9.47445e+01
193  0.23344 -9.86602e+02 |194  0.52060  4.76757e+02 |195  0.49275 -1.11187e+01
196  0.38560 -1.57642e+02 |197  0.34706 -6.54897e+01 |198  0.24641 -9.48189e+01
199  0.34411  5.36021e+02 |200  0.29056 -3.96494e+02 |201  0.39568  2.09843e+02
202  0.13789  1.38634e+02 |203  0.03200  1.53315e+02 |
203 variables; iteration 40; function evaluation 48; phase 1
Function value 3.0148782e+03; maximum gradient component mag -4.9610e+04
Var    Value     Gradient |Var    Value     Gradient |Var    Value     Gradient
  1 -0.96410  3.86432e+01 |  2 -0.01653 -4.96102e+04 |  3 -0.41433  3.07579e+03
  4 -0.21213 -2.58291e+02 |  5 -0.04548  1.72775e+03 |  6  0.08847  6.94167e+01
  7 -0.29805 -9.95264e+01 |  8  0.09398  4.01677e+01 |  9 -0.01080 -3.98650e+01
 10  0.03017  1.10564e+02 | 11 -0.03431  2.20298e+02 | 12  0.08317  9.84411e+02
 13  0.08986  8.82011e+02 | 14  0.04182  3.61174e+02 | 15  0.01504  7.88963e+01
 16  0.03215  2.74079e+01 | 17  0.03246 -2.41584e+01 | 18  0.05688  3.30473e+00
 19  0.01981 -1.89481e+01 | 20 -0.04026 -7.72977e+01 | 21 -0.02890 -1.05734e+01
 22 -0.05173 -6.83982e+01 | 23  0.01280 -2.41024e+01 | 24 -0.04834 -6.76503e+01
 25 -0.02250 -2.82666e+01 | 26 -0.11027 -1.83964e+02 | 27  0.01171 -4.85243e+01
 28 -0.04348 -1.16117e+02 | 29 -0.00843 -1.11043e+02 | 30 -0.41729 -1.91886e+02
 31 -0.01924 -2.95044e+00 | 32 -0.10501 -1.13314e+02 | 33  0.01222 -9.49475e+01
 34  0.04315 -2.18085e+02 | 35  0.00640 -2.01425e+02 | 36  0.06439 -1.13502e+02
 37 -0.01172 -1.44077e+02 | 38 -0.01515 -2.64075e+02 | 39  0.04805 -3.32959e+02
 40  0.11906 -5.34786e+02 | 41  0.06223 -4.36969e+02 | 42 -0.08648 -9.73576e+01
 43 -0.06477  1.87515e+00 | 44 -0.09347  6.59564e+00 | 45 -0.10379  2.42284e+01
 46 -0.15101 -5.26387e+01 | 47 -0.22305 -2.06248e+02 | 48 -0.22424 -2.24917e+02
 49 -0.22545 -8.79877e+01 | 50 -0.21997 -6.80072e+01 | 51 -0.08771 -5.38977e+00
 52  0.00000  0.00000e+00 | 53 -0.94421  1.68700e+03 | 54 -0.88545 -3.26672e+02
 55 -0.86921  1.19443e+02 | 56 -0.78943  1.16243e+02 | 57 -0.80539  1.11460e+02
 58 -0.85842  3.97845e+01 | 59 -0.83807  4.86289e+01 | 60 -0.85230  2.04682e+02
 61 -0.89959 -3.63482e+02 | 62 -0.87504  3.65704e+02 | 63 -0.78120  5.59434e+01
 64 -0.77510 -4.71827e+01 | 65 -0.74626 -5.04449e+01 | 66 -0.57772  2.52710e+02
 67 -0.58322  1.57984e+02 | 68 -0.58721  9.72756e+01 | 69 -0.66495 -3.19226e+01
 70 -0.69701 -2.35197e+01 | 71 -0.64594 -1.20948e+01 | 72 -0.60779 -5.62738e+00
 73 -0.55956  3.79790e+00 | 74 -0.55513 -1.11426e+01 | 75 -0.54501 -1.24002e+01
 76 -0.60719 -2.94605e+01 | 77 -0.60304 -1.61190e+01 | 78 -0.63504 -2.20953e+01
 79 -0.64103 -1.49639e+01 | 80 -0.65725  6.80465e+00 | 81 -0.64677 -7.05074e+01
 82 -0.65925 -1.18542e+02 | 83 -0.67467  2.65075e+01 | 84 -0.61693 -3.38967e+01
 85 -0.70417 -5.55245e+01 | 86 -0.66402 -8.25274e+01 | 87 -0.72660 -6.06756e+01
 88 -0.71271 -6.09867e+01 | 89 -0.71077 -7.32899e+01 | 90 -0.65266 -7.95981e+01
 91 -0.63045 -1.25816e+02 | 92 -0.65382 -2.38995e+02 | 93 -0.61682 -1.39603e+02
 94 -0.79191 -3.99641e+02 | 95 -0.76696 -1.81189e+02 | 96 -0.80343 -2.18112e+02
 97 -0.74003 -1.58860e+01 | 98 -0.68906 -3.28462e+01 | 99 -0.70356 -1.73111e+01
100 -0.67074 -8.32035e+00 |101 -0.91855 -1.09026e+03 |102 -0.79199 -3.21114e+01
103 -0.76082 -3.68704e-01 |104 -0.60246  1.88873e+02 |105 -0.63171  1.89599e+02
106 -0.69763  1.86400e+02 |107 -0.68336  2.22646e+02 |108 -0.78910  6.09748e+01
109 -0.84178  8.56811e+01 |110 -0.78430  1.36542e+02 |111 -0.84178  1.88373e+02
112 -0.89384 -1.89598e+02 |113 -0.89670  9.10599e+01 |114 -0.86769  8.70612e+01
115 -0.86436 -6.83240e+01 |116 -0.79841 -1.10700e+02 |117 -0.84140  4.73826e+01
118 -0.86463 -5.66900e+01 |119 -0.82940 -1.24021e+02 |120 -0.82838 -1.80621e+02
121 -0.79041 -2.51871e+01 |122 -0.78149 -8.16264e+01 |123 -0.73926 -6.28145e+01
124 -0.73322 -8.47952e+01 |125 -0.73537 -3.43568e+01 |126 -0.67759  8.06631e-01
127 -0.71294  1.50352e+01 |128 -0.71499 -2.65127e+01 |129 -0.78405  1.05158e+02
130 -0.74567 -4.34001e+01 |131 -0.68831 -4.63785e+01 |132 -0.65293 -2.04216e+01
133 -0.63497 -5.47917e+01 |134 -0.63874 -1.27572e+02 |135 -0.66071 -1.86576e+02
136 -0.69633 -1.75893e+02 |137 -0.75230 -3.16086e+02 |138 -0.68477 -1.06427e+02
139 -0.64634 -1.38545e+02 |140 -0.67783 -2.56561e+02 |141 -0.69310 -2.49997e+02
142 -0.80107 -3.92166e+02 |143 -0.79386 -1.89244e+02 |144 -0.86338 -6.51421e+01
145 -0.75465 -8.96048e+00 |146 -0.71728 -2.52081e+01 |147 -0.68491  1.72521e+01
148 -0.65086  7.75679e+01 |149 -0.97305 -2.12772e+04 |150 -0.92512  1.73364e+03
151 -0.95105  1.17366e+04 |152 -0.87923 -2.92114e+02 |153 -0.82335  4.76914e+01
154 -0.81588  5.93867e+01 |155 -0.81719 -1.00576e+01 |156 -0.83239 -3.27613e+02
157 -0.77572 -1.76782e+02 |158 -0.79464 -1.64066e+02 |159 -0.73234 -7.09267e+01
160 -0.68304 -1.59443e+02 |161 -0.55017 -1.40478e+01 |162 -0.56312 -2.45872e+01
163 -0.67846 -6.23637e+01 |164 -0.63061 -4.48837e+01 |165 -0.60040 -2.74065e+01
166 -0.56516 -1.18200e+01 |167 -0.58096 -1.21491e+01 |168 -0.56462 -7.03622e+00
169 -0.50387  2.82917e+01 |170 -0.47892  5.20807e+01 |171 -0.54281  1.66557e+01
172 -0.48009  4.65795e+01 |173 -0.43571  8.13176e+01 |174 -0.54818 -1.49280e+01
175 -0.60840 -3.36756e+01 |176 -0.50294  3.32735e+01 |177 -0.30687  1.75488e+02
178 -0.17320  2.56029e+02 |179 -0.28331  2.36246e+02 |180 -0.67546 -1.38144e+02
181 -0.67863 -1.49714e+02 |182 -0.84960 -5.20527e+02 |183 -0.67937  1.84861e+01
184 -0.61499  3.76789e+01 |185 -0.64725  9.60970e+01 |186 -0.55479  8.36000e+01
187 -0.00964 -3.20398e+03 |188  0.01567  1.40463e+04 |189  0.04428 -1.14860e+02
190  0.24296 -8.96326e+01 |191  0.33382 -6.45909e+02 |192  0.19021  5.42183e+01
193  0.23486 -8.72295e+02 |194  0.47769  6.21669e+01 |195  0.47327  5.07665e+01
196  0.43931 -5.04796e+01 |197  0.34064 -3.90597e+02 |198  0.26133 -9.61646e+01
199  0.36816  5.81025e+02 |200  0.31715 -1.56240e+02 |201  0.41630 -1.74274e+02
202  0.14404  1.02199e+02 |203  0.04612  1.92137e+02 |
203 variables; iteration 60; function evaluation 70; phase 1
Function value 2.9742732e+03; maximum gradient component mag -4.8170e+04
Var    Value     Gradient |Var    Value     Gradient |Var    Value     Gradient
  1 -0.97425  2.31719e+01 |  2 -0.01638 -4.81697e+04 |  3 -0.41479  2.64021e+03
  4 -0.18573 -1.30215e+02 |  5 -0.05100 -1.41216e+02 |  6  0.09054  3.65874e+01
  7 -0.43044 -1.05329e+02 |  8  0.08688  1.58330e+02 |  9 -0.00676  6.29404e+01
 10 -0.00939  1.39637e+02 | 11 -0.03681  3.15769e+02 | 12  0.06115  1.07745e+03
 13  0.06588  1.00795e+03 | 14  0.02713  5.13425e+02 | 15 -0.00656  1.38862e+02
 16  0.00443  3.38124e+01 | 17  0.01179 -3.96377e+01 | 18  0.02375 -8.01339e+01
 19 -0.00520 -5.04247e+01 | 20 -0.06188 -6.81096e+01 | 21 -0.05921 -6.40959e+00
 22 -0.07669 -3.91105e+01 | 23 -0.01328  4.80175e+01 | 24 -0.07465 -7.06787e+01
 25 -0.05842 -6.50101e+01 | 26 -0.12512 -1.52381e+02 | 27 -0.02089 -1.58276e+01
 28 -0.07144 -9.33327e+01 | 29 -0.03280 -7.33010e+01 | 30 -0.42209 -1.98729e+02
 31 -0.04322  1.66775e+00 | 32 -0.12419 -9.22905e+01 | 33 -0.01230 -1.31515e+02
 34  0.01868 -2.48574e+02 | 35 -0.01302 -1.63445e+02 | 36  0.04168 -3.63506e+01
 37 -0.03359 -9.38874e+01 | 38 -0.03624 -2.20819e+02 | 39  0.02282 -3.20310e+02
 40  0.09194 -5.49449e+02 | 41  0.03150 -4.82438e+02 | 42 -0.11186 -1.16845e+02
 43 -0.09863 -3.91813e+01 | 44 -0.12416 -1.14868e+01 | 45 -0.13943  5.36935e+00
 46 -0.18093 -1.64755e+01 | 47 -0.25785 -2.03012e+02 | 48 -0.26579 -2.43937e+02
 49 -0.27176 -1.07179e+02 | 50 -0.20446 -2.42022e+01 | 51 -0.11995 -1.45768e+01
 52  0.00000  0.00000e+00 | 53 -0.94795  1.52787e+03 | 54 -0.89090 -1.94704e+02
 55 -0.88028 -1.20158e+02 | 56 -0.81313 -1.10540e+02 | 57 -0.82945 -7.69759e+01
 58 -0.87432 -6.91438e+01 | 59 -0.85351  1.07478e+02 | 60 -0.86782  1.25686e+02
 61 -0.90617 -1.12272e+02 | 62 -0.88581  1.75466e+02 | 63 -0.79552  1.49694e+01
 64 -0.78717 -9.16459e+01 | 65 -0.75149  1.78303e+01 | 66 -0.58205  3.15366e+02
 67 -0.58987  1.94649e+02 | 68 -0.59378  1.21207e+02 | 69 -0.66636  2.62858e+01
 70 -0.69973 -1.04818e+01 | 71 -0.64429  2.32858e+01 | 72 -0.60669  8.52501e+00
 73 -0.55793  8.61580e+00 | 74 -0.55156 -5.72223e+00 | 75 -0.54338 -2.57894e+01
 76 -0.60214 -2.58992e+01 | 77 -0.59641 -1.45948e+01 | 78 -0.63072 -4.82595e+01
 79 -0.63594 -4.17410e+01 | 80 -0.65089 -1.31600e+01 | 81 -0.59190  1.53112e+01
 82 -0.61032 -2.73121e+01 | 83 -0.67252  1.07756e+01 | 84 -0.61678 -3.68852e+01
 85 -0.70407 -3.64143e+01 | 86 -0.66735 -8.81958e+01 | 87 -0.73174 -9.17900e+01
 88 -0.71724 -6.41408e+01 | 89 -0.71397 -5.18043e+01 | 90 -0.65733 -7.32629e+01
 91 -0.63329 -1.12211e+02 | 92 -0.65456 -2.26260e+02 | 93 -0.61339 -1.34200e+02
 94 -0.79257 -5.16652e+02 | 95 -0.76062 -1.44197e+02 | 96 -0.80183 -3.29636e+02
 97 -0.73166 -1.60158e+01 | 98 -0.67486 -9.56128e+00 | 99 -0.68943 -1.47124e+01
100 -0.65131 -5.18570e+00 |101 -0.92454 -1.44696e+03 |102 -0.80492 -2.79101e+01
103 -0.78154 -1.20090e+02 |104 -0.64648  1.14738e+02 |105 -0.67793  1.14651e+02
106 -0.73415  1.44213e+02 |107 -0.71961  2.08899e+02 |108 -0.81119  3.89667e+01
109 -0.85623  1.03472e+02 |110 -0.80080  1.38181e+02 |111 -0.85223  1.94827e+02
112 -0.89944 -1.64279e+02 |113 -0.90128  6.58343e+01 |114 -0.87078  1.70254e+02
115 -0.86878 -1.20959e+02 |116 -0.80087 -5.05866e+01 |117 -0.84364  6.30848e+01
118 -0.86821 -2.48941e+02 |119 -0.82900 -1.04440e+02 |120 -0.82779 -1.73866e+02
121 -0.78930 -2.16290e+01 |122 -0.78095 -1.14077e+02 |123 -0.73547 -4.66670e+01
124 -0.72683 -4.51319e+01 |125 -0.72969 -3.37103e+01 |126 -0.66616  4.09901e+01
127 -0.70454  2.57433e+01 |128 -0.70439  7.76192e+00 |129 -0.78214 -5.52711e+01
130 -0.73948 -6.92326e+01 |131 -0.68421 -6.23110e+01 |132 -0.65160 -3.59738e+01
133 -0.63495 -5.91494e+01 |134 -0.64040 -1.33839e+02 |135 -0.66432 -1.99412e+02
136 -0.70086 -1.92925e+02 |137 -0.75691 -3.50415e+02 |138 -0.68991 -1.18593e+02
139 -0.65033 -1.41373e+02 |140 -0.67794 -2.42036e+02 |141 -0.69209 -2.78280e+02
142 -0.79609 -3.38887e+02 |143 -0.78901 -1.79380e+02 |144 -0.86012 -9.87263e+01
145 -0.74456  2.22927e+01 |146 -0.70413 -4.61130e+00 |147 -0.66949  1.81409e+01
148 -0.62715  9.48745e+01 |149 -0.97291 -1.93188e+04 |150 -0.92832  1.94905e+03
151 -0.95303  1.20981e+04 |152 -0.88229 -2.58200e+02 |153 -0.82607  1.34173e+02
154 -0.82055  3.65943e+01 |155 -0.82092 -4.46631e+01 |156 -0.83132 -2.21369e+02
157 -0.77568 -1.80454e+02 |158 -0.79548 -2.12642e+02 |159 -0.73526 -1.45872e+02
160 -0.67849 -1.32329e+02 |161 -0.53696  3.13632e+01 |162 -0.54983  1.95777e+01
163 -0.67052 -4.20509e+01 |164 -0.62362 -5.90086e+01 |165 -0.59106 -3.06563e+01
166 -0.54546  3.19899e+01 |167 -0.56427  2.49353e+01 |168 -0.55050  2.75484e+01
169 -0.49043  6.41509e+01 |170 -0.47161  7.71014e+01 |171 -0.54401  1.94351e+01
172 -0.48607  3.70043e+01 |173 -0.44539  6.89170e+01 |174 -0.55419 -1.46615e+01
175 -0.61222 -1.97716e+01 |176 -0.50967  3.56301e+01 |177 -0.31613  1.75284e+02
178 -0.19612  2.30432e+02 |179 -0.24720  2.69437e+02 |180 -0.66777 -1.38156e+02
181 -0.66859 -1.33039e+02 |182 -0.84713 -6.46067e+02 |183 -0.66387  4.15998e+01
184 -0.58997  7.65741e+01 |185 -0.62513  1.10898e+02 |186 -0.52480  7.49735e+01
187 -0.00620 -2.91777e+03 |188  0.01546  1.32034e+04 |189  0.03656 -1.24605e+01
190  0.23438 -2.87144e+01 |191  0.33187 -1.04011e+03 |192  0.19402  6.71139e+01
193  0.23552 -6.95995e+02 |194  0.47255 -3.78879e+01 |195  0.53369  3.52034e+01
196  0.43487 -1.08817e+02 |197  0.34025 -4.38640e+02 |198  0.27208 -3.14649e+01
199  0.36760  5.89481e+02 |200  0.31914 -1.44057e+02 |201  0.42349 -1.75722e+02
202  0.14883  1.01629e+02 |203  0.04899  1.89320e+02 |
203 variables; iteration 80; function evaluation 90; phase 1
Function value 2.4594073e+03; maximum gradient component mag -2.3851e+04
Var    Value     Gradient |Var    Value     Gradient |Var    Value     Gradient
  1 -0.97694  4.24386e+00 |  2 -0.01388 -2.38506e+04 |  3 -0.41631  5.49217e+02
  4 -0.18131 -1.63270e+03 |  5 -0.05258 -8.59393e+02 |  6  0.12220 -2.13286e+02
  7 -0.25667 -9.98361e+01 |  8  0.10006 -2.82215e+01 |  9 -0.01234 -7.43212e-01
 10  0.03289  1.08445e+02 | 11 -0.07053  1.16462e+00 | 12  0.06915  3.03768e+02
 13  0.05023  5.47340e+02 | 14  0.02120  5.19884e+02 | 15 -0.01428  2.04176e+02
 16 -0.00642  1.20080e+02 | 17  0.01484  1.00450e+02 | 18  0.00535 -5.63439e+01
 19 -0.01434 -4.23557e+01 | 20 -0.06128 -2.31735e+01 | 21 -0.05993  5.71588e+01
 22 -0.05134  3.57303e+01 | 23 -0.02599 -2.19478e+01 | 24 -0.04925 -4.62808e+01
 25 -0.07653 -1.01914e+02 | 26 -0.08267  2.48808e+00 | 27 -0.01532  9.11544e+01
 28 -0.06795 -7.15115e+01 | 29 -0.03674 -1.36076e+01 | 30 -0.39331 -2.10249e+02
 31 -0.06150 -2.01718e+02 | 32 -0.15402 -2.44652e+02 | 33 -0.02441 -2.32003e+02
 34  0.00222 -4.28273e+02 | 35 -0.03421 -3.53500e+02 | 36  0.02992 -2.07330e+02
 37 -0.06295 -1.67697e+02 | 38 -0.02417 -7.80635e+01 | 39  0.01764 -2.15969e+02
 40  0.08197 -3.42040e+02 | 41  0.04509 -2.85783e+02 | 42 -0.14056 -1.13728e+02
 43 -0.06427  8.32234e+01 | 44 -0.11637  6.17073e+01 | 45 -0.11183  1.05268e+02
 46 -0.15349  4.98867e+01 | 47 -0.20732 -8.29379e+01 | 48 -0.17496  1.43325e+01
 49 -0.18181 -9.10022e+00 | 50 -0.22235 -5.60852e+01 | 51 -0.13200 -2.84337e+01
 52  0.00000  0.00000e+00 | 53 -0.95288 -1.16913e+03 | 54 -0.89206 -3.49212e+02
 55 -0.87980 -1.00153e+02 | 56 -0.81431 -1.22244e+02 | 57 -0.83539 -2.47948e+01
 58 -0.88450 -9.28330e+01 | 59 -0.86984 -1.04615e+02 | 60 -0.87978  8.53469e+01
 61 -0.91980 -1.23768e+03 | 62 -0.89913 -2.99904e+02 | 63 -0.81120 -1.95824e+00
 64 -0.79519  8.23622e+01 | 65 -0.77158 -2.40684e+02 | 66 -0.61683  1.33370e+02
 67 -0.60622  9.82811e+01 | 68 -0.60628  2.01044e+01 | 69 -0.64617  2.05287e+02
 70 -0.69943 -6.39237e+01 | 71 -0.63260  5.44226e+01 | 72 -0.60289 -4.04833e+01
 73 -0.54482  3.66082e+01 | 74 -0.53968  5.00097e+01 | 75 -0.54754 -2.50050e+01
 76 -0.61334 -4.58109e+01 | 77 -0.61905 -8.84582e+01 | 78 -0.64901 -5.52275e+01
 79 -0.66085 -7.13434e+01 | 80 -0.67272 -4.33555e+00 | 81 -0.64925 -5.15090e+01
 82 -0.66018 -9.66043e+01 | 83 -0.66975 -2.32184e+01 | 84 -0.58950 -1.77760e+01
 85 -0.68339 -1.54168e+02 | 86 -0.61542  1.46860e+01 | 87 -0.69053 -9.81565e+00
 88 -0.69075 -2.06853e+02 | 89 -0.67512 -1.75814e+01 | 90 -0.61261 -2.95016e+01
 91 -0.58304 -2.94952e+01 | 92 -0.60186 -4.38250e+01 | 93 -0.57649  7.11045e+01
 94 -0.78456 -2.98223e+02 | 95 -0.76818 -2.12722e+02 | 96 -0.80453 -1.13865e+02
 97 -0.75188 -3.10835e+01 | 98 -0.70716  1.86504e+01 | 99 -0.73114  5.70986e+01
100 -0.72498 -2.40789e+01 |101 -0.91598  3.42710e+02 |102 -0.80044  1.19793e+02
103 -0.77594  3.37995e+01 |104 -0.66002  8.23602e+00 |105 -0.70073 -4.84001e+01
106 -0.76051  2.77010e+00 |107 -0.75823 -9.96888e+00 |108 -0.83728 -3.54228e+02
109 -0.87000  7.18395e+00 |110 -0.82004  5.96621e+01 |111 -0.86978 -2.16495e+02
112 -0.90432  2.16219e+01 |113 -0.90605 -8.06332e+01 |114 -0.87328  2.04573e+02
115 -0.86614  1.91989e+02 |116 -0.79618  1.00779e+02 |117 -0.83816  2.63627e+02
118 -0.86256 -1.71279e+01 |119 -0.82475 -1.30851e+02 |120 -0.82429 -2.50319e+02
121 -0.78495 -5.83116e+01 |122 -0.77657 -8.28815e+01 |123 -0.73505 -4.90088e+01
124 -0.72747 -1.11266e+00 |125 -0.73048  6.70859e+01 |126 -0.68427 -2.24354e+01
127 -0.72400 -3.48362e+01 |128 -0.72621 -7.99512e+01 |129 -0.79832 -1.33320e+02
130 -0.75709 -1.63091e+02 |131 -0.69103 -8.97261e+01 |132 -0.65431 -1.62133e+02
133 -0.60716 -3.52521e+01 |134 -0.59492 -2.38640e+01 |135 -0.62531 -1.43225e+02
136 -0.67358 -2.33865e+02 |137 -0.72850 -2.66679e+02 |138 -0.65844 -9.57016e+01
139 -0.61799 -1.05037e+02 |140 -0.65087 -1.80705e+02 |141 -0.66054 -1.56337e+02
142 -0.77278  8.52328e+01 |143 -0.78386 -1.13492e+02 |144 -0.86037 -1.56764e+01
145 -0.75707 -4.16945e+01 |146 -0.72812 -4.23822e+01 |147 -0.70611  6.42068e+01
148 -0.69684  1.09157e+02 |149 -0.95926  4.83956e+02 |150 -0.94100 -4.57695e+02
151 -0.97185 -3.22548e+03 |152 -0.88092  1.60572e+02 |153 -0.82514  2.82345e+02
154 -0.81780  1.89091e+02 |155 -0.81413  2.05981e+02 |156 -0.82570 -3.79796e+01
157 -0.75864  1.14318e+02 |158 -0.77739  1.59510e+02 |159 -0.71246  1.55983e+02
160 -0.67143 -4.52022e+01 |161 -0.53895  6.94392e+01 |162 -0.57376 -4.67895e+01
163 -0.68131 -1.99620e+01 |164 -0.64203 -5.42251e+01 |165 -0.62471 -7.97586e+01
166 -0.58640 -3.00034e+01 |167 -0.58978  2.10027e+01 |168 -0.57124  1.78675e+01
169 -0.50417  4.54947e+01 |170 -0.45781  8.63360e+01 |171 -0.50563  9.53052e+01
172 -0.43724  9.19352e+01 |173 -0.40547  6.08488e+01 |174 -0.51756 -7.05724e+00
175 -0.57503  1.93531e+01 |176 -0.46676  5.82591e+01 |177 -0.29689  1.24241e+02
178 -0.18817  1.67128e+02 |179 -0.17128  1.97569e+02 |180 -0.64658 -1.50780e+02
181 -0.65893 -1.56610e+02 |182 -0.84275 -4.74148e+02 |183 -0.67742 -4.46063e+01
184 -0.61499  6.49973e+01 |185 -0.66331  1.25567e+02 |186 -0.61337  2.74656e+01
187  0.00166 -6.06171e+02 |188  0.00637  2.85112e+03 |189  0.04216  3.23879e+02
190  0.23717  1.93466e+02 |191  0.32996 -1.17305e+03 |192  0.17062 -7.12153e-01
193  0.23496  3.15199e+02 |194  0.47431  1.11346e+02 |195  0.49172  9.26611e+01
196  0.47911  1.46975e+02 |197  0.35027 -2.14006e+02 |198  0.26382  4.21976e+01
199  0.38119  8.06785e+02 |200  0.34984 -9.68618e+01 |201  0.46268  1.42969e+02
202  0.15459  2.47268e+01 |203  0.06853  6.17725e+01 |
Maximum number of function evaluations exceeded

 - final statistics:
203 variables; iteration 91; function evaluation 100
Function value 2.4291e+03; maximum gradient component mag -2.0544e+04
Exit code = 3;  converg criter 1.0000e+01
Var    Value     Gradient |Var    Value     Gradient |Var    Value     Gradient
  1 -0.98485  1.02256e+01 |  2 -0.01356 -2.05445e+04 |  3 -0.41491  1.92706e+03
  4 -0.20040 -1.26924e+03 |  5 -0.04497 -4.25159e+02 |  6  0.12301 -1.23297e+02
  7 -0.10095 -7.48094e+01 |  8  0.10927  2.42647e+01 |  9 -0.02435 -8.47854e+01
 10  0.02654 -1.73298e+01 | 11 -0.05952 -3.44585e+01 | 12  0.09188  2.20843e+02
 13  0.05088  3.54457e+02 | 14  0.01281  2.78215e+02 | 15  0.00778  1.89802e+02
 16  0.01422  1.38884e+02 | 17  0.00887  2.73430e+01 | 18  0.03257 -1.61184e+01
 19 -0.01247 -3.48713e+01 | 20 -0.02487  3.47840e+01 | 21 -0.07223 -2.52459e+01
 22 -0.03117 -2.73842e+01 | 23 -0.02567 -1.65525e+02 | 24 -0.03860 -9.54725e+01
 25 -0.06015 -5.72542e+01 | 26 -0.07413  1.68540e+01 | 27 -0.01283  8.48439e+01
 28 -0.04194  1.10522e+02 | 29 -0.01145  1.67136e+02 | 30 -0.53178 -1.59079e+02
 31 -0.03123  1.85283e+02 | 32 -0.11143  6.98541e+01 | 33 -0.00809  1.24745e+02
 34  0.01761 -1.16005e+02 | 35 -0.01029 -1.59249e+02 | 36  0.03886 -1.60938e+02
 37 -0.02863 -9.20799e+01 | 38 -0.00777 -2.53609e+01 | 39  0.03894 -1.49406e+02
 40  0.10306 -3.70846e+02 | 41  0.04449 -4.13353e+02 | 42 -0.08742 -1.02936e+02
 43 -0.07477 -8.11912e+01 | 44 -0.10797 -1.08198e+02 | 45 -0.11220 -1.76678e+02
 46 -0.16632 -1.81558e+02 | 47 -0.20210 -1.35383e+02 | 48 -0.20516 -1.08029e+02
 49 -0.17631  3.41289e+01 | 50 -0.17345  3.55482e+00 | 51 -0.09523 -1.14869e+01
 52  0.00000  0.00000e+00 | 53 -0.95247 -1.00108e+03 | 54 -0.89016 -1.71673e+02
 55 -0.88134 -2.81369e+02 | 56 -0.81161 -9.70886e+01 | 57 -0.82791  1.02568e+02
 58 -0.88068 -8.98718e+01 | 59 -0.86584  3.07633e+00 | 60 -0.87504  2.36715e+02
 61 -0.91800 -1.44712e+03 | 62 -0.89376 -2.17621e+02 | 63 -0.80254  4.95736e+01
 64 -0.78905  7.89428e+01 | 65 -0.75849 -1.18933e+02 | 66 -0.59830  1.40556e+02
 67 -0.59073  7.26659e+01 | 68 -0.58634  2.90661e+01 | 69 -0.64333  7.02703e+01
 70 -0.68502 -3.53340e+01 | 71 -0.62129  3.77921e+01 | 72 -0.58586 -7.07860e+00
 73 -0.53181  3.04269e+01 | 74 -0.52762  2.66098e+01 | 75 -0.52039  1.22933e+01
 76 -0.59320 -5.04624e+01 | 77 -0.59152 -4.24878e+01 | 78 -0.62677 -3.71243e+01
 79 -0.63522 -1.91034e+01 | 80 -0.65305  1.74576e+01 | 81 -0.58578 -5.15583e+01
 82 -0.60884 -9.57900e+01 | 83 -0.66828  1.26211e+01 | 84 -0.60084 -3.49533e+01
 85 -0.68472 -4.64054e+01 | 86 -0.62388  9.58094e+00 | 87 -0.68573  1.05757e+02
 88 -0.68755 -1.41714e+02 | 89 -0.67767 -2.06151e+01 | 90 -0.62002 -4.33371e+01
 91 -0.59412 -3.32924e+01 | 92 -0.61338 -4.87009e+01 | 93 -0.58330  6.48938e+01
 94 -0.78529 -2.80174e+02 | 95 -0.76714 -2.40198e+02 | 96 -0.79829 -8.84513e+01
 97 -0.74204 -5.80364e+01 | 98 -0.68949 -9.88191e-01 | 99 -0.71105 -1.45686e+01
100 -0.69312 -2.84236e+01 |101 -0.91402  6.54507e+02 |102 -0.79929  1.38190e+02
103 -0.77567  2.21342e+01 |104 -0.66058 -2.95670e+01 |105 -0.68626  5.08788e+01
106 -0.75233 -9.71669e-01 |107 -0.75228 -1.73054e+01 |108 -0.83024 -1.71521e+02
109 -0.86602 -2.81208e+00 |110 -0.81342  6.86078e+00 |111 -0.86708 -4.45030e+02
112 -0.90153 -4.42397e+01 |113 -0.90200  4.47101e+01 |114 -0.86527  2.82994e+02
115 -0.86045  3.78299e+01 |116 -0.78419  1.20367e+02 |117 -0.83431  4.58834e+01
118 -0.85372  1.40337e+02 |119 -0.81787 -1.34456e+02 |120 -0.81520 -1.29710e+02
121 -0.77860 -8.45785e+01 |122 -0.76559 -3.58823e+01 |123 -0.72386 -8.85469e+01
124 -0.71498 -6.87422e+01 |125 -0.71635  1.54935e+01 |126 -0.67048 -9.24909e+01
127 -0.70544 -3.46140e+01 |128 -0.70835 -5.94405e+01 |129 -0.78420  7.19938e+01
130 -0.74841 -9.82509e+01 |131 -0.68405 -3.12478e+01 |132 -0.65007 -6.65137e+01
133 -0.61051  1.20576e+00 |134 -0.59336  1.26047e+01 |135 -0.61812 -8.52851e+01
136 -0.66055 -1.16145e+02 |137 -0.72629 -2.64769e+02 |138 -0.65896 -9.86553e+01
139 -0.62065 -9.06544e+01 |140 -0.65018 -1.13485e+02 |141 -0.66469 -1.05748e+02
142 -0.78458 -1.30176e+02 |143 -0.78849 -2.41132e+02 |144 -0.86113 -2.37141e+02
145 -0.74509  3.26261e+01 |146 -0.71512 -7.65935e+01 |147 -0.68603  7.26880e+00
148 -0.66394  8.34464e+01 |149 -0.95678  5.75137e+02 |150 -0.93959 -9.07309e+02
151 -0.97170 -4.50433e+03 |152 -0.87504  1.98911e+02 |153 -0.81618  2.59074e+02
154 -0.81285  5.98430e+01 |155 -0.80793  1.57211e+02 |156 -0.81468  1.51060e+02
157 -0.75066  1.27701e+02 |158 -0.77759  9.81876e+00 |159 -0.70560  1.51547e+02
160 -0.66137 -4.58606e+01 |161 -0.52458  4.67602e+01 |162 -0.54279  1.11292e+01
163 -0.66954 -7.48786e+01 |164 -0.62412 -5.22808e+01 |165 -0.59601 -1.22774e+01
166 -0.56025  5.96649e+00 |167 -0.58221 -9.32392e+00 |168 -0.56839 -5.07681e+00
169 -0.51723 -2.95341e+01 |170 -0.48450  1.62697e+01 |171 -0.52088  8.47631e+01
172 -0.44077  8.97462e+01 |173 -0.38142  1.19085e+02 |174 -0.50176  5.45272e+01
175 -0.57116  3.21689e+01 |176 -0.46828  6.66449e+01 |177 -0.32952  8.08976e+01
178 -0.20465  1.84809e+02 |179 -0.29765  8.92935e+01 |180 -0.65208 -3.96184e+01
181 -0.65559 -1.85793e+01 |182 -0.84621 -6.03360e+02 |183 -0.67163 -1.77941e+00
184 -0.61426 -1.81900e+01 |185 -0.64751  7.92365e+01 |186 -0.58017  1.03336e+01
187  0.00780 -3.46029e+02 |188  0.00789  3.45867e+03 |189  0.03440  1.80596e+02
190  0.23071  5.89345e+01 |191  0.32961 -1.35765e+03 |192  0.17267 -1.25186e+01
193  0.23288  1.84820e+01 |194  0.47833  2.73213e+01 |195  0.57856  1.72872e+02
196  0.46986  3.88620e+00 |197  0.35850 -5.70577e+01 |198  0.27277  1.31131e+00
199  0.38362  6.57718e+02 |200  0.34278  3.09823e+01 |201  0.43896  1.72139e+02
202  0.16199  2.27979e+01 |203  0.06860  5.25207e+01 |

Initial statistics: 258 variables; iteration 0; function evaluation 0; phase 2
Function value 2.4290737e+03; maximum gradient component mag -2.0544e+04
Var    Value     Gradient |Var    Value     Gradient |Var    Value     Gradient
  1 -0.98485  1.02256e+01 |  2 -0.01356 -2.05445e+04 |  3 -0.41491  1.92706e+03
  4 -0.20040 -1.26924e+03 |  5 -0.04497 -4.25159e+02 |  6  0.00000  5.12072e+01
  7  0.00000  3.02241e+01 |  8  0.00000  3.64484e+01 |  9  0.00000  3.63942e+01
 10  0.00000  2.26083e+01 | 11  0.00000 -2.11473e+01 | 12  0.00000 -1.07777e+02
 13  0.00000 -1.11245e+02 | 14  0.00000 -2.25286e+01 | 15  0.00000 -1.27296e+02
 16  0.00000 -3.85194e+02 | 17  0.12301 -1.23297e+02 | 18 -0.10095 -7.48094e+01
 19  0.10927  2.42647e+01 | 20 -0.02435 -8.47854e+01 | 21  0.02654 -1.73298e+01
 22 -0.05952 -3.44585e+01 | 23  0.09188  2.20843e+02 | 24  0.05088  3.54457e+02
 25  0.01281  2.78215e+02 | 26  0.00778  1.89802e+02 | 27  0.01422  1.38884e+02
 28  0.00887  2.73430e+01 | 29  0.03257 -1.61184e+01 | 30 -0.01247 -3.48713e+01
 31 -0.02487  3.47840e+01 | 32 -0.07223 -2.52459e+01 | 33 -0.03117 -2.73842e+01
 34 -0.02567 -1.65525e+02 | 35 -0.03860 -9.54725e+01 | 36 -0.06015 -5.72542e+01
 37 -0.07413  1.68540e+01 | 38 -0.01283  8.48439e+01 | 39 -0.04194  1.10522e+02
 40 -0.01145  1.67136e+02 | 41 -0.53178 -1.59079e+02 | 42 -0.03123  1.85283e+02
 43 -0.11143  6.98541e+01 | 44 -0.00809  1.24745e+02 | 45  0.01761 -1.16005e+02
 46 -0.01029 -1.59249e+02 | 47  0.03886 -1.60938e+02 | 48 -0.02863 -9.20799e+01
 49 -0.00777 -2.53609e+01 | 50  0.03894 -1.49406e+02 | 51  0.10306 -3.70846e+02
 52  0.04449 -4.13353e+02 | 53 -0.08742 -1.02936e+02 | 54 -0.07477 -8.11912e+01
 55 -0.10797 -1.08198e+02 | 56 -0.11220 -1.76678e+02 | 57 -0.16632 -1.81558e+02
 58 -0.20210 -1.35383e+02 | 59 -0.20516 -1.08029e+02 | 60 -0.17631  3.41289e+01
 61 -0.17345  3.55482e+00 | 62 -0.09523 -1.14869e+01 | 63  0.00000  0.00000e+00
 64 -0.95247 -1.00108e+03 | 65 -0.89016 -1.71673e+02 | 66 -0.88134 -2.81369e+02
 67 -0.81161 -9.70886e+01 | 68 -0.82791  1.02568e+02 | 69 -0.88068 -8.98718e+01
 70 -0.86584  3.07633e+00 | 71 -0.87504  2.36715e+02 | 72 -0.91800 -1.44712e+03
 73 -0.89376 -2.17621e+02 | 74 -0.80254  4.95736e+01 | 75 -0.78905  7.89428e+01
 76 -0.75849 -1.18933e+02 | 77 -0.59830  1.40556e+02 | 78 -0.59073  7.26659e+01
 79 -0.58634  2.90661e+01 | 80 -0.64333  7.02703e+01 | 81 -0.68502 -3.53340e+01
 82 -0.62129  3.77921e+01 | 83 -0.58586 -7.07860e+00 | 84 -0.53181  3.04269e+01
 85 -0.52762  2.66098e+01 | 86 -0.52039  1.22933e+01 | 87 -0.59320 -5.04624e+01
 88 -0.59152 -4.24878e+01 | 89 -0.62677 -3.71243e+01 | 90 -0.63522 -1.91034e+01
 91 -0.65305  1.74576e+01 | 92 -0.58578 -5.15583e+01 | 93 -0.60884 -9.57900e+01
 94 -0.66828  1.26211e+01 | 95 -0.60084 -3.49533e+01 | 96 -0.68472 -4.64054e+01
 97 -0.62388  9.58094e+00 | 98 -0.68573  1.05757e+02 | 99 -0.68755 -1.41714e+02
100 -0.67767 -2.06151e+01 |101 -0.62002 -4.33371e+01 |102 -0.59412 -3.32924e+01
103 -0.61338 -4.87009e+01 |104 -0.58330  6.48938e+01 |105 -0.78529 -2.80174e+02
106 -0.76714 -2.40198e+02 |107 -0.79829 -8.84513e+01 |108 -0.74204 -5.80364e+01
109 -0.68949 -9.88191e-01 |110 -0.71105 -1.45686e+01 |111 -0.69312 -2.84236e+01
112 -0.91402  6.54507e+02 |113 -0.79929  1.38190e+02 |114 -0.77567  2.21342e+01
115 -0.66058 -2.95670e+01 |116 -0.68626  5.08788e+01 |117 -0.75233 -9.71669e-01
118 -0.75228 -1.73054e+01 |119 -0.83024 -1.71521e+02 |120 -0.86602 -2.81208e+00
121 -0.81342  6.86078e+00 |122 -0.86708 -4.45030e+02 |123 -0.90153 -4.42397e+01
124 -0.90200  4.47101e+01 |125 -0.86527  2.82994e+02 |126 -0.86045  3.78299e+01
127 -0.78419  1.20367e+02 |128 -0.83431  4.58834e+01 |129 -0.85372  1.40337e+02
130 -0.81787 -1.34456e+02 |131 -0.81520 -1.29710e+02 |132 -0.77860 -8.45785e+01
133 -0.76559 -3.58823e+01 |134 -0.72386 -8.85469e+01 |135 -0.71498 -6.87422e+01
136 -0.71635  1.54935e+01 |137 -0.67048 -9.24909e+01 |138 -0.70544 -3.46140e+01
139 -0.70835 -5.94405e+01 |140 -0.78420  7.19938e+01 |141 -0.74841 -9.82509e+01
142 -0.68405 -3.12478e+01 |143 -0.65007 -6.65137e+01 |144 -0.61051  1.20576e+00
145 -0.59336  1.26047e+01 |146 -0.61812 -8.52851e+01 |147 -0.66055 -1.16145e+02
148 -0.72629 -2.64769e+02 |149 -0.65896 -9.86553e+01 |150 -0.62065 -9.06544e+01
151 -0.65018 -1.13485e+02 |152 -0.66469 -1.05748e+02 |153 -0.78458 -1.30176e+02
154 -0.78849 -2.41132e+02 |155 -0.86113 -2.37141e+02 |156 -0.74509  3.26261e+01
157 -0.71512 -7.65935e+01 |158 -0.68603  7.26880e+00 |159 -0.66394  8.34464e+01
160 -0.95678  5.75137e+02 |161 -0.93959 -9.07309e+02 |162 -0.97170 -4.50433e+03
163 -0.87504  1.98911e+02 |164 -0.81618  2.59074e+02 |165 -0.81285  5.98430e+01
166 -0.80793  1.57211e+02 |167 -0.81468  1.51060e+02 |168 -0.75066  1.27701e+02
169 -0.77759  9.81876e+00 |170 -0.70560  1.51547e+02 |171 -0.66137 -4.58606e+01
172 -0.52458  4.67602e+01 |173 -0.54279  1.11292e+01 |174 -0.66954 -7.48786e+01
175 -0.62412 -5.22808e+01 |176 -0.59601 -1.22774e+01 |177 -0.56025  5.96649e+00
178 -0.58221 -9.32392e+00 |179 -0.56839 -5.07681e+00 |180 -0.51723 -2.95341e+01
181 -0.48450  1.62697e+01 |182 -0.52088  8.47631e+01 |183 -0.44077  8.97462e+01
184 -0.38142  1.19085e+02 |185 -0.50176  5.45272e+01 |186 -0.57116  3.21689e+01
187 -0.46828  6.66449e+01 |188 -0.32952  8.08976e+01 |189 -0.20465  1.84809e+02
190 -0.29765  8.92935e+01 |191 -0.65208 -3.96184e+01 |192 -0.65559 -1.85793e+01
193 -0.84621 -6.03360e+02 |194 -0.67163 -1.77941e+00 |195 -0.61426 -1.81900e+01
196 -0.64751  7.92365e+01 |197 -0.58017  1.03336e+01 |198  0.00780 -3.46029e+02
199  0.00789  3.45867e+03 |200  0.03440  1.80596e+02 |201  0.01786 -1.50237e-03
202  0.34008 -1.88102e+02 |203 -0.01921 -9.91126e-04 |204  0.23071  5.89345e+01
205 -0.00269 -1.94068e-04 |206  0.34418 -1.59872e+02 |207  0.32961 -1.35765e+03
208 -0.31218  9.25949e-03 |209  0.33453  3.04754e+03 |210 -0.12095  7.06441e+01
211  0.01814  3.25169e+02 |212  0.17267 -1.25186e+01 |213 -0.30661 -1.71504e-03
214  0.37443  3.10302e+01 |215  0.05394 -3.91946e+00 |216  0.23288  1.84820e+01
217 -0.33226  1.19312e-02 |218  0.31014  3.02835e+02 |219 -0.04463  1.25728e+02
220 -0.02974  2.37801e+02 |221  0.47833  2.73213e+01 |222  0.57856  1.72872e+02
223  0.46986  3.88620e+00 |224  0.23603  1.70601e-03 |225  0.00290  1.01375e-05
226  0.01024  2.18785e-04 |227  0.00469 -1.61005e-04 |228  0.41163  1.85515e+02
229  0.43091 -8.32245e+02 |230  0.42975  1.19367e+03 |231  0.43342  1.02954e+03
232  0.01350  8.73068e-05 |233  0.02034  6.54544e-05 |234  0.10218  1.15271e-03
235  0.03354 -6.65885e-04 |236  0.35850 -5.70577e+01 |237  0.27277  1.31131e+00
238  0.38362  6.57718e+02 |239  0.34278  3.09823e+01 |240  0.20628 -1.35765e-03
241 -0.00451 -6.75289e-06 |242 -0.00486 -1.00493e-05 |243  0.01314 -1.40608e-04
244  0.36022  1.77219e+02 |245  0.35201  2.67456e+01 |246  0.36638 -1.09124e+03
247  0.35967 -2.39310e+01 |248  0.43896  1.72139e+02 |249  0.34840 -5.26492e-01
250  0.36918 -4.27274e+02 |251  0.16199  2.27979e+01 |252  0.06860  5.25207e+01
253  0.03592  1.11411e-04 |254  0.05366 -2.37448e-03 |255  0.36860 -1.48339e+01
256  0.34026 -7.96106e+01 |257  0.15682  7.78155e+01 |258  0.16457 -9.68867e+00

Intermediate statistics: 258 variables; iteration 20; function evaluation 24; phase 2
Function value 2.2618291e+03; maximum gradient component mag -1.3482e+04
Var    Value     Gradient |Var    Value     Gradient |Var    Value     Gradient
  1 -0.98520  2.65843e+01 |  2 -0.01298 -1.34823e+04 |  3 -0.41900  7.35422e+03
  4 -0.19766  6.63811e+03 |  5 -0.04659  2.10851e+03 |  6 -0.02115  8.91161e+01
  7 -0.01322  5.49944e+01 |  8 -0.01577  7.14877e+01 |  9 -0.01486  8.88910e+01
 10 -0.00830  1.09595e+02 | 11  0.00764  1.34527e+02 | 12  0.03555  1.46006e+02
 13  0.02180  1.32524e+02 | 14 -0.01636  1.13287e+02 | 15  0.02389  1.15851e+02
 16  0.09925  3.03711e+02 | 17  0.08108  3.14142e+02 | 18 -0.07675  5.97303e+00
 19  0.07482  2.96178e+02 | 20 -0.01839  1.50161e+02 | 21  0.00429  2.35908e+02
 22 -0.04148  7.97740e+01 | 23  0.09237  2.53517e+02 | 24  0.03356  1.56830e+02
 25  0.00763  9.71293e+01 | 26  0.01399  1.09413e+02 | 27  0.01331  1.45018e+02
 28  0.01890  1.86492e+02 | 29  0.03754  2.55417e+02 | 30 -0.00321  1.94907e+02
 31 -0.03332  1.73568e+02 | 32 -0.06148  1.28471e+02 | 33 -0.03474  1.83267e+02
 34 -0.01284  2.32295e+02 | 35 -0.04240  2.10451e+02 | 36 -0.05739  1.68287e+02
 37 -0.07254  1.24104e+02 | 38 -0.01111  1.48729e+02 | 39 -0.04513  6.26895e+01
 40 -0.02381  6.60279e+01 | 41 -0.44687 -1.86722e+02 | 42 -0.04327  7.46100e+01
 43 -0.10601  7.70592e+01 | 44 -0.00739  1.84810e+02 | 45  0.02559  2.09540e+02
 46 -0.00733  1.62551e+02 | 47  0.03790  2.33063e+02 | 48 -0.02533  1.01316e+02
 49 -0.01343  4.58828e+01 | 50  0.04616  2.38509e+01 | 51  0.09742  1.21141e+00
 52  0.04245  1.28401e+01 | 53 -0.10236  1.21462e+01 | 54 -0.08443  5.26542e+01
 55 -0.09952  9.42951e+01 | 56 -0.09950  1.05467e+02 | 57 -0.14816  2.32741e+01
 58 -0.17029  1.72806e+01 | 59 -0.16570 -1.04496e+01 | 60 -0.16117 -4.84664e+01
 61 -0.16137 -3.29516e+01 | 62 -0.08515 -2.06554e+01 | 63  0.00000  0.00000e+00
 64 -0.94902  7.98791e+02 | 65 -0.88660  3.18641e+02 | 66 -0.87822  2.44884e+02
 67 -0.82277  1.48826e+02 | 68 -0.84442  1.03696e+02 | 69 -0.88537  4.23591e+01
 70 -0.86546  1.09281e+02 | 71 -0.87259  1.64269e+02 | 72 -0.90405  3.52577e+02
 73 -0.88696  1.16392e+01 | 74 -0.79627  3.15650e+01 | 75 -0.78372  4.02228e+01
 76 -0.74503  2.57796e+01 | 77 -0.61484 -2.46328e+01 | 78 -0.59767 -1.11932e+00
 79 -0.58772  4.33040e+00 | 80 -0.65111 -6.28557e+00 | 81 -0.68363  1.26741e+01
 82 -0.63059 -1.27225e+01 | 83 -0.58854  3.29934e+00 | 84 -0.54271 -1.34105e+01
 85 -0.53575 -9.43726e+00 | 86 -0.52484 -6.30527e+00 | 87 -0.58666  1.46848e+01
 88 -0.58576  7.98842e+00 | 89 -0.62189  1.15983e+01 | 90 -0.63258  8.73305e+00
 91 -0.65396 -2.39132e-01 | 92 -0.59744 -3.38060e+01 | 93 -0.60602 -1.34452e+01
 94 -0.66234 -8.75953e+00 | 95 -0.58461  1.58496e+01 | 96 -0.67540  2.99022e+01
 97 -0.62478  3.02552e+01 | 98 -0.69827  1.60418e+01 | 99 -0.67655  6.48938e+01
100 -0.67598  4.63062e+01 |101 -0.61132  4.49322e+01 |102 -0.58532  3.50630e+01
103 -0.60473  3.50787e+01 |104 -0.57000 -3.30396e+01 |105 -0.76577 -4.10306e+01
106 -0.74286 -4.20566e-01 |107 -0.78400  1.64077e+01 |108 -0.72706  4.58201e+01
109 -0.68303  4.25553e+01 |110 -0.71412  3.63212e+01 |111 -0.70440  4.68170e+01
112 -0.91427  2.90557e+02 |113 -0.79986  1.28807e+02 |114 -0.77359  1.28772e+02
115 -0.66927  7.07387e+01 |116 -0.71869  2.76376e+01 |117 -0.76569  3.42797e+01
118 -0.75299  5.10206e+01 |119 -0.81874  1.42765e+02 |120 -0.85855  1.06556e+02
121 -0.80221  4.70482e+01 |122 -0.85148  2.08643e+02 |123 -0.89721  1.11973e+01
124 -0.89905 -5.56054e+01 |125 -0.86078  1.70393e+02 |126 -0.85339  1.65622e+02
127 -0.78072  5.92695e+01 |128 -0.83051  9.20936e+01 |129 -0.85285  1.29579e+02
130 -0.81114  1.13129e+02 |131 -0.80943  9.76288e+01 |132 -0.77398  4.01359e+01
133 -0.76105  5.65040e+01 |134 -0.71468  3.30794e+01 |135 -0.70625  2.95650e+01
136 -0.71104  4.29495e+01 |137 -0.65368  2.74325e+01 |138 -0.69487  2.85125e+01
139 -0.69570  1.93586e+01 |140 -0.78107  2.46831e+01 |141 -0.73669 -2.18340e+01
142 -0.67591 -8.44577e+00 |143 -0.63572  7.02476e+00 |144 -0.61020 -1.29853e+00
145 -0.60237  4.51406e+00 |146 -0.61405  4.01649e+01 |147 -0.65444  4.97224e+01
148 -0.71283  5.45801e+01 |149 -0.65012  5.02995e+01 |150 -0.61263  3.24444e+01
151 -0.64430  2.07426e+01 |152 -0.63671  2.70116e-01 |153 -0.77073  8.24401e-01
154 -0.76952 -4.42829e+00 |155 -0.85138 -2.61991e+01 |156 -0.73496  6.61253e+01
157 -0.70620  2.82915e+01 |158 -0.69330  1.43112e+01 |159 -0.69110  2.76840e+00
160 -0.95071  2.46769e+03 |161 -0.93549 -5.56303e+02 |162 -0.96593  1.64991e+03
163 -0.86872  2.55820e+02 |164 -0.81813 -6.48564e+01 |165 -0.80977 -4.68514e+00
166 -0.80905  1.76094e+01 |167 -0.81664  4.32455e+01 |168 -0.75387  6.63692e+01
169 -0.77685  4.66268e+01 |170 -0.71047  7.05578e+01 |171 -0.64695  7.49018e+01
172 -0.52511  2.87306e+00 |173 -0.53704  6.23286e+00 |174 -0.65360  5.65929e+01
175 -0.60594  4.54029e+01 |176 -0.58245  3.04922e+01 |177 -0.54988  1.48533e+01
178 -0.56494  2.29494e+01 |179 -0.55078  4.49275e+00 |180 -0.48770 -2.68405e+00
181 -0.46418 -1.74485e+01 |182 -0.51762 -4.77355e+00 |183 -0.44980  3.02867e+00
184 -0.40698 -2.91252e-01 |185 -0.50063  7.13329e+00 |186 -0.56319  2.66286e+01
187 -0.47242 -4.75622e+00 |188 -0.34123 -3.16598e-01 |189 -0.25671  3.14869e+01
190 -0.31717 -2.73102e+01 |191 -0.64083 -3.08095e+00 |192 -0.64353 -3.80164e+00
193 -0.82811  1.12893e+02 |194 -0.66570  2.30344e+01 |195 -0.61390  2.31396e+01
196 -0.66948 -2.40139e+00 |197 -0.60820  4.72757e+01 |198  0.00911  4.92756e+01
199  0.00495 -6.00060e+02 |200  0.02870 -1.35612e+02 |201  0.01786  8.90290e-04
202  0.33867  1.18271e+02 |203 -0.01921  3.15483e-04 |204  0.23704 -9.59104e+01
205 -0.00269 -2.40624e-05 |206  0.34851  1.56833e+02 |207  0.32775 -8.35459e+02
208 -0.31218  6.14957e-03 |209  0.33178  1.72875e+03 |210 -0.12327  4.94284e+01
211  0.01099  2.70344e+02 |212  0.17656  8.93300e+00 |213 -0.30661 -1.46638e-03
214  0.36680 -1.55596e+01 |215  0.05352 -2.64307e+00 |216  0.23216  3.91348e+02
217 -0.33226  3.18597e-03 |218  0.30794 -5.28012e+02 |219 -0.05325  2.87181e+01
220 -0.03143  2.36739e+01 |221  0.45295  4.18473e+01 |222  0.57240  2.51096e+01
223  0.40237  6.20638e+01 |224  0.23603  5.59811e-05 |225  0.00290  1.03691e-05
226  0.01024  4.42249e-04 |227  0.00469 -1.52583e-05 |228  0.40553 -5.27005e+01
229  0.44199  2.51236e+01 |230  0.40928 -4.57334e+02 |231  0.42007 -1.20373e+02
232  0.01350 -7.58674e-06 |233  0.02034  6.69474e-05 |234  0.10218  2.33592e-03
235  0.03354  1.71904e-04 |236  0.37207 -3.88347e+02 |237  0.26877  3.98718e+00
238  0.34471 -2.88333e+02 |239  0.36670 -9.14512e+01 |240  0.20628  6.01361e-04
241 -0.00451 -2.13190e-06 |242 -0.00486  3.39680e-05 |243  0.01314 -6.26629e-05
244  0.36414  8.11886e+02 |245  0.34946  2.38495e+00 |246  0.35607  5.76920e+02
247  0.36254  5.86116e+01 |248  0.42881  4.32951e+01 |249  0.34865 -6.17700e-01
250  0.36527 -1.05762e+02 |251  0.15761 -9.41582e+00 |252  0.07322 -1.68447e+01
253  0.03592  1.68967e-04 |254  0.05366 -1.68259e-03 |255  0.37320 -3.75870e+00
256  0.34154 -1.13946e+01 |257  0.12741 -1.79072e+01 |258  0.15074 -1.20581e+01
258 variables; iteration 40; function evaluation 46; phase 2
Function value 2.1950698e+03; maximum gradient component mag -1.3312e+04
Var    Value     Gradient |Var    Value     Gradient |Var    Value     Gradient
  1 -0.98787  2.40828e+01 |  2 -0.01296 -1.33122e+04 |  3 -0.42096  7.66309e+03
  4 -0.21302  8.59705e+03 |  5 -0.01485  8.80741e+02 |  6 -0.05947  1.22492e+00
  7 -0.04455  2.12437e-01 |  8 -0.04149  2.58625e+00 |  9 -0.02308  9.02057e+00
 10  0.00598  2.00370e+01 | 11  0.03932  3.75096e+01 | 12  0.07710  7.04601e+01
 13  0.04278  1.21034e+02 | 14 -0.01846  9.50960e+01 | 15  0.04014  8.79974e+01
 16  0.12064  6.77373e+01 | 17  0.12601  3.05209e+02 | 18  0.00947  1.10931e+02
 19  0.11141  3.83999e+02 | 20 -0.00094  1.41516e+02 | 21  0.01007  2.14213e+02
 22 -0.01975  1.28799e+02 | 23  0.10155  3.60517e+02 | 24  0.05100  2.86863e+02
 25  0.02327  2.33030e+02 | 26  0.02923  2.67813e+02 | 27  0.03293  3.10168e+02
 28  0.03472  2.81393e+02 | 29  0.05040  2.69906e+02 | 30  0.01052  1.83614e+02
 31 -0.02086  1.52184e+02 | 32 -0.04913  8.41520e+01 | 33 -0.02754  5.23372e+01
 34 -0.00676  2.72972e+01 | 35 -0.03651  9.86717e+01 | 36 -0.05035  1.71958e+02
 37 -0.06116  2.27088e+02 | 38 -0.00309  4.34726e+02 | 39 -0.02564  3.76943e+02
 40 -0.03819  5.57148e+02 | 41 -0.11748  1.57595e+02 | 42 -0.05125  3.71804e+02
 43 -0.08232  1.09288e+02 | 44  0.00912  2.14292e+02 | 45  0.04805  2.39435e+02
 46  0.01011  1.40312e+02 | 47  0.05641  1.45943e+02 | 48 -0.01355  6.33984e+01
 49  0.00980  9.74626e+01 | 50  0.06613  1.70800e+02 | 51  0.11657  3.09742e+02
 52  0.05902  1.92128e+02 | 53 -0.07839  5.41202e+01 | 54 -0.05218  1.17954e+02
 55 -0.07038  1.06416e+02 | 56 -0.06413  1.09712e+02 | 57 -0.10217  6.15139e+01
 58 -0.11974  3.99494e+01 | 59 -0.10443  4.49035e+01 | 60 -0.07349  4.22516e+01
 61 -0.08302  1.31345e+01 | 62 -0.02327 -3.43584e+00 | 63  0.00000  0.00000e+00
 64 -0.96200 -3.86274e+02 | 65 -0.91471  1.37691e+02 | 66 -0.90830  1.15800e+02
 67 -0.85947  1.73761e+02 | 68 -0.87050  6.62743e+01 | 69 -0.90275 -1.67202e+01
 70 -0.88567  6.98767e+01 | 71 -0.88854  2.66883e+02 | 72 -0.91664 -7.31799e+00
 73 -0.89798 -1.36340e+02 | 74 -0.80825  7.38687e+01 | 75 -0.79204  5.70453e+01
 76 -0.74963  6.04963e+01 | 77 -0.62164 -2.47106e+01 | 78 -0.60499 -3.42378e+01
 79 -0.59471 -3.20030e+01 | 80 -0.65462 -1.43786e+01 | 81 -0.68599  1.32470e+01
 82 -0.63062  5.00168e+00 | 83 -0.59034 -4.11967e+00 | 84 -0.53962 -4.31476e-01
 85 -0.52937  5.87803e+00 | 86 -0.51512 -4.37392e-01 | 87 -0.57672 -6.76724e+00
 88 -0.57070 -6.46611e+00 | 89 -0.60455  3.84987e+00 | 90 -0.61305  1.65824e+01
 91 -0.63344  2.19038e+01 | 92 -0.55701  3.12812e+01 | 93 -0.57277  4.03190e+01
 94 -0.65817  6.65955e+01 | 95 -0.59330  9.98003e+00 | 96 -0.68567  4.05488e+01
 97 -0.64727 -1.01545e+01 | 98 -0.71652 -1.95186e+01 | 99 -0.69731  2.46617e+01
100 -0.69612 -6.41139e+00 |101 -0.63850 -2.57560e+01 |102 -0.61468 -1.83436e+01
103 -0.63273 -1.49625e+01 |104 -0.55756  2.38350e+01 |105 -0.76440  9.56763e+00
106 -0.74400  3.79567e+01 |107 -0.78926  7.98409e+00 |108 -0.73842  3.78272e+01
109 -0.70661  3.00432e+00 |110 -0.74258  9.83581e+00 |111 -0.74473  1.74322e+01
112 -0.93536 -1.26248e+02 |113 -0.85037  1.03207e+02 |114 -0.83325  4.50561e+01
115 -0.75412  2.45730e+00 |116 -0.77322  8.05997e+01 |117 -0.80392  8.34966e+01
118 -0.79261  6.36132e+01 |119 -0.84771  8.29528e+01 |120 -0.87692  1.04662e+02
121 -0.82164  1.02121e+02 |122 -0.86782 -5.72606e+01 |123 -0.90543 -2.15336e+02
124 -0.90247  1.05516e+02 |125 -0.86007  2.06860e+02 |126 -0.85140  2.01915e+02
127 -0.77407  1.39542e+02 |128 -0.82383  2.48716e+02 |129 -0.84718  2.72053e+02
130 -0.80694  9.89541e+01 |131 -0.80476  8.85507e+01 |132 -0.76678  5.70140e+01
133 -0.75252  4.60514e+01 |134 -0.69913  3.35598e+01 |135 -0.68653  1.64495e+01
136 -0.69155 -4.09968e+00 |137 -0.62234  3.99883e+01 |138 -0.66443  6.07397e+01
139 -0.66244  7.69309e+01 |140 -0.75695  1.69800e+02 |141 -0.71436  1.06543e+02
142 -0.65146  9.72604e+01 |143 -0.61307  5.98113e+01 |144 -0.58700  4.19136e+01
145 -0.58657  2.95104e+01 |146 -0.61090  1.14532e+01 |147 -0.65412  1.22493e+01
148 -0.71154  3.14227e+01 |149 -0.65178  4.70973e+00 |150 -0.61002  1.99034e+01
151 -0.63809  3.73551e+01 |152 -0.59347  5.50160e+01 |153 -0.74824  1.16062e+02
154 -0.75405  8.40672e+01 |155 -0.84211  1.63871e+02 |156 -0.72456  1.05112e+02
157 -0.70327  4.85413e+01 |158 -0.70246  2.20873e+01 |159 -0.71373 -2.12265e+00
160 -0.95302  2.94305e+03 |161 -0.93628 -2.41134e+02 |162 -0.96594  1.89219e+03
163 -0.87042  1.07326e+02 |164 -0.81071  1.69898e+02 |165 -0.80379  1.46398e+02
166 -0.80307  1.64415e+02 |167 -0.81099  1.72042e+02 |168 -0.74951  7.98894e+01
169 -0.77355  3.45522e+01 |170 -0.70349  8.47625e+01 |171 -0.63989  4.25865e+01
172 -0.50006  2.37797e+01 |173 -0.50837  1.65253e+01 |174 -0.63441  2.12793e+01
175 -0.58149  1.86694e+01 |176 -0.55005  3.24906e+01 |177 -0.51204  2.52565e+01
178 -0.52514  3.34199e+01 |179 -0.51146  4.89592e+01 |180 -0.45810  5.76283e+01
181 -0.42525  6.79272e+01 |182 -0.49115  5.24478e+01 |183 -0.43798  1.94554e+01
184 -0.41037 -8.10269e+00 |185 -0.49801  2.97349e+01 |186 -0.56404  3.01700e+01
187 -0.46517  2.94847e+01 |188 -0.33530  9.42393e+00 |189 -0.29825 -7.86483e+01
190 -0.31578 -2.43576e+00 |191 -0.64792  2.40915e+01 |192 -0.65238  2.47243e+01
193 -0.83722  4.27789e+01 |194 -0.68877 -6.85040e+00 |195 -0.64942  6.27413e+00
196 -0.70812 -2.14731e+01 |197 -0.67348 -3.19867e+01 |198  0.00896  2.88109e+02
199  0.00471 -6.07476e+02 |200  0.00267 -8.07180e+01 |201  0.01787 -9.16820e-04
202  0.33192  7.83167e+01 |203 -0.01921 -5.32041e-04 |204  0.18626 -1.05594e+02
205 -0.00269 -1.16009e-04 |206  0.33504  2.40587e+02 |207  0.33438 -8.59568e+02
208 -0.31217  1.60673e-02 |209  0.33299  1.87442e+03 |210 -0.12068  1.03802e+02
211  0.00502  4.41761e+02 |212  0.17589 -2.52482e+00 |213 -0.30660 -1.81662e-03
214  0.36828  5.11767e+00 |215  0.05605  4.16227e+00 |216  0.23300 -1.12389e+02
217 -0.33226 -1.50747e-03 |218  0.30922  1.74998e+02 |219 -0.08389 -1.23499e+01
220 -0.01723 -6.85418e+00 |221  0.43042 -1.19119e+02 |222  0.50822 -1.99776e+01
223  0.34880 -1.32362e+02 |224  0.23603 -6.74118e-05 |225  0.00290  1.43571e-05
226  0.01023  2.54253e-04 |227  0.00469 -5.15265e-05 |228  0.40126  3.71977e+02
229  0.42139 -1.85306e+01 |230  0.40038  1.84798e+02 |231  0.41446 -3.17190e+02
232  0.01350 -1.86523e-05 |233  0.02034  8.19365e-05 |234  0.10217  1.63284e-03
235  0.03354 -9.33573e-05 |236  0.39962 -4.01862e+02 |237  0.28108 -1.32040e+02
238  0.36806 -2.33663e+02 |239  0.48189 -1.38621e+02 |240  0.20629  2.17519e-03
241 -0.00451  1.51019e-05 |242 -0.00486  4.12840e-05 |243  0.01314  3.43848e-05
244  0.37080  9.56084e+02 |245  0.34846  1.85305e+02 |246  0.36193  5.84737e+02
247  0.38883  4.45675e+02 |248  0.40319 -3.92052e+01 |249  0.35104 -8.62899e-01
250  0.35650  3.36988e+01 |251  0.17595 -3.11952e+01 |252  0.11974 -2.79071e+01
253  0.03592  9.96025e-05 |254  0.05367  6.12809e-04 |255  0.38872  3.88594e+01
256  0.36288  3.19195e+01 |257  0.11164 -5.79525e+00 |258  0.13182  2.59797e+01
258 variables; iteration 60; function evaluation 66; phase 2
Function value 2.1911858e+03; maximum gradient component mag -1.3214e+04
Var    Value     Gradient |Var    Value     Gradient |Var    Value     Gradient
  1 -0.98798  2.33421e+01 |  2 -0.01295 -1.32142e+04 |  3 -0.42110  7.55941e+03
  4 -0.22449  8.54012e+03 |  5 -0.00586  6.29769e+02 |  6 -0.08110 -1.03866e+01
  7 -0.05598 -6.87693e+00 |  8 -0.05256 -5.87064e+00 |  9 -0.02833  1.42476e+00
 10  0.00956  1.54541e+01 | 11  0.05144  3.92069e+01 | 12  0.10216  8.18670e+01
 13  0.04320  9.11584e+01 | 14 -0.02643  5.42577e+01 | 15  0.05126  5.73011e+01
 16  0.14317  4.76154e+00 | 17  0.14776  2.50008e+02 | 18  0.03357  1.05563e+02
 19  0.12914  3.57567e+02 | 20  0.01586  1.47537e+02 | 21  0.02578  2.31957e+02
 22 -0.00964  1.35510e+02 | 23  0.11414  3.72205e+02 | 24  0.06032  2.86725e+02
 25  0.03576  2.45260e+02 | 26  0.04151  2.81333e+02 | 27  0.04284  3.06091e+02
 28  0.04623  2.80200e+02 | 29  0.06064  2.64715e+02 | 30  0.02064  1.81672e+02
 31 -0.01077  1.53154e+02 | 32 -0.03844  9.58720e+01 | 33 -0.01631  8.88593e+01
 34  0.00546  9.50919e+01 | 35 -0.02472  1.47385e+02 | 36 -0.03963  1.98686e+02
 37 -0.05047  2.46470e+02 | 38  0.00806  4.76863e+02 | 39 -0.01441  4.17790e+02
 40 -0.02884  5.79254e+02 | 41 -0.10600  1.80888e+02 | 42 -0.04174  3.90186e+02
 43 -0.07356  1.08981e+02 | 44  0.01939  2.11147e+02 | 45  0.05587  1.74950e+02
 46  0.01947  1.08213e+02 | 47  0.06671  1.25715e+02 | 48 -0.00259  6.61532e+01
 49  0.02147  1.00341e+02 | 50  0.07759  1.72022e+02 | 51  0.13041  3.39865e+02
 52  0.07225  2.30090e+02 | 53 -0.06357  7.24457e+01 | 54 -0.04018  1.29569e+02
 55 -0.05790  1.17699e+02 | 56 -0.05288  1.32610e+02 | 57 -0.09082  7.34260e+01
 58 -0.11112  3.84371e+01 | 59 -0.09424  4.35190e+01 | 60 -0.06618  3.92920e+01
 61 -0.07062  1.76584e+01 | 62  0.00612  6.88582e+00 | 63  0.00000  0.00000e+00
 64 -0.96372  1.33034e+02 | 65 -0.91922  2.50970e+02 | 66 -0.91409  4.40610e+01
 67 -0.86901  9.45034e+01 | 68 -0.87805  5.09719e+01 | 69 -0.90899 -1.79712e+02
 70 -0.89229 -9.92153e+00 | 71 -0.89472  1.63050e+02 | 72 -0.92039 -6.27230e+01
 73 -0.90112 -5.55761e+01 | 74 -0.81485  5.02765e+01 | 75 -0.79689  5.59726e+01
 76 -0.75433  5.07781e+01 | 77 -0.62610 -2.54240e+01 | 78 -0.60710 -2.58764e+01
 79 -0.59555 -2.18430e+01 | 80 -0.65464 -3.55640e+00 | 81 -0.68549  2.25179e+01
 82 -0.62970  8.05313e+00 | 83 -0.58874 -1.43718e+00 | 84 -0.53727  1.61590e+00
 85 -0.52657  6.83561e+00 | 86 -0.51160  2.57928e+00 | 87 -0.57393 -1.98581e+00
 88 -0.56799 -1.15103e+00 | 89 -0.60236  7.26931e+00 | 90 -0.61099  1.74536e+01
 91 -0.63111  2.45750e+01 | 92 -0.56036  3.88291e+01 | 93 -0.57563  4.61021e+01
 94 -0.65362  6.74386e+01 | 95 -0.58443  2.38455e+01 | 96 -0.67890  4.74278e+01
 97 -0.63938 -4.30595e+00 | 98 -0.71090 -2.27891e+01 | 99 -0.69215  1.80618e+01
100 -0.69148 -6.20965e+00 |101 -0.63357 -2.17049e+01 |102 -0.61100 -1.90916e+01
103 -0.63043 -1.20254e+01 |104 -0.56330  1.69333e+01 |105 -0.76706  2.06244e+01
106 -0.74745  4.05409e+01 |107 -0.79088  3.77015e+01 |108 -0.74095  3.85030e+01
109 -0.70816  1.15368e+01 |110 -0.74345  1.54792e+01 |111 -0.74478  2.24770e+01
112 -0.93954 -1.49231e+02 |113 -0.86164  2.86865e+01 |114 -0.84490 -4.26667e-01
115 -0.77073  7.18452e+00 |116 -0.78944  6.54202e+01 |117 -0.81729  5.02230e+01
118 -0.80588  3.50169e+01 |119 -0.85688  2.84553e+01 |120 -0.88252  1.33205e+02
121 -0.83075  4.14555e+01 |122 -0.87330 -9.59702e+01 |123 -0.90834 -2.03808e+02
124 -0.90531  3.78266e+01 |125 -0.86347  1.48809e+02 |126 -0.85379  1.89349e+02
127 -0.77642  1.47769e+02 |128 -0.82532  2.54580e+02 |129 -0.84896  2.30562e+02
130 -0.80844  7.64514e+01 |131 -0.80571  7.32705e+01 |132 -0.76737  4.97066e+01
133 -0.75267  4.62397e+01 |134 -0.69937  3.54900e+01 |135 -0.68656  2.53806e+01
136 -0.69132  1.02222e+01 |137 -0.62306  4.11760e+01 |138 -0.66523  6.01738e+01
139 -0.66325  7.55747e+01 |140 -0.75465  1.73992e+02 |141 -0.71184  1.05237e+02
142 -0.64852  9.58933e+01 |143 -0.60641  7.44061e+01 |144 -0.57970  5.02031e+01
145 -0.57986  2.98168e+01 |146 -0.60419  1.26327e+01 |147 -0.64887  1.08619e+01
148 -0.70828  2.55189e+01 |149 -0.64815  7.52101e+00 |150 -0.60795  1.62216e+01
151 -0.63780  3.39205e+01 |152 -0.60621  3.77636e+01 |153 -0.75588  1.00466e+02
154 -0.76077  7.48049e+01 |155 -0.84634  1.39969e+02 |156 -0.73193  8.49838e+01
157 -0.71013  3.71097e+01 |158 -0.70790  1.65664e+01 |159 -0.71741 -1.90863e+00
160 -0.95423  3.06412e+03 |161 -0.93721 -1.58222e+02 |162 -0.96621  2.02746e+03
163 -0.87099  1.28469e+02 |164 -0.81133  1.76044e+02 |165 -0.80429  1.43681e+02
166 -0.80312  1.60822e+02 |167 -0.81069  1.66737e+02 |168 -0.74835  8.21965e+01
169 -0.77141  5.61461e+01 |170 -0.70207  7.51350e+01 |171 -0.63671  4.55087e+01
172 -0.49591  2.41496e+01 |173 -0.50448  2.03258e+01 |174 -0.63184  2.93123e+01
175 -0.57833  2.45570e+01 |176 -0.54716  3.24019e+01 |177 -0.50781  2.95391e+01
178 -0.52417  1.98621e+01 |179 -0.50927  3.72878e+01 |180 -0.44963  6.42910e+01
181 -0.41817  6.24111e+01 |182 -0.48445  4.72996e+01 |183 -0.42881  2.07192e+01
184 -0.39928 -2.85687e+00 |185 -0.49093  2.72109e+01 |186 -0.56024  2.00997e+01
187 -0.45976  3.00965e+01 |188 -0.33010  1.17304e+01 |189 -0.29000 -6.11118e+01
190 -0.32287 -3.40983e+00 |191 -0.65209  2.63549e+01 |192 -0.65690  2.70529e+01
193 -0.83973  1.80186e+01 |194 -0.69099  2.73239e+00 |195 -0.65130  1.14077e+01
196 -0.70862 -1.06615e+01 |197 -0.67217 -1.30959e+01 |198  0.01002  3.63372e+02
199  0.00466 -5.69876e+02 |200 -0.00412 -3.49819e+01 |201  0.01787 -1.15700e-03
202  0.32848  1.04299e+01 |203 -0.01920 -8.30570e-04 |204  0.16757 -1.27945e+02
205 -0.00269 -1.72450e-04 |206  0.32839  2.68812e+02 |207  0.33607 -8.41316e+02
208 -0.31217  1.70790e-02 |209  0.33318  1.81354e+03 |210 -0.12708  1.03894e+02
211  0.00128  4.52551e+02 |212  0.17608 -1.20111e+00 |213 -0.30659 -1.66592e-03
214  0.36805  3.16186e+00 |215  0.05566  3.22861e+00 |216  0.23462 -9.58315e+01
217 -0.33226 -1.11107e-03 |218  0.31023  2.20908e+02 |219 -0.08610 -9.03597e+00
220 -0.01715  7.37729e+00 |221  0.43564 -9.42472e+01 |222  0.49970 -3.82700e+01
223  0.35810 -9.85798e+01 |224  0.23603  5.74570e-04 |225  0.00290  1.46299e-05
226  0.01023  2.74184e-04 |227  0.00469 -3.20124e-05 |228  0.40227  3.13334e+02
229  0.42105  5.51254e+01 |230  0.40157  7.91394e+01 |231  0.41512 -2.59348e+02
232  0.01350  2.04574e-05 |233  0.02034  8.26494e-05 |234  0.10216  1.67155e-03
235  0.03354  3.20056e-05 |236  0.39562 -4.03688e+02 |237  0.29037 -1.13750e+02
238  0.37142 -2.41675e+02 |239  0.45953 -8.42757e+01 |240  0.20629  2.17220e-03
241 -0.00451  1.73193e-05 |242 -0.00486  4.03705e-05 |243  0.01314  2.39720e-05
244  0.36994  9.60246e+02 |245  0.35137  1.67738e+02 |246  0.36244  6.05088e+02
247  0.38365  2.12007e+02 |248  0.40448 -5.54035e+01 |249  0.35442 -7.82845e-01
250  0.35753  8.83401e+01 |251  0.18597 -2.85772e+01 |252  0.13863 -1.92349e+01
253  0.03592  2.57776e-04 |254  0.05367  1.16682e-03 |255  0.39224  4.82691e+01
256  0.37245  3.62851e+01 |257  0.11309  1.01645e+01 |258  0.12699  2.22751e+01
258 variables; iteration 80; function evaluation 86; phase 2
Function value 2.1852750e+03; maximum gradient component mag -1.2073e+04
Var    Value     Gradient |Var    Value     Gradient |Var    Value     Gradient
  1 -0.98886  1.87139e+01 |  2 -0.01281 -1.20726e+04 |  3 -0.42114  6.40395e+03
  4 -0.21915  7.46296e+03 |  5 -0.00425  3.93749e+02 |  6 -0.08251 -1.23225e+01
  7 -0.05445 -7.41757e+00 |  8 -0.05473 -9.09329e+00 |  9 -0.03513 -5.88906e+00
 10 -0.00282  2.41019e+00 | 11  0.03826  2.14990e+01 | 12  0.11024  6.95336e+01
 13  0.03158  6.04235e+01 | 14 -0.03577  2.95709e+01 | 15  0.05166  3.61954e+01
 16  0.14595 -3.80242e+01 | 17  0.14574  1.81283e+02 | 18  0.03517  7.26293e+01
 19  0.12805  2.69855e+02 | 20  0.01683  1.11405e+02 | 21  0.02626  1.93353e+02
 22 -0.00404  1.13614e+02 | 23  0.11867  3.10890e+02 | 24  0.05954  2.37808e+02
 25  0.03693  2.05428e+02 | 26  0.03957  2.27970e+02 | 27  0.04530  2.76018e+02
 28  0.04367  2.37063e+02 | 29  0.06098  2.46014e+02 | 30  0.01946  1.67938e+02
 31 -0.01512  1.31638e+02 | 32 -0.03781  9.64341e+01 | 33 -0.01984  8.22304e+01
 34  0.00275  9.60775e+01 | 35 -0.02816  1.41462e+02 | 36 -0.04353  1.86503e+02
 37 -0.05505  2.32310e+02 | 38  0.00294  4.61193e+02 | 39 -0.01911  4.27654e+02
 40 -0.03454  5.70452e+02 | 41 -0.11176  1.69400e+02 | 42 -0.04658  3.80798e+02
 43 -0.07800  1.09627e+02 | 44  0.01400  1.89962e+02 | 45  0.05069  1.60526e+02
 46  0.01540  1.01845e+02 | 47  0.06173  1.03017e+02 | 48 -0.00533  5.41807e+01
 49  0.01795  8.27004e+01 | 50  0.07672  1.54710e+02 | 51  0.13097  2.99965e+02
 52  0.07146  1.72599e+02 | 53 -0.06220  5.61394e+01 | 54 -0.03864  9.76827e+01
 55 -0.05761  8.95391e+01 | 56 -0.05205  1.08652e+02 | 57 -0.09177  6.23334e+01
 58 -0.10930  4.26279e+01 | 59 -0.09701  3.38267e+01 | 60 -0.07150  2.42188e+01
 61 -0.07055  2.02797e+01 | 62  0.01903  1.20078e+01 | 63  0.00000  0.00000e+00
 64 -0.96432  2.25823e+02 | 65 -0.92080  2.15943e+02 | 66 -0.91587  4.65320e+00
 67 -0.87227  7.78487e+01 | 68 -0.88130  2.85610e+01 | 69 -0.91140 -2.30468e+02
 70 -0.89524 -5.70452e+01 | 71 -0.89766  1.01007e+02 | 72 -0.92232 -9.01782e+01
 73 -0.90378 -9.20075e+01 | 74 -0.82028  5.36774e+01 | 75 -0.80415  3.16277e+01
 76 -0.76286  4.29657e+01 | 77 -0.64290 -2.71097e+01 | 78 -0.62605 -3.29375e+01
 79 -0.61574 -2.94000e+01 | 80 -0.67134 -1.13685e+01 | 81 -0.70043  6.17520e+00
 82 -0.64574  2.00176e+00 | 83 -0.60745 -1.80665e+01 | 84 -0.55661 -3.66652e+00
 85 -0.54652  1.44902e+00 | 86 -0.53120  2.46131e+00 | 87 -0.59086 -4.43710e+00
 88 -0.58343 -1.89217e+00 | 89 -0.61495  6.88115e+00 | 90 -0.62161  1.86585e+01
 91 -0.63944  2.62150e+01 | 92 -0.56688  3.99313e+01 | 93 -0.57849  5.70837e+01
 94 -0.65415  7.09296e+01 | 95 -0.58369  3.68215e+01 | 96 -0.68001  4.23006e+01
 97 -0.64000 -3.63793e+00 | 98 -0.71164 -2.60486e+01 | 99 -0.69311  1.59038e+01
100 -0.69321 -1.10176e+01 |101 -0.63682 -2.29450e+01 |102 -0.61699 -1.79136e+01
103 -0.63885 -8.05906e+00 |104 -0.58063  4.90450e+00 |105 -0.77596  2.12896e+01
106 -0.75820  2.42499e+01 |107 -0.79825  5.31426e+01 |108 -0.75118  1.62294e+01
109 -0.71936 -5.57923e+00 |110 -0.75248  9.91493e+00 |111 -0.75317  1.94136e+01
112 -0.94072 -1.97476e+02 |113 -0.86389  4.95767e+01 |114 -0.84790 -1.69232e+01
115 -0.77710 -2.95166e+01 |116 -0.79507  5.39699e+01 |117 -0.82226  2.80166e+01
118 -0.81067  3.40310e+01 |119 -0.86050  8.64825e+00 |120 -0.88549  1.05487e+02
121 -0.83431  6.89335e+01 |122 -0.87685 -1.08651e+02 |123 -0.91137 -2.56710e+02
124 -0.90870 -3.16623e+01 |125 -0.86916  1.37791e+02 |126 -0.86046  1.56383e+02
127 -0.78803  1.02325e+02 |128 -0.83382  2.22338e+02 |129 -0.85533  2.30061e+02
130 -0.81647  5.87040e+01 |131 -0.81361  5.51889e+01 |132 -0.77722  2.33157e+01
133 -0.76339  2.30070e+01 |134 -0.71161  3.02617e+01 |135 -0.69775  3.59461e+01
136 -0.70164  1.42329e+01 |137 -0.63475  4.04890e+01 |138 -0.67400  6.22209e+01
139 -0.67103  7.18057e+01 |140 -0.75672  1.54381e+02 |141 -0.71212  1.08040e+02
142 -0.64712  1.02192e+02 |143 -0.60482  7.86927e+01 |144 -0.57689  5.70592e+01
145 -0.57803  2.66586e+01 |146 -0.60124  1.95130e+01 |147 -0.64693  1.52516e+01
148 -0.70626  4.62015e+01 |149 -0.64890  5.83879e+00 |150 -0.61050  2.02933e+01
151 -0.64353  3.51808e+01 |152 -0.62310  3.60010e+01 |153 -0.76782  8.01456e+01
154 -0.77216  6.11211e+01 |155 -0.85403  8.00941e+01 |156 -0.74380  7.39943e+01
157 -0.72263  2.85369e+01 |158 -0.72035  5.77816e+00 |159 -0.72858 -6.46370e+00
160 -0.95552  2.77987e+03 |161 -0.93854 -1.58564e+02 |162 -0.96721  1.92959e+03
163 -0.87486  1.01913e+02 |164 -0.81721  1.55260e+02 |165 -0.81048  1.20901e+02
166 -0.80902  1.47646e+02 |167 -0.81721  1.02247e+02 |168 -0.75560  5.71565e+01
169 -0.77622  6.62042e+01 |170 -0.70980  5.90851e+01 |171 -0.64599  3.47952e+01
172 -0.50720  2.21360e+01 |173 -0.51349  2.58235e+01 |174 -0.63894  2.33107e+01
175 -0.58439  2.32940e+01 |176 -0.55263  2.50065e+01 |177 -0.51241  1.79671e+01
178 -0.52077  3.91907e+01 |179 -0.50394  5.76055e+01 |180 -0.45179  4.93061e+01
181 -0.42091  4.84226e+01 |182 -0.48489  4.16853e+01 |183 -0.42917  1.64244e+01
184 -0.39326  1.28974e+01 |185 -0.49025  2.88459e+01 |186 -0.55957  2.63676e+01
187 -0.46260  2.76104e+01 |188 -0.33521  1.86404e+01 |189 -0.30189 -5.07045e+01
190 -0.35982 -1.63847e+01 |191 -0.66849  2.02519e+01 |192 -0.67317  1.96703e+01
193 -0.84725 -1.99664e+01 |194 -0.70464 -1.05550e+01 |195 -0.66607  5.93110e+00
196 -0.72045 -1.52696e+01 |197 -0.68503 -1.66048e+01 |198  0.00705  3.56604e+02
199  0.00341 -6.34618e+02 |200 -0.00784 -1.32654e+01 |201  0.01798 -1.11331e-03
202  0.32579 -2.63475e+01 |203 -0.01913 -8.35057e-04 |204  0.16584 -9.41107e+01
205 -0.00267 -1.97669e-04 |206  0.32727  2.19482e+02 |207  0.33567 -7.53431e+02
208 -0.31216  1.57993e-02 |209  0.33297  1.60665e+03 |210 -0.12886  9.17795e+01
211 -0.00497  3.91035e+02 |212  0.17095 -1.83404e+00 |213 -0.30643 -1.71707e-03
214  0.36577  2.87668e+00 |215  0.05906  3.32301e+00 |216  0.23318 -7.31801e+01
217 -0.33227  9.92924e-04 |218  0.30960  2.08159e+02 |219 -0.05880  5.36003e+00
220 -0.03048  4.21369e+00 |221  0.42128 -1.19027e+02 |222  0.49873 -4.60190e+01
223  0.35632 -1.22163e+02 |224  0.23599  7.25613e-04 |225  0.00290  1.87181e-05
226  0.01021  2.73935e-04 |227  0.00470 -2.27789e-05 |228  0.40071  4.25096e+02
229  0.42195  9.63181e+01 |230  0.40109  1.40436e+02 |231  0.41607 -3.04625e+02
232  0.01350  2.68081e-05 |233  0.02033  1.08624e-04 |234  0.10201  1.70326e-03
235  0.03356  1.04938e-04 |236  0.38348 -3.52496e+02 |237  0.29110 -9.37262e+01
238  0.37608 -2.27678e+02 |239  0.45211 -5.06254e+01 |240  0.20633  2.24966e-03
241 -0.00451  1.97964e-05 |242 -0.00486  4.89782e-05 |243  0.01314  1.89967e-05
244  0.36759  8.41232e+02 |245  0.35116  1.31302e+02 |246  0.36327  5.67858e+02
247  0.38312  1.73121e+02 |248  0.39730 -3.00771e+01 |249  0.41886 -1.81249e-01
250  0.35648  6.50252e+01 |251  0.17323 -2.89732e+01 |252  0.12410 -2.14485e+01
253  0.03590  5.60945e-05 |254  0.05368  8.41721e-04 |255  0.38784  4.94108e+01
256  0.36505  2.30316e+01 |257  0.12149  2.19827e+01 |258  0.13067  2.30508e+01
Maximum number of function evaluations exceeded

 - final statistics:
258 variables; iteration 95; function evaluation 100
Function value 2.1517e+03; maximum gradient component mag 3.0673e+03
Exit code = 3;  converg criter 1.0000e+01
Var    Value     Gradient |Var    Value     Gradient |Var    Value     Gradient
  1 -0.99058  6.42855e+00 |  2 -0.01173 -2.34317e+03 |  3 -0.42099  2.13418e+03
  4 -0.21805  3.06726e+03 |  5 -0.00728  3.33618e+02 |  6 -0.07885 -1.09266e+01
  7 -0.05552 -7.82270e+00 |  8 -0.05353 -8.17881e+00 |  9 -0.03418 -4.97536e+00
 10 -0.00175  2.28880e+00 | 11  0.03762  1.52767e+01 | 12  0.09560  3.83675e+01
 13  0.02986  4.71515e+01 | 14 -0.03247  3.08938e+01 | 15  0.03804  4.66585e+01
 16  0.16300  4.51258e+01 | 17  0.12397  1.25778e+02 | 18  0.04461  3.78288e+01
 19  0.12352  1.69522e+02 | 20  0.02911  7.36139e+01 | 21  0.01854  9.82830e+01
 22 -0.00678  5.62437e+01 | 23  0.13094  2.21274e+02 | 24  0.05728  1.51120e+02
 25  0.04129  1.44244e+02 | 26  0.04373  1.61478e+02 | 27  0.04690  1.76560e+02
 28  0.04914  1.25835e+02 | 29  0.06135  8.45770e+01 | 30  0.02316  5.30951e+01
 31 -0.01356  4.84472e+01 | 32 -0.02836  6.58234e+01 | 33 -0.01220  7.14688e+01
 34  0.01603  8.56029e+01 | 35 -0.02348  2.96297e+01 | 36 -0.03372  5.19600e+01
 37 -0.04511  1.00277e+02 | 38  0.01498  2.36504e+02 | 39 -0.00465  2.04075e+02
 40 -0.02708  2.52104e+02 | 41 -0.11855 -4.42028e+01 | 42 -0.03768  1.41314e+02
 43 -0.06690 -3.86533e+00 | 44  0.02022 -2.62462e+01 | 45  0.05753 -3.36942e+01
 46  0.02257  1.53087e+01 | 47  0.06813  7.31504e+00 | 48  0.00197  3.51692e+01
 49  0.02552  6.11246e+01 | 50  0.07893  1.67833e+00 | 51  0.13212 -3.51076e+01
 52  0.07710 -1.39998e+01 | 53 -0.05342  3.23771e+00 | 54 -0.03557 -3.82901e+00
 55 -0.04999  1.23182e+01 | 56 -0.04983  4.19123e+01 | 57 -0.08706  7.08558e+01
 58 -0.10969  4.56771e+01 | 59 -0.09696  3.24447e+01 | 60 -0.08183  2.94771e+00
 61 -0.07396  1.77743e+01 | 62 -0.00649  4.00341e+00 | 63  0.00000  0.00000e+00
 64 -0.96282  2.53923e+02 | 65 -0.91871 -1.43129e+01 | 66 -0.91269 -3.56619e+01
 67 -0.87090 -4.90485e+01 | 68 -0.87912  6.84663e+01 | 69 -0.90891 -4.14305e+01
 70 -0.89412 -8.68483e+01 | 71 -0.89804 -5.24932e+01 | 72 -0.92065  1.93796e+02
 73 -0.90268  2.00667e+01 | 74 -0.81953  1.25940e+02 | 75 -0.80584  5.66005e+01
 76 -0.76821  1.65246e+01 | 77 -0.64725  1.47835e+01 | 78 -0.63301 -1.10975e+00
 79 -0.62311  8.73018e+00 | 80 -0.68083 -4.21875e+00 | 81 -0.70629  5.43434e+01
 82 -0.65550  1.75053e+01 | 83 -0.62013 -1.22657e+01 | 84 -0.57016  2.32256e+01
 85 -0.56570  1.74808e+01 | 86 -0.55786  1.40906e+01 | 87 -0.61889  5.93848e+00
 88 -0.61565  1.69591e+00 | 89 -0.64668  1.06986e+01 | 90 -0.65478  2.89432e+01
 91 -0.67511  1.76838e+01 | 92 -0.63523  3.33811e+01 | 93 -0.64739  2.73783e+01
 94 -0.69571 -5.16742e+00 | 95 -0.63099  1.49295e+01 | 96 -0.71429 -7.33513e-01
 97 -0.67447 -3.54796e+01 | 98 -0.73623 -4.05648e+01 | 99 -0.71986 -2.08005e+01
100 -0.71583 -2.66856e+00 |101 -0.66227 -8.91626e+00 |102 -0.64370 -1.55661e+01
103 -0.66206 -1.08759e+01 |104 -0.61108 -1.44615e+01 |105 -0.78989  1.55702e+01
106 -0.77403 -1.07430e+01 |107 -0.81113 -1.14383e+01 |108 -0.76366  1.21299e+01
109 -0.73044  2.14088e+01 |110 -0.76368 -2.08716e+01 |111 -0.76315 -2.38192e+01
112 -0.93850 -2.40040e+02 |113 -0.85742  9.20263e+01 |114 -0.84093  6.02374e+00
115 -0.76670  3.47418e+01 |116 -0.79040  9.43925e+01 |117 -0.81728  1.15643e+02
118 -0.80910 -7.36066e+00 |119 -0.85900  1.00074e+01 |120 -0.88557  3.79629e+01
121 -0.83186  1.59667e+02 |122 -0.87712 -1.25189e+02 |123 -0.91091 -6.06145e+01
124 -0.91037 -9.59308e+01 |125 -0.87186  1.89961e+02 |126 -0.86599  4.86724e+01
127 -0.79396  1.29247e+02 |128 -0.84166  1.08461e+02 |129 -0.86226  9.54715e+01
130 -0.82398  4.63967e-01 |131 -0.82242 -4.47818e+01 |132 -0.78635  6.99045e+00
133 -0.77743 -4.82070e+01 |134 -0.73059  1.86283e+01 |135 -0.72274  8.63763e+00
136 -0.72951 -3.92871e+01 |137 -0.67051  1.11022e+01 |138 -0.71177 -2.74671e+01
139 -0.70829  3.39456e+01 |140 -0.78872  2.78539e+01 |141 -0.74324  1.22543e+02
142 -0.69634  4.81666e+01 |143 -0.66432  1.44842e+01 |144 -0.63858  1.73169e+01
145 -0.63582 -1.82844e+01 |146 -0.65216 -2.21190e+01 |147 -0.68527  2.57399e+01
148 -0.73892  2.96590e+00 |149 -0.68189  3.12185e+01 |150 -0.65048  1.62015e+01
151 -0.67840  2.94026e+01 |152 -0.66293 -3.14847e+00 |153 -0.79083  2.43058e+00
154 -0.79263 -3.32111e+00 |155 -0.86663 -3.90846e+01 |156 -0.76542  1.05902e+01
157 -0.74519 -3.46945e+01 |158 -0.73880 -9.64414e+00 |159 -0.74133  3.60693e+01
160 -0.95903  4.62399e+02 |161 -0.93857  1.45572e+02 |162 -0.96914  5.54744e+02
163 -0.88009 -4.78097e+01 |164 -0.82352  1.25418e+02 |165 -0.81890  3.21889e+01
166 -0.81546  1.51183e+02 |167 -0.82474  4.69609e+01 |168 -0.76555  1.72671e+01
169 -0.78504  2.79002e+01 |170 -0.72202  4.13242e+01 |171 -0.66888 -2.48015e+01
172 -0.54364  8.08782e+00 |173 -0.55614  1.03059e+01 |174 -0.67041  4.81554e+00
175 -0.62500 -7.90767e+00 |176 -0.59996 -3.69435e-01 |177 -0.56999 -1.19124e+01
178 -0.57996  9.11892e+00 |179 -0.57076 -1.54643e+01 |180 -0.52248 -6.40526e+00
181 -0.49534  9.41235e+00 |182 -0.54743  2.07617e+00 |183 -0.49140 -1.03210e+01
184 -0.45701 -1.16292e+01 |185 -0.54052  1.74199e-01 |186 -0.59708  1.13868e+01
187 -0.51094  8.48243e-01 |188 -0.39612 -2.41875e+00 |189 -0.34429 -2.30325e+01
190 -0.42477 -2.65267e+01 |191 -0.69608  7.47197e+00 |192 -0.69933 -5.12148e+00
193 -0.85757 -2.21874e+01 |194 -0.72790 -7.86912e+01 |195 -0.68887 -2.31934e+01
196 -0.73457  6.37430e+00 |197 -0.69889 -3.19849e-01 |198  0.00081  3.44589e+02
199  0.00213 -1.28349e+02 |200  0.00315 -3.01501e+01 |201  0.01884 -1.29525e-03
202  0.33320  3.12304e+01 |203 -0.01855 -6.94724e-04 |204  0.17047 -6.65983e+01
205 -0.00254 -1.52920e-04 |206  0.32698  1.14299e+02 |207  0.32310 -3.11348e+02
208 -0.31207  4.00077e-04 |209  0.32946  5.17997e+02 |210 -0.09363  1.26302e+01
211 -0.00968  6.61246e+01 |212  0.16935 -1.24752e+01 |213 -0.30518 -2.15269e-03
214  0.36928  2.18039e+01 |215  0.05998  3.91943e+00 |216  0.23767 -6.70823e+01
217 -0.33236  2.88164e-03 |218  0.31150  2.01409e+02 |219 -0.11150  3.35341e+00
220 -0.03221  3.31756e+01 |221  0.42000 -1.28109e+02 |222  0.47760 -3.86915e+01
223  0.35103 -4.05636e+01 |224  0.23569  1.70920e-03 |225  0.00289  1.72395e-05
226  0.01000  3.56408e-04 |227  0.00475 -1.32563e-05 |228  0.40052  3.48534e+02
229  0.42661  1.85179e+02 |230  0.40322  2.23305e+02 |231  0.41924 -2.03641e+02
232  0.01349  8.53747e-05 |233  0.02028  9.77959e-05 |234  0.10084  2.28558e-03
235  0.03369  2.27745e-04 |236  0.37020 -8.92138e+01 |237  0.27005 -6.13753e+01
238  0.33917 -9.21950e+01 |239  0.40847  5.91474e+01 |240  0.20666  1.11843e-03
241 -0.00451  2.03779e-05 |242 -0.00487  5.99680e-05 |243  0.01318 -8.93350e-06
244  0.36361  2.23680e+02 |245  0.34855  1.04390e+02 |246  0.35528  1.94160e+02
247  0.37382 -9.92420e+01 |248  0.37038 -3.86648e+01 |249  0.91581  2.35728e-02
250  0.35029  7.86080e+01 |251  0.15688 -3.45129e+01 |252  0.11503 -3.08309e+01
253  0.03574 -1.04476e-04 |254  0.05382  4.91578e-04 |255  0.38177  4.56591e+01
256  0.36573  5.36881e+01 |257  0.12529  2.02257e+01 |258  0.13767  2.88108e+01

Initial statistics: 321 variables; iteration 0; function evaluation 0; phase 3
Function value 2.1517291e+03; maximum gradient component mag 3.0673e+03
Var    Value     Gradient |Var    Value     Gradient |Var    Value     Gradient
  1 -0.99058  6.42855e+00 |  2 -0.01173 -2.34317e+03 |  3 -0.42099  2.13418e+03
  4 -0.21805  3.06726e+03 |  5 -0.00728  3.33618e+02 |  6 -0.07885 -1.09266e+01
  7 -0.05552 -7.82270e+00 |  8 -0.05353 -8.17881e+00 |  9 -0.03418 -4.97536e+00
 10 -0.00175  2.28880e+00 | 11  0.03762  1.52767e+01 | 12  0.09560  3.83675e+01
 13  0.02986  4.71515e+01 | 14 -0.03247  3.08938e+01 | 15  0.03804  4.66585e+01
 16  0.16300  4.51258e+01 | 17  0.12397  1.25778e+02 | 18  0.04461  3.78288e+01
 19  0.12352  1.69522e+02 | 20  0.02911  7.36139e+01 | 21  0.01854  9.82830e+01
 22 -0.00678  5.62437e+01 | 23  0.13094  2.21274e+02 | 24  0.05728  1.51120e+02
 25  0.04129  1.44244e+02 | 26  0.04373  1.61478e+02 | 27  0.04690  1.76560e+02
 28  0.04914  1.25835e+02 | 29  0.06135  8.45770e+01 | 30  0.02316  5.30951e+01
 31 -0.01356  4.84472e+01 | 32 -0.02836  6.58234e+01 | 33 -0.01220  7.14688e+01
 34  0.01603  8.56029e+01 | 35 -0.02348  2.96297e+01 | 36 -0.03372  5.19600e+01
 37 -0.04511  1.00277e+02 | 38  0.01498  2.36504e+02 | 39 -0.00465  2.04075e+02
 40 -0.02708  2.52104e+02 | 41 -0.11855 -4.42028e+01 | 42 -0.03768  1.41314e+02
 43 -0.06690 -3.86533e+00 | 44  0.02022 -2.62462e+01 | 45  0.05753 -3.36942e+01
 46  0.02257  1.53087e+01 | 47  0.06813  7.31504e+00 | 48  0.00197  3.51692e+01
 49  0.02552  6.11246e+01 | 50  0.07893  1.67833e+00 | 51  0.13212 -3.51076e+01
 52  0.07710 -1.39998e+01 | 53 -0.05342  3.23771e+00 | 54 -0.03557 -3.82901e+00
 55 -0.04999  1.23182e+01 | 56 -0.04983  4.19123e+01 | 57 -0.08706  7.08558e+01
 58 -0.10969  4.56771e+01 | 59 -0.09696  3.24447e+01 | 60 -0.08183  2.94771e+00
 61 -0.07396  1.77743e+01 | 62 -0.00649  4.00341e+00 | 63  0.00000  0.00000e+00
 64 -0.96282  2.53923e+02 | 65 -0.91871 -1.43129e+01 | 66 -0.91269 -3.56619e+01
 67 -0.87090 -4.90485e+01 | 68 -0.87912  6.84663e+01 | 69 -0.90891 -4.14305e+01
 70 -0.89412 -8.68483e+01 | 71 -0.89804 -5.24932e+01 | 72 -0.92065  1.93796e+02
 73 -0.90268  2.00667e+01 | 74 -0.81953  1.25940e+02 | 75 -0.80584  5.66005e+01
 76 -0.76821  1.65246e+01 | 77 -0.64725  1.47835e+01 | 78 -0.63301 -1.10975e+00
 79 -0.62311  8.73018e+00 | 80 -0.68083 -4.21875e+00 | 81 -0.70629  5.43434e+01
 82 -0.65550  1.75053e+01 | 83 -0.62013 -1.22657e+01 | 84 -0.57016  2.32256e+01
 85 -0.56570  1.74808e+01 | 86 -0.55786  1.40906e+01 | 87 -0.61889  5.93848e+00
 88 -0.61565  1.69591e+00 | 89 -0.64668  1.06986e+01 | 90 -0.65478  2.89432e+01
 91 -0.67511  1.76838e+01 | 92 -0.63523  3.33811e+01 | 93 -0.64739  2.73783e+01
 94 -0.69571 -5.16742e+00 | 95 -0.63099  1.49295e+01 | 96 -0.71429 -7.33513e-01
 97 -0.67447 -3.54796e+01 | 98 -0.73623 -4.05648e+01 | 99 -0.71986 -2.08005e+01
100 -0.71583 -2.66856e+00 |101 -0.66227 -8.91626e+00 |102 -0.64370 -1.55661e+01
103 -0.66206 -1.08759e+01 |104 -0.61108 -1.44615e+01 |105 -0.78989  1.55702e+01
106 -0.77403 -1.07430e+01 |107 -0.81113 -1.14383e+01 |108 -0.76366  1.21299e+01
109 -0.73044  2.14088e+01 |110 -0.76368 -2.08716e+01 |111 -0.76315 -2.38192e+01
112 -0.93850 -2.40040e+02 |113 -0.85742  9.20263e+01 |114 -0.84093  6.02374e+00
115 -0.76670  3.47418e+01 |116 -0.79040  9.43925e+01 |117 -0.81728  1.15643e+02
118 -0.80910 -7.36066e+00 |119 -0.85900  1.00074e+01 |120 -0.88557  3.79629e+01
121 -0.83186  1.59667e+02 |122 -0.87712 -1.25189e+02 |123 -0.91091 -6.06145e+01
124 -0.91037 -9.59308e+01 |125 -0.87186  1.89961e+02 |126 -0.86599  4.86724e+01
127 -0.79396  1.29247e+02 |128 -0.84166  1.08461e+02 |129 -0.86226  9.54715e+01
130 -0.82398  4.63967e-01 |131 -0.82242 -4.47818e+01 |132 -0.78635  6.99045e+00
133 -0.77743 -4.82070e+01 |134 -0.73059  1.86283e+01 |135 -0.72274  8.63763e+00
136 -0.72951 -3.92871e+01 |137 -0.67051  1.11022e+01 |138 -0.71177 -2.74671e+01
139 -0.70829  3.39456e+01 |140 -0.78872  2.78539e+01 |141 -0.74324  1.22543e+02
142 -0.69634  4.81666e+01 |143 -0.66432  1.44842e+01 |144 -0.63858  1.73169e+01
145 -0.63582 -1.82844e+01 |146 -0.65216 -2.21190e+01 |147 -0.68527  2.57399e+01
148 -0.73892  2.96590e+00 |149 -0.68189  3.12185e+01 |150 -0.65048  1.62015e+01
151 -0.67840  2.94026e+01 |152 -0.66293 -3.14847e+00 |153 -0.79083  2.43058e+00
154 -0.79263 -3.32111e+00 |155 -0.86663 -3.90846e+01 |156 -0.76542  1.05902e+01
157 -0.74519 -3.46945e+01 |158 -0.73880 -9.64414e+00 |159 -0.74133  3.60693e+01
160 -0.95903  4.62399e+02 |161 -0.93857  1.45572e+02 |162 -0.96914  5.54744e+02
163 -0.88009 -4.78097e+01 |164 -0.82352  1.25418e+02 |165 -0.81890  3.21889e+01
166 -0.81546  1.51183e+02 |167 -0.82474  4.69609e+01 |168 -0.76555  1.72671e+01
169 -0.78504  2.79002e+01 |170 -0.72202  4.13242e+01 |171 -0.66888 -2.48015e+01
172 -0.54364  8.08782e+00 |173 -0.55614  1.03059e+01 |174 -0.67041  4.81554e+00
175 -0.62500 -7.90767e+00 |176 -0.59996 -3.69435e-01 |177 -0.56999 -1.19124e+01
178 -0.57996  9.11892e+00 |179 -0.57076 -1.54643e+01 |180 -0.52248 -6.40526e+00
181 -0.49534  9.41235e+00 |182 -0.54743  2.07617e+00 |183 -0.49140 -1.03210e+01
184 -0.45701 -1.16292e+01 |185 -0.54052  1.74199e-01 |186 -0.59708  1.13868e+01
187 -0.51094  8.48243e-01 |188 -0.39612 -2.41875e+00 |189 -0.34429 -2.30325e+01
190 -0.42477 -2.65267e+01 |191 -0.69608  7.47197e+00 |192 -0.69933 -5.12148e+00
193 -0.85757 -2.21874e+01 |194 -0.72790 -7.86912e+01 |195 -0.68887 -2.31934e+01
196 -0.73457  6.37430e+00 |197 -0.69889 -3.19849e-01 |198  0.00081  3.44589e+02
199  0.00213 -1.28349e+02 |200  0.00315 -3.01501e+01 |201  0.01884 -1.29525e-03
202  0.33320  3.12304e+01 |203 -0.01855 -6.94724e-04 |204  0.17047 -6.65983e+01
205 -0.00254 -1.52920e-04 |206  0.32698  1.14299e+02 |207  0.32310 -3.11348e+02
208 -0.31207  4.00077e-04 |209  0.32946  5.17997e+02 |210 -0.09363  1.26302e+01
211 -0.00968  6.61246e+01 |212  0.16935 -1.24752e+01 |213 -0.30518 -2.15269e-03
214  0.36928  2.18039e+01 |215  0.05998  3.91943e+00 |216  0.23767 -6.70823e+01
217 -0.33236  2.88164e-03 |218  0.31150  2.01409e+02 |219 -0.11150  3.35341e+00
220 -0.03221  3.31756e+01 |221  0.42000 -1.28109e+02 |222  0.47760 -3.86915e+01
223  0.35103 -4.05636e+01 |224  0.23569  1.70920e-03 |225  0.00289  1.72395e-05
226  0.01000  3.56408e-04 |227  0.00475 -1.32563e-05 |228  0.40052  3.48534e+02
229  0.42661  1.85179e+02 |230  0.40322  2.23305e+02 |231  0.41924 -2.03641e+02
232  0.01349  8.53747e-05 |233  0.02028  9.77959e-05 |234  0.10084  2.28558e-03
235  0.03369  2.27745e-04 |236  0.37020 -8.92138e+01 |237  0.27005 -6.13753e+01
238  0.33917 -9.21950e+01 |239  0.40847  5.91474e+01 |240  0.20666  1.11843e-03
241 -0.00451  2.03779e-05 |242 -0.00487  5.99680e-05 |243  0.01318 -8.93350e-06
244  0.36361  2.23680e+02 |245  0.34855  1.04390e+02 |246  0.35528  1.94160e+02
247  0.37382 -9.92420e+01 |248  0.37038 -3.86648e+01 |249  0.91581  2.35728e-02
250  0.35029  7.86080e+01 |251  0.15688 -3.45129e+01 |252  0.11503 -3.08309e+01
253  0.03574 -1.04476e-04 |254  0.05382  4.91578e-04 |255  0.38177  4.56591e+01
256  0.36573  5.36881e+01 |257  0.12529  2.02257e+01 |258  0.13767  2.88108e+01
259  0.00000  2.65775e+01 |260  0.00000  2.25017e+01 |261  0.00000  5.28519e+00
262  0.00000 -2.04371e+02 |263  0.00000 -2.37149e+01 |264  0.00000  1.03817e+02
265  0.00000 -1.71111e+02 |266  0.00000  3.60073e+02 |267  0.00000 -5.61921e+01
268  0.00000  7.46876e+01 |269  0.00000 -5.46659e+01 |270  0.00000 -1.69292e+02
271  0.00000  1.24061e+01 |272  0.00000 -3.82509e+00 |273  0.00000 -1.74067e+01
274  0.00000 -2.70526e+00 |275  0.00000  1.26280e+02 |276  0.00000  2.35460e+01
277  0.00000 -8.57819e+01 |278  0.00000  1.08493e+02 |279  0.00000 -8.36587e+01
280  0.00000 -9.11563e+00 |281  0.00000 -8.04169e+01 |282  0.00000  2.32848e+01
283  0.00000  9.81639e+01 |284  0.00000 -6.08158e+01 |285  0.00000 -6.22151e-06
286  0.00000  8.80331e-07 |287  0.00000  4.49028e-07 |288  0.00000  2.04109e-06
289  0.00000  2.00552e-06 |290  0.00000 -3.15187e-06 |291  0.00000  2.06865e-05
292  0.00000 -7.67700e-06 |293  0.00000  1.88215e-05 |294  0.00000  1.96755e-07
295  0.00000  1.76606e-06 |296  0.00000  3.73741e-06 |297  0.00000  1.63353e-06
298  0.00000 -6.94295e+01 |299  0.00000 -1.69858e+01 |300  0.00000  1.16873e+02
301  0.00000 -1.43977e+02 |302  0.00000  1.57885e+02 |303  0.00000  7.00306e+01
304  0.00000  4.36515e+01 |305  0.00000  3.63718e+00 |306  0.00000 -4.62939e+02
307  0.00000  3.37986e+01 |308  0.00000 -2.20694e+00 |309  0.00000  1.80725e+01
310  0.00000  3.34950e+01 |311  0.00000 -8.31337e+00 |312  0.00000 -9.20485e+01
313  0.00000  1.55752e+02 |314  0.00000 -1.07323e+02 |315  0.00000  4.23880e+01
316  0.00000 -4.50555e+01 |317  0.00000 -8.76503e+01 |318  0.00000  2.69686e+02
319  0.00000 -1.48344e+01 |320  0.00000  4.74593e+00 |321  0.00000 -6.63934e+00

Intermediate statistics: 321 variables; iteration 20; function evaluation 24; phase 3
Function value 2.1156999e+03; maximum gradient component mag -3.0962e+03
Var    Value     Gradient |Var    Value     Gradient |Var    Value     Gradient
  1 -0.99153  2.20068e+00 |  2 -0.01174 -3.09622e+03 |  3 -0.42185  2.33389e+01
  4 -0.21847  1.44133e+03 |  5 -0.01162 -1.67689e+00 |  6 -0.07269 -1.77981e+01
  7 -0.05091 -1.14787e+01 |  8 -0.04846 -1.41357e+01 |  9 -0.02978 -1.65511e+01
 10  0.00100 -1.91393e+01 | 11  0.03799 -2.12134e+01 | 12  0.09675 -1.72589e+01
 13  0.02456  3.04177e+01 | 14 -0.03607  2.61814e+01 | 15  0.02897  4.49378e+01
 16  0.18576  1.14710e+02 | 17  0.10247  1.18530e+02 | 18  0.04034  5.51180e+01
 19  0.10601  1.23668e+02 | 20  0.02192  3.39234e+01 | 21  0.01762  8.08361e+00
 22  0.01211  2.26459e+01 | 23  0.12654  1.33663e+02 | 24  0.05717  6.41308e+01
 25  0.04269  7.05381e+01 | 26  0.04464  7.51508e+01 | 27  0.04272  6.67273e+01
 28  0.04885  5.90051e+01 | 29  0.06215  6.56306e+01 | 30  0.02356  5.16956e+01
 31 -0.01267  3.74950e+01 | 32 -0.03173  3.60057e+01 | 33 -0.01106  4.60148e+01
 34  0.01490  6.19776e+01 | 35 -0.02057  3.62053e+01 | 36 -0.03394  3.03658e+01
 37 -0.04566  3.28421e+01 | 38  0.00985  9.35902e+01 | 39  0.00051  9.60230e+01
 40 -0.05146  8.78819e+01 | 41 -0.07807  5.27959e+01 | 42 -0.05571  2.43057e+01
 43 -0.05915 -1.02228e+01 | 44  0.01841 -2.02011e+01 | 45  0.05926  5.32754e+00
 46  0.02083  3.74551e+00 | 47  0.07057  6.51107e+00 | 48  0.00161  1.05898e+01
 49  0.02145 -2.54852e-01 | 50  0.08070 -2.30975e+01 | 51  0.13229 -5.27216e+01
 52  0.07742 -1.52429e+01 | 53 -0.05587 -2.01224e+00 | 54 -0.03765 -2.72627e+01
 55 -0.05366 -1.67601e+01 | 56 -0.05300  5.29848e+00 | 57 -0.09444  2.66505e+01
 58 -0.11662  1.32397e+01 | 59 -0.10584  1.02838e+01 | 60 -0.08710  4.58076e-01
 61 -0.08308  1.14453e+01 | 62 -0.00891  3.36140e+00 | 63  0.00000  0.00000e+00
 64 -0.96290 -3.23976e+02 | 65 -0.91535  2.19096e+02 | 66 -0.90818  1.98289e+02
 67 -0.85056  3.31960e+01 | 68 -0.87977  1.27602e+01 | 69 -0.90988  7.60230e+01
 70 -0.89010  9.53507e+01 | 71 -0.89378  2.47121e+02 | 72 -0.91684  2.53324e+02
 73 -0.90319  1.10834e+02 | 74 -0.81776  4.21897e-01 | 75 -0.79824  1.52771e+01
 76 -0.77129 -2.64847e+01 | 77 -0.64675 -5.58813e+00 | 78 -0.63130  1.87544e-01
 79 -0.62219  4.13416e+00 | 80 -0.67717  1.70643e+01 | 81 -0.70577  3.09381e+01
 82 -0.65329  1.74320e+01 | 83 -0.61443  1.80737e+01 | 84 -0.57091  3.33500e+00
 85 -0.56492  6.08018e+00 | 86 -0.55631  8.13441e+00 | 87 -0.61522  1.97051e+01
 88 -0.61279  1.38588e+01 | 89 -0.64528  1.04690e+01 | 90 -0.65430  1.08051e+01
 91 -0.67206  1.75266e+01 | 92 -0.63195  1.43283e+01 | 93 -0.64258  1.78161e+01
 94 -0.69065  1.48208e+01 | 95 -0.62692  1.28331e+01 | 96 -0.71012  1.75978e+01
 97 -0.66737  1.33756e+01 | 98 -0.73157  6.17049e+00 | 99 -0.71668  5.85491e+00
100 -0.71385  7.55925e+00 |101 -0.65834  1.39196e+01 |102 -0.63837  1.60235e+01
103 -0.65874  4.75075e+00 |104 -0.61026 -2.97935e+01 |105 -0.78930 -1.71374e+01
106 -0.77272 -3.28160e+01 |107 -0.80940 -3.70778e+01 |108 -0.76106 -1.96506e+01
109 -0.72658 -1.46133e+01 |110 -0.75763 -3.26452e+01 |111 -0.75552 -3.34733e+01
112 -0.93706 -4.68384e+02 |113 -0.85422 -2.81558e+01 |114 -0.83480 -4.74366e+01
115 -0.76214 -4.89674e+01 |116 -0.79649  1.65615e+01 |117 -0.82133  6.23251e+01
118 -0.81009 -3.83150e+01 |119 -0.85636 -1.55467e+01 |120 -0.88007  1.82403e+01
121 -0.82564  4.69063e+01 |122 -0.87395 -5.82248e+01 |123 -0.90674  4.09725e+01
124 -0.90809  6.64004e+01 |125 -0.87089  1.59889e+02 |126 -0.86480  6.06804e+01
127 -0.79543  4.57035e+01 |128 -0.84213  2.63051e+01 |129 -0.86188  5.36392e+01
130 -0.82297  4.79164e-01 |131 -0.82052 -5.44709e+00 |132 -0.78533  2.55571e+00
133 -0.77536 -3.01564e+01 |134 -0.72860  2.49673e+01 |135 -0.72079  1.88387e+01
136 -0.72696 -1.00878e+01 |137 -0.67055 -8.01749e-01 |138 -0.70866 -7.11966e+00
139 -0.70752  1.02244e+01 |140 -0.78587 -2.32757e+01 |141 -0.74230  4.87808e+01
142 -0.69523  1.29390e+01 |143 -0.66051  6.41469e+00 |144 -0.63645 -4.91010e+00
145 -0.63030 -1.23546e+00 |146 -0.64672  2.22156e+00 |147 -0.68532  8.05964e-01
148 -0.73818 -4.52115e+00 |149 -0.68252  7.33235e-01 |150 -0.64958 -9.50320e-01
151 -0.67931 -7.88871e+00 |152 -0.66617 -2.35140e+01 |153 -0.79182 -1.68173e+01
154 -0.79283 -1.77569e+01 |155 -0.86640 -6.47990e+01 |156 -0.76470 -1.22729e+01
157 -0.74220 -3.64757e+01 |158 -0.73416 -1.49204e+01 |159 -0.73579  1.31716e+01
160 -0.95862  2.66771e+01 |161 -0.93827 -5.42475e+01 |162 -0.96840  1.10530e+03
163 -0.87957 -8.32105e+01 |164 -0.82507  2.21039e+01 |165 -0.81876 -3.58670e+00
166 -0.81743  1.72068e+01 |167 -0.82444 -2.46036e+00 |168 -0.76517 -7.56021e+00
169 -0.78477  8.23298e+00 |170 -0.72283  8.12109e+00 |171 -0.66479 -9.47065e-01
172 -0.54300 -6.37848e+00 |173 -0.55589 -5.51569e+00 |174 -0.67021 -9.99496e+00
175 -0.62414 -1.48187e+01 |176 -0.59849 -1.63897e+01 |177 -0.56515 -8.54438e+00
178 -0.57736 -1.48623e+01 |179 -0.56228 -4.00676e+00 |180 -0.51726 -1.29656e+00
181 -0.49324 -1.05527e+01 |182 -0.54412 -1.77122e+01 |183 -0.48582 -1.71447e+01
184 -0.45139 -1.29397e+01 |185 -0.53934 -1.41545e+01 |186 -0.59904 -1.84518e+01
187 -0.51003 -8.95035e+00 |188 -0.39260 -8.25336e+00 |189 -0.33385 -9.36558e+00
190 -0.41349 -6.98626e+00 |191 -0.69402 -8.95100e+00 |192 -0.69614 -7.70371e+00
193 -0.85540 -1.71938e+01 |194 -0.72033 -3.72561e+01 |195 -0.68012 -8.13989e+00
196 -0.72651  6.85978e+00 |197 -0.68737  4.85409e+00 |198  0.00285  4.69175e+02
199  0.00309  3.37420e+02 |200  0.00183 -9.66057e+01 |201  0.01884 -4.15861e-03
202  0.33822  1.46145e+02 |203 -0.01855 -2.02053e-03 |204  0.17026 -8.98268e+01
205 -0.00254 -1.95967e-04 |206  0.32439  1.21181e+02 |207  0.32389  1.82169e+02
208 -0.31207 -2.32760e-03 |209  0.32840 -5.34330e+02 |210 -0.09170 -3.68555e+00
211 -0.00597 -3.96424e+00 |212  0.17065 -8.47951e+00 |213 -0.30518 -1.97574e-03
214  0.36814  1.37406e+01 |215  0.05978  4.46058e+00 |216  0.23729 -4.54913e+00
217 -0.33236  3.28258e-03 |218  0.31069  4.24848e+01 |219 -0.10858  5.66165e+00
220 -0.03258  2.20177e+01 |221  0.42160 -2.38560e+02 |222  0.46934 -1.82919e+01
223  0.35297 -2.09085e+02 |224  0.23569  9.61822e-04 |225  0.00289  1.50581e-05
226  0.00999  3.83926e-04 |227  0.00475 -4.31765e-05 |228  0.40196  8.23694e+02
229  0.42334  1.10379e+02 |230  0.40435  7.36719e+02 |231  0.41908 -3.90019e+02
232  0.01349  3.92349e-05 |233  0.02028  8.07820e-05 |234  0.10083  2.40540e-03
235  0.03369  3.46441e-05 |236  0.36583 -1.18167e+02 |237  0.27233 -1.85259e+01
238  0.33705 -5.92007e+01 |239  0.39434  8.43005e+01 |240  0.20666  4.69591e-04
241 -0.00451  6.63234e-06 |242 -0.00487  3.07076e-05 |243  0.01318 -3.45295e-05
244  0.36234  2.57677e+02 |245  0.34649  2.12467e+01 |246  0.35423  1.05085e+02
247  0.37004 -1.82913e+02 |248  0.37624 -6.69907e+01 |249  0.91580  2.35724e-02
250  0.35254  1.52005e+02 |251  0.16192 -3.69024e+01 |252  0.11403 -4.79006e+01
253  0.03574  1.53014e-05 |254  0.05382  5.09994e-04 |255  0.38379  3.91840e+01
256  0.36569  8.37694e+01 |257  0.12185  3.32673e+01 |258  0.13832  4.16962e+01
259 -0.01200 -3.28007e+00 |260 -0.00762 -2.77517e+01 |261 -0.00061 -3.20964e+01
262  0.03149 -7.41672e+00 |263 -0.00083 -2.07477e+00 |264 -0.01477 -4.02679e+01
265  0.00421 -1.44045e+02 |266 -0.02440  7.72986e+01 |267  0.01639  5.70644e+00
268 -0.02021 -2.69270e+01 |269  0.00711 -7.99212e+00 |270  0.01726 -1.25799e+01
271  0.00035 -1.61894e+01 |272 -0.00038  1.76418e+01 |273  0.00553  2.11309e+01
274  0.00021  1.84609e+01 |275 -0.01090 -1.87537e+01 |276 -0.00560  1.09236e+01
277  0.01223  3.78184e+01 |278 -0.00081  9.89623e+01 |279 -0.04097 -1.21516e+00
280  0.00747 -2.95497e+01 |281  0.02321  2.16302e+01 |282 -0.00256  2.73753e+00
283 -0.00496  2.32231e+00 |284  0.02301 -9.01086e+00 |285  0.00000  4.21615e-07
286 -0.00000 -2.75842e-06 |287 -0.00000 -2.71630e-06 |288 -0.00000  5.17156e-06
289 -0.00000  3.06764e-06 |290  0.00000 -2.65694e-06 |291 -0.00000  1.95215e-05
292  0.00000  3.72267e-05 |293 -0.00000  4.11526e-05 |294 -0.00000  2.67886e-08
295 -0.00000  3.10304e-06 |296 -0.00000  1.04112e-06 |297 -0.00000  4.02680e-06
298 -0.00081 -3.35114e+01 |299  0.00264 -1.31161e+01 |300  0.00092  7.11012e+01
301 -0.01290 -1.28472e+02 |302 -0.01061  5.88123e+01 |303 -0.01706 -1.29630e+01
304 -0.00198 -2.21723e+01 |305  0.01917 -8.76397e+01 |306  0.01523 -1.86859e+02
307 -0.00070  1.68560e+01 |308  0.00604 -1.65470e+01 |309 -0.00035 -1.20453e+01
310  0.00229  2.22401e+01 |311  0.00501  2.02555e+01 |312  0.00096 -6.72873e+01
313 -0.02099  6.68240e+01 |314 -0.00298 -3.11022e+01 |315 -0.02294  3.30938e+01
316  0.00504  2.07441e+01 |317  0.02642 -1.51485e+01 |318  0.00831  1.09836e+02
319  0.00030 -7.22232e+00 |320 -0.00397  7.88639e+00 |321  0.00010  4.25684e+00
321 variables; iteration 40; function evaluation 45; phase 3
Function value 2.0942669e+03; maximum gradient component mag -3.2793e+03
Var    Value     Gradient |Var    Value     Gradient |Var    Value     Gradient
  1 -0.99604 -1.28623e-01 |  2 -0.01173 -3.27930e+03 |  3 -0.42278 -1.05398e+03
  4 -0.21997  8.20758e+02 |  5 -0.02557 -9.26814e+02 |  6 -0.04762 -2.31889e+01
  7 -0.03249 -1.42449e+01 |  8 -0.02881 -2.11498e+01 |  9 -0.01389 -3.33904e+01
 10  0.00793 -5.22050e+01 | 11  0.03137 -7.84380e+01 | 12  0.09695 -1.36967e+02
 13  0.00588 -5.05211e+01 | 14 -0.03949 -2.61405e+01 | 15  0.00483 -3.06469e+01
 16  0.15668  4.01591e+01 | 17  0.03158  6.96304e+01 | 18  0.00464  5.04792e+01
 19  0.08089  1.09322e+02 | 20  0.03863  7.11997e+01 | 21  0.07194  1.00990e+02
 22  0.03243  1.16477e+02 | 23  0.10763  2.03026e+02 | 24  0.06854  9.66029e+01
 25  0.03875  5.78017e+01 | 26  0.04280  4.21609e+01 | 27  0.04130  2.91640e+01
 28  0.04819  6.83981e+00 | 29  0.05988 -9.11629e+00 | 30  0.02085 -7.05545e+00
 31 -0.01234  5.29328e+00 | 32 -0.03383  8.91442e+00 | 33 -0.01225  1.39648e+01
 34  0.01314  8.74019e+00 | 35 -0.02209  5.48024e+00 | 36 -0.03697  1.15672e+01
 37 -0.04476  1.63337e+01 | 38  0.00473  5.64353e+01 | 39  0.00141  9.20196e+01
 40 -0.06190  6.03901e+01 | 41 -0.07194  7.15716e+01 | 42 -0.06245  1.27724e+01
 43 -0.05667  3.36769e+00 | 44  0.01571 -5.33444e+01 | 45  0.05582 -5.88258e+01
 46  0.01978 -2.50373e+01 | 47  0.06726 -3.21962e+01 | 48  0.00032  4.64577e+00
 49  0.02024  6.55128e+00 | 50  0.07923 -1.09347e-01 | 51  0.13020  4.23124e+01
 52  0.07214  5.28048e+01 | 53 -0.06680  1.32276e+01 | 54 -0.04473 -1.11563e+00
 55 -0.06329  8.97814e+00 | 56 -0.06404  2.26177e+01 | 57 -0.10868  2.99041e+01
 58 -0.13268  7.31624e+00 | 59 -0.12409  3.84276e+00 | 60 -0.10650 -1.09775e+01
 61 -0.11075 -7.09953e+00 | 62 -0.02040  3.05925e-01 | 63  0.00000  0.00000e+00
 64 -0.95883 -4.34626e+02 | 65 -0.90489  1.18416e+02 | 66 -0.89463  2.96375e-01
 67 -0.82977 -8.20514e+01 | 68 -0.86062 -3.29839e+01 | 69 -0.88859  2.41306e+02
 70 -0.86435  1.96393e+02 | 71 -0.87691  1.65254e+02 | 72 -0.90428  7.71739e+01
 73 -0.89977 -7.59181e+01 | 74 -0.80894  2.02140e+01 | 75 -0.79074  6.50309e+01
 76 -0.75570  8.74468e+00 | 77 -0.63628  1.73171e+01 | 78 -0.62344  3.83560e+00
 79 -0.61471  6.42245e+00 | 80 -0.67172  4.01505e+00 | 81 -0.69968  2.37732e+01
 82 -0.64604  1.44755e+01 | 83 -0.60716  6.72183e+00 | 84 -0.55986  9.23168e+00
 85 -0.55271  1.20134e+01 | 86 -0.54281  1.23173e+01 | 87 -0.60394  1.20978e+01
 88 -0.60072  9.18511e+00 | 89 -0.63313  1.31941e+01 | 90 -0.64111  2.09439e+01
 91 -0.66020  1.66985e+01 | 92 -0.62678 -6.80403e+00 | 93 -0.63690 -5.07636e+00
 94 -0.67709  1.81160e+01 | 95 -0.60833  2.58724e+01 | 96 -0.69620  2.21485e+01
 97 -0.65307  2.44347e+00 | 98 -0.71956  3.23096e+00 | 99 -0.70422  4.35087e+00
100 -0.70170  8.37322e+00 |101 -0.64494  4.94222e+00 |102 -0.62360  3.82755e+00
103 -0.64238  6.68751e+00 |104 -0.59351 -1.90700e+01 |105 -0.77960 -9.32033e+00
106 -0.76082 -1.55958e+01 |107 -0.79908 -2.30751e+01 |108 -0.74750 -1.90264e+01
109 -0.70806 -8.33062e+00 |110 -0.73769 -8.65125e+00 |111 -0.73198 -5.23465e+00
112 -0.92949 -5.70864e+02 |113 -0.83799 -1.32794e+02 |114 -0.81394 -1.29297e+02
115 -0.71752 -1.31793e+02 |116 -0.76531 -3.82822e+01 |117 -0.79398 -1.07922e+02
118 -0.77281 -4.95529e+01 |119 -0.82640 -6.42494e+01 |120 -0.83078 -2.46475e+01
121 -0.78461  1.92260e+01 |122 -0.86813 -4.93429e+01 |123 -0.89860  1.28678e+02
124 -0.90135  2.37416e+02 |125 -0.86792  1.36913e+02 |126 -0.86271 -2.50487e+00
127 -0.79132  3.58123e+01 |128 -0.83810  4.13371e+01 |129 -0.85904  3.51974e+00
130 -0.81969 -4.87882e+01 |131 -0.81735 -6.23446e+01 |132 -0.77997 -7.72356e+00
133 -0.76842 -2.30563e+01 |134 -0.72234 -2.13712e+01 |135 -0.71366 -2.47131e+01
136 -0.71788 -2.26359e+01 |137 -0.65946 -1.30211e+01 |138 -0.69877 -3.00721e+01
139 -0.69740 -1.41653e+01 |140 -0.77584  3.60158e+01 |141 -0.73276  4.73888e+01
142 -0.68198  1.48378e+01 |143 -0.64543  2.38366e+00 |144 -0.61855  3.39581e+00
145 -0.61477 -1.46772e+01 |146 -0.63310 -2.02076e+01 |147 -0.67223 -1.00203e+01
148 -0.72786 -1.74725e+01 |149 -0.66985 -4.14202e+00 |150 -0.63531 -1.02468e+01
151 -0.66429 -5.47952e+00 |152 -0.66009 -1.59059e+01 |153 -0.78591 -5.68446e+00
154 -0.78522 -5.02571e+00 |155 -0.86108 -3.47722e+01 |156 -0.75557 -1.38119e+01
157 -0.72836 -1.00405e+01 |158 -0.71720 -2.31763e+00 |159 -0.71666  1.57374e+00
160 -0.95667  8.02945e+02 |161 -0.93729  2.59343e+02 |162 -0.96751  1.80562e+03
163 -0.87924 -1.93841e+02 |164 -0.82285  2.11659e+01 |165 -0.81691 -2.97848e+01
166 -0.81347  6.02407e+01 |167 -0.82174 -1.12985e+01 |168 -0.76097 -3.19634e+00
169 -0.78154 -6.68496e+00 |170 -0.71828  2.71769e+00 |171 -0.65983 -1.77688e+01
172 -0.53233 -3.29258e+00 |173 -0.54488 -5.76396e+00 |174 -0.66137 -6.40611e+00
175 -0.61381 -1.06668e+01 |176 -0.58643 -1.08503e+01 |177 -0.55173 -5.94477e+00
178 -0.56187  5.74219e-01 |179 -0.54647  5.82418e+00 |180 -0.50062  2.81107e+00
181 -0.47371 -2.16185e+00 |182 -0.52632 -5.77915e+00 |183 -0.46636 -1.00899e+01
184 -0.43126 -8.88950e+00 |185 -0.52357 -1.39591e+01 |186 -0.58583 -1.70270e+01
187 -0.49511 -1.06584e+01 |188 -0.37322 -1.06159e+01 |189 -0.30761 -7.06054e+00
190 -0.37426  1.77746e+00 |191 -0.67360  1.57102e+01 |192 -0.67577  1.15378e+01
193 -0.84533  2.84031e+01 |194 -0.69773  6.07803e+00 |195 -0.65293  7.08143e+00
196 -0.70097  1.76304e+01 |197 -0.65366  1.78412e+01 |198  0.00827  6.57108e+02
199  0.00421  3.14629e+02 |200  0.01258 -4.84346e+01 |201  0.01884 -1.06444e-03
202  0.33249  7.94405e+01 |203 -0.01855 -7.02960e-04 |204  0.19745  1.38395e+02
205 -0.00254 -1.56867e-04 |206  0.32924 -2.64040e+02 |207  0.32702  1.01901e+02
208 -0.31206  1.23831e-03 |209  0.32920 -3.25913e+02 |210 -0.09316  1.88694e+01
211 -0.00302  5.35013e+01 |212  0.17350 -9.60643e+00 |213 -0.30517 -1.58849e-03
214  0.36923  2.06797e+01 |215  0.05715  5.75861e+00 |216  0.23448 -8.08526e+01
217 -0.33237  1.67758e-03 |218  0.30972  1.26521e+02 |219 -0.09286  1.40667e+00
220 -0.02975  8.95198e+00 |221  0.42798 -2.16239e+02 |222  0.43793  2.10084e+01
223  0.36769 -1.58708e+02 |224  0.23569  4.02994e-04 |225  0.00289  5.57669e-06
226  0.00999  3.45503e-04 |227  0.00475 -4.05252e-05 |228  0.40244  7.22885e+02
229  0.41350 -7.14007e+01 |230  0.40622  5.91909e+02 |231  0.41952 -2.90383e+02
232  0.01349  5.10934e-06 |233  0.02028  7.53597e-06 |234  0.10083  2.06111e-03
235  0.03369  3.93345e-05 |236  0.37125  1.31925e+02 |237  0.28094 -3.70079e+01
238  0.34704 -3.00582e+00 |239  0.36639  2.24274e+00 |240  0.20666 -4.09380e-04
241 -0.00451  9.24920e-06 |242 -0.00487  1.30610e-05 |243  0.01318 -6.73208e-05
244  0.36124 -4.01073e+02 |245  0.34925  6.28486e+01 |246  0.35621  1.54337e+01
247  0.36211 -1.06917e+02 |248  0.39345 -9.37066e+01 |249  0.91573  2.35566e-02
250  0.35757  2.18729e+02 |251  0.19535 -3.99396e+01 |252  0.10912 -7.15394e+01
253  0.03574  5.30178e-04 |254  0.05382  3.12151e-04 |255  0.40043  6.22100e+01
256  0.36298  1.18544e+02 |257  0.10469  2.67145e+01 |258  0.14172  6.73030e+01
259 -0.02637  1.92614e+01 |260 -0.01556 -1.51258e+01 |261 -0.00011 -9.02261e-03
262  0.03844 -6.46127e+00 |263 -0.01805  8.77946e+00 |264 -0.01036  2.40369e+01
265  0.00822 -8.82052e+01 |266 -0.04521  5.14563e+01 |267  0.04133 -5.54462e+01
268 -0.01925 -3.34181e+00 |269  0.00914  5.58338e-01 |270  0.01605 -4.32156e+01
271  0.04207 -7.58716e+00 |272 -0.02204 -7.75636e+00 |273  0.00447  9.35376e+00
274 -0.00083 -2.60325e-01 |275  0.01835  2.83741e+01 |276 -0.02158 -2.02951e+00
277  0.00094 -3.13743e+01 |278 -0.00355  5.20101e+01 |279 -0.11086 -7.89497e+01
280  0.03086  6.88622e+01 |281  0.03242  5.92572e+00 |282  0.00314 -9.82390e-01
283  0.00643  3.36531e+01 |284  0.05685  1.44591e+01 |285  0.00000  1.26359e-05
286 -0.00000 -1.65562e-06 |287  0.00000 -8.29302e-09 |288 -0.00000 -3.65727e-06
289 -0.00000  3.67776e-06 |290  0.00000 -7.71794e-06 |291 -0.00000 -2.32832e-05
292 -0.00000  1.39576e-05 |293 -0.00000 -1.00095e-05 |294 -0.00000  1.70543e-06
295 -0.00000 -2.48002e-06 |296 -0.00000 -3.20522e-06 |297 -0.00000  3.51565e-08
298 -0.00848  3.65172e+01 |299 -0.00890  6.98641e+01 |300  0.01295  3.41051e+02
301 -0.02685 -4.28198e+01 |302 -0.03319  1.09227e+02 |303 -0.03603 -5.73540e+01
304  0.00195  2.56649e+01 |305  0.09687  1.30810e+01 |306  0.06666 -7.95922e+01
307 -0.00234  1.70935e+01 |308  0.01383 -1.90442e+01 |309  0.00741 -6.18542e+01
310 -0.00054 -7.31246e+00 |311 -0.00352 -3.02665e+01 |312  0.01651 -2.39707e+02
313 -0.03697  2.32062e+00 |314 -0.03160 -6.49453e+01 |315 -0.05987 -1.36178e+01
316  0.00260 -1.56021e+01 |317  0.07468  3.47038e+01 |318  0.04986  5.88582e+01
319  0.00089 -7.17510e+00 |320 -0.00839  4.33301e+00 |321 -0.00305  2.15216e+01
321 variables; iteration 60; function evaluation 65; phase 3
Function value 2.0897444e+03; maximum gradient component mag -3.4610e+03
Var    Value     Gradient |Var    Value     Gradient |Var    Value     Gradient
  1 -1.01132  1.69074e+00 |  2 -0.01173 -3.46096e+03 |  3 -0.42286 -1.85317e+03
  4 -0.22146 -8.58540e+01 |  5 -0.03201 -2.79020e+02 |  6 -0.02872 -1.20133e+00
  7 -0.02113 -4.91347e-01 |  8 -0.01516 -2.47164e+00 |  9  0.00037 -7.99503e+00
 10  0.01516 -1.63812e+01 | 11  0.00484 -2.46555e+01 | 12  0.13293 -2.68199e+01
 13 -0.02060 -1.32471e+01 | 14 -0.03560 -9.89150e+00 | 15 -0.02026 -3.24145e+01
 16  0.15190 -4.19756e+01 | 17  0.00289  5.29885e+00 | 18  0.00032  1.73791e+01
 19  0.06795  4.42289e+01 | 20  0.01713  6.91265e+00 | 21  0.06092  2.92647e+01
 22  0.03750  7.63141e+01 | 23  0.09602  1.23302e+02 | 24  0.06396  5.41354e+01
 25  0.03457  3.11487e+01 | 26  0.03862  1.32748e+01 | 27  0.03801 -6.31584e+00
 28  0.04442 -2.81577e+01 | 29  0.05733 -3.49696e+01 | 30  0.01988 -1.91083e+01
 31 -0.01386 -5.55405e+00 | 32 -0.03618 -5.55262e+00 | 33 -0.01564 -3.22428e+00
 34  0.01252 -5.55759e-01 | 35 -0.02333  3.29003e+00 | 36 -0.03904  8.80137e+00
 37 -0.04396  1.76643e+01 | 38  0.00220  4.03844e+01 | 39  0.00033  7.65941e+01
 40 -0.06478  4.69294e+01 | 41 -0.07511  4.50389e+01 | 42 -0.06431 -4.82581e+00
 43 -0.05978 -2.31914e+01 | 44  0.01279 -8.21287e+01 | 45  0.05297 -8.72786e+01
 46  0.01667 -5.02834e+01 | 47  0.06445 -6.67736e+01 | 48 -0.00289 -2.12367e+01
 49  0.01741 -2.28654e+01 | 50  0.07578 -4.33766e+01 | 51  0.12717 -2.40447e+01
 52  0.06943  1.41569e+00 | 53 -0.06968 -4.55033e+00 | 54 -0.04821 -2.70092e+01
 55 -0.06662 -1.91994e+01 | 56 -0.06547 -3.43130e+00 | 57 -0.10998  1.25530e+01
 58 -0.13214  1.96911e-01 | 59 -0.12419  1.15773e-01 | 60 -0.10556 -9.44712e+00
 61 -0.10747 -3.44741e+00 | 62 -0.02682 -2.46145e+00 | 63  0.00000  0.00000e+00
 64 -0.95803 -1.07106e+02 | 65 -0.90198  2.47255e+02 | 66 -0.88987  1.65635e+02
 67 -0.82056 -3.88273e+01 | 68 -0.85451 -3.75008e+01 | 69 -0.88517 -1.27639e+01
 70 -0.85778  8.64223e+01 | 71 -0.86978  1.01087e+02 | 72 -0.89768  9.04264e+01
 73 -0.89490 -2.20284e+02 | 74 -0.79654  3.17188e+01 | 75 -0.78197  2.49408e+01
 76 -0.74443 -8.19865e+00 | 77 -0.61590  1.78089e+01 | 78 -0.60206  1.34587e+01
 79 -0.59336  1.69161e+01 | 80 -0.65494  1.11753e+01 | 81 -0.68648  1.62287e+01
 82 -0.63151  1.25712e+01 | 83 -0.59200  6.06118e+00 | 84 -0.54293  9.96818e+00
 85 -0.53524  1.07781e+01 | 86 -0.52409  1.04240e+01 | 87 -0.58759  1.06788e+01
 88 -0.58476  1.00412e+01 | 89 -0.61924  1.43498e+01 | 90 -0.62803  2.04868e+01
 91 -0.64787  1.86969e+01 | 92 -0.62403 -4.19070e+00 | 93 -0.63328 -1.54619e+00
 94 -0.66664  1.61234e+01 | 95 -0.59458  2.17896e+01 | 96 -0.68513  1.51252e+01
 97 -0.63971  3.60326e+00 | 98 -0.70897  8.27304e-02 | 99 -0.69296  2.57675e+00
100 -0.69064  5.71475e+00 |101 -0.63144  4.99321e+00 |102 -0.60829  6.49654e+00
103 -0.62769  8.52441e+00 |104 -0.57781 -1.25859e+01 |105 -0.77212 -3.02796e+01
106 -0.75264 -2.44679e+01 |107 -0.79257 -2.44363e+01 |108 -0.74072 -2.63195e+01
109 -0.70062 -8.43080e+00 |110 -0.73203 -1.44120e+01 |111 -0.72728 -1.61600e+01
112 -0.92815 -4.61642e+02 |113 -0.83516 -4.95194e+01 |114 -0.80858 -6.71548e+01
115 -0.70677 -9.29579e+01 |116 -0.75023 -6.88594e+00 |117 -0.78108 -6.60612e+01
118 -0.75761 -2.11267e+01 |119 -0.81446 -3.90333e+01 |120 -0.82335 -8.41716e+01
121 -0.77458 -2.68606e+01 |122 -0.86555 -6.99812e+01 |123 -0.89703 -5.73773e+01
124 -0.88763  7.19361e+01 |125 -0.86006  1.58733e+02 |126 -0.85524 -2.71850e+00
127 -0.77998  4.27585e+01 |128 -0.83064  1.10038e+01 |129 -0.85302 -2.61747e+01
130 -0.81199 -3.98656e+01 |131 -0.81006 -4.94996e+01 |132 -0.77163 -4.73937e+00
133 -0.75898 -1.39202e+01 |134 -0.71169 -3.37761e+01 |135 -0.70212 -2.83031e+01
136 -0.70730 -2.90851e+01 |137 -0.64701 -1.53219e+01 |138 -0.68806 -3.20402e+01
139 -0.68681 -1.64673e+01 |140 -0.77023  4.06413e+01 |141 -0.72629  3.87994e+01
142 -0.67158  1.09316e+01 |143 -0.63214  2.27806e+00 |144 -0.60369 -3.51164e-01
145 -0.59897 -1.23894e+01 |146 -0.61772 -1.52184e+01 |147 -0.65883 -8.32668e+00
148 -0.71775 -2.64449e+01 |149 -0.65701 -6.54705e+00 |150 -0.62001 -1.09074e+01
151 -0.64988 -7.42825e+00 |152 -0.63915 -1.39182e+01 |153 -0.77452 -2.40199e+01
154 -0.77457 -1.57072e+01 |155 -0.85474 -6.54052e+01 |156 -0.74471 -2.53035e+01
157 -0.71627 -6.83466e+00 |158 -0.70696 -1.53574e+01 |159 -0.70788 -1.78766e+01
160 -0.95413  6.94987e+02 |161 -0.93400  2.59830e+02 |162 -0.96595  1.76445e+03
163 -0.87351 -1.52532e+02 |164 -0.81565  1.11632e+01 |165 -0.80881 -5.66676e-01
166 -0.80824 -1.09782e+00 |167 -0.81573 -8.02416e+00 |168 -0.75419 -8.67074e+00
169 -0.77638 -2.37897e+01 |170 -0.71156 -5.69227e+00 |171 -0.65021 -1.40452e+01
172 -0.51917 -6.38492e+00 |173 -0.53160 -5.97322e+00 |174 -0.65200 -5.34544e+00
175 -0.60339 -7.42508e+00 |176 -0.57552 -6.39691e+00 |177 -0.54075 -5.67054e+00
178 -0.55077  3.51314e+00 |179 -0.53463  6.89780e+00 |180 -0.48698  7.63652e-01
181 -0.45635  5.29833e-01 |182 -0.51039 -7.12822e+00 |183 -0.44685 -7.56050e+00
184 -0.40958 -5.15288e+00 |185 -0.50584 -1.08105e+01 |186 -0.57085 -1.21653e+01
187 -0.47770 -1.03088e+01 |188 -0.34915 -6.81297e+00 |189 -0.27919 -8.74490e-01
190 -0.33987  9.92313e+00 |191 -0.65753  1.84866e+01 |192 -0.66096  1.52730e+01
193 -0.83920  1.00958e+01 |194 -0.68657  7.97469e-01 |195 -0.64056  7.68891e+00
196 -0.69189  1.12646e+01 |197 -0.64441  1.11572e+01 |198  0.01106  6.15992e+02
199  0.00532  3.41061e+02 |200  0.01081 -3.94480e+01 |201  0.01885 -1.48064e-03
202  0.32998  4.44471e+01 |203 -0.01854 -6.92388e-04 |204  0.19510  1.68433e+02
205 -0.00254 -1.54985e-04 |206  0.32796 -3.80950e+02 |207  0.33250  8.68050e+01
208 -0.31206  6.09446e-04 |209  0.33071 -2.66269e+02 |210 -0.11843  1.10026e+01
211  0.00518  3.85793e+01 |212  0.17651 -6.79858e+00 |213 -0.30516 -1.61658e-03
214  0.36912  1.40181e+01 |215  0.05444  4.56890e+00 |216  0.23262 -9.61821e+01
217 -0.33238  6.34193e-04 |218  0.30889  1.32167e+02 |219 -0.07937  1.30218e+00
220 -0.02451 -7.01885e-01 |221  0.44452 -2.16201e+02 |222  0.41900  1.94023e+00
223  0.37829 -1.47795e+02 |224  0.23569 -1.69754e-04 |225  0.00289 -3.04568e-06
226  0.00999  3.04796e-04 |227  0.00475 -8.16366e-05 |228  0.40491  7.76382e+02
229  0.40979 -2.45560e+01 |230  0.40775  5.88255e+02 |231  0.41862 -2.86531e+02
232  0.01349 -2.48542e-05 |233  0.02028 -5.99099e-05 |234  0.10082  1.76823e-03
235  0.03369 -2.41162e-04 |236  0.38549  1.61539e+02 |237  0.28389 -3.39421e+01
238  0.35550  1.35922e+01 |239  0.39230  5.96817e+01 |240  0.20666 -8.70615e-04
241 -0.00451  6.53318e-06 |242 -0.00487  3.03902e-06 |243  0.01318 -6.70772e-05
244  0.36433 -4.68434e+02 |245  0.34985  5.77630e+01 |246  0.35796  3.39334e+00
247  0.36834 -1.89559e+02 |248  0.40648 -1.05684e+02 |249  0.91560  2.35195e-02
250  0.36066  2.74180e+02 |251  0.21727 -3.60682e+01 |252  0.11287 -7.00831e+01
253  0.03573  6.85346e-04 |254  0.05382  3.80839e-04 |255  0.41074  6.87419e+01
256  0.36371  1.13137e+02 |257  0.09377  1.96699e+01 |258  0.13894  6.19388e+01
259 -0.03342  5.21043e+00 |260 -0.01981 -2.11705e+01 |261 -0.00264 -2.89248e+01
262  0.03595 -1.99133e+01 |263 -0.02541  3.24712e+00 |264 -0.01287  2.92647e+01
265  0.00887 -5.37964e+01 |266 -0.04516  4.09609e+01 |267  0.04012 -4.44018e+01
268 -0.01458  1.76815e+01 |269  0.01383  3.29435e+00 |270  0.01552 -2.93835e+01
271  0.04644  1.84608e+00 |272 -0.02927 -7.23413e+00 |273  0.00449  1.13112e+01
274  0.00126  1.62405e+01 |275  0.01342  2.45051e+01 |276 -0.03199 -3.87737e+00
277  0.00444 -2.35144e+01 |278 -0.00242  3.08365e+01 |279 -0.10716 -7.14762e+01
280  0.02885  4.64016e+01 |281  0.03506 -7.88849e+00 |282  0.00355 -3.38019e+00
283  0.00570  2.47347e+01 |284  0.06030  1.16871e+01 |285 -0.00000  3.89290e-06
286 -0.00000 -4.22182e-06 |287  0.00000 -2.26650e-06 |288 -0.00000 -2.06300e-06
289 -0.00000 -1.51699e-06 |290  0.00000  1.63280e-06 |291 -0.00000 -1.47991e-05
292 -0.00000 -3.98598e-06 |293 -0.00000 -7.27349e-06 |294 -0.00000  2.90993e-06
295 -0.00000 -3.56034e-06 |296  0.00000 -1.23605e-06 |297 -0.00000  1.87422e-06
298 -0.01886 -3.88461e+00 |299 -0.02253  6.40228e+01 |300  0.00340  2.89563e+02
301 -0.01995 -3.85290e+01 |302 -0.03475  8.86758e+01 |303 -0.03101 -7.91253e+01
304  0.00405  4.59690e+01 |305  0.09165  9.60301e+01 |306  0.06011 -2.97201e+01
307 -0.01318  1.96662e+01 |308  0.00798  3.07696e+01 |309  0.03246 -2.56628e+01
310 -0.00960  5.45877e+00 |311 -0.01927 -3.21156e+01 |312  0.00515 -2.02317e+02
313 -0.02252  1.49055e+01 |314 -0.03506 -5.93213e+01 |315 -0.04766  1.12905e+01
316  0.00521 -3.14885e+01 |317  0.07090 -7.76042e+01 |318  0.04268 -1.69697e+01
319  0.00526 -8.64630e+00 |320 -0.00822 -1.14455e+01 |321 -0.01089  7.91294e+00
321 variables; iteration 80; function evaluation 85; phase 3
Function value 2.0891405e+03; maximum gradient component mag -3.2226e+03
Var    Value     Gradient |Var    Value     Gradient |Var    Value     Gradient
  1 -1.05722 -5.58809e+00 |  2 -0.01172 -3.22259e+03 |  3 -0.42281 -9.19980e+02
  4 -0.22416  3.37112e+02 |  5 -0.03087 -2.06755e+02 |  6 -0.03845 -3.46468e+00
  7 -0.02593 -1.46751e+00 |  8 -0.01947 -2.35080e+00 |  9  0.00185 -4.46806e+00
 10  0.02806 -9.48548e+00 | 11  0.00154 -2.04527e+01 | 12  0.13123 -1.61618e+01
 13 -0.00442 -5.77917e+00 | 14 -0.03472 -6.61637e+00 | 15 -0.03007 -3.00562e+01
 16  0.15112 -2.94696e+01 | 17  0.01135  6.19290e+00 | 18 -0.00222  1.02596e+01
 19  0.06705  4.34150e+01 | 20  0.02018  1.81756e+01 | 21  0.06252  5.03989e+01
 22  0.03722  8.99568e+01 | 23  0.09617  1.37557e+02 | 24  0.06449  5.68857e+01
 25  0.03508  3.09032e+01 | 26  0.03965  1.82965e+01 | 27  0.03873  3.53987e+00
 28  0.04606 -9.57523e+00 | 29  0.05873 -1.98382e+01 | 30  0.02097 -1.34454e+01
 31 -0.01260  2.63599e+00 | 32 -0.03431  7.19831e+00 | 33 -0.01429  1.13523e+01
 34  0.01311  7.55938e+00 | 35 -0.02202  1.06025e+01 | 36 -0.03787  1.30094e+01
 37 -0.04363  2.08312e+01 | 38  0.00335  4.61555e+01 | 39  0.00144  7.32086e+01
 40 -0.06378  3.76856e+01 | 41 -0.07432  4.40418e+01 | 42 -0.06269  6.61591e+00
 43 -0.05795 -7.21884e-01 | 44  0.01362 -6.13918e+01 | 45  0.05424 -6.83463e+01
 46  0.01856 -3.07141e+01 | 47  0.06589 -3.86988e+01 | 48 -0.00068 -2.81467e+00
 49  0.01948  4.85869e-01 | 50  0.07755 -1.55825e+01 | 51  0.12906 -1.32540e+01
 52  0.07047 -6.48115e+00 | 53 -0.06799 -4.24648e+00 | 54 -0.04743 -1.56042e+01
 55 -0.06482 -3.38586e+00 | 56 -0.06450  1.41521e+01 | 57 -0.10840  1.96309e+01
 58 -0.13155  4.92489e+00 | 59 -0.12264  3.37388e+00 | 60 -0.10475 -6.92653e+00
 61 -0.10620 -2.93096e+00 | 62 -0.02232 -7.19025e-01 | 63  0.00000  0.00000e+00
 64 -0.95812 -1.03674e+02 | 65 -0.90291  2.19183e+02 | 66 -0.89058  1.52403e+02
 67 -0.82099 -2.18554e+01 | 68 -0.85368 -4.50484e+01 | 69 -0.88430  1.02720e+01
 70 -0.85717  8.59047e+01 | 71 -0.86907  9.00326e+01 | 72 -0.89717  7.11308e+01
 73 -0.89415 -2.08727e+02 | 74 -0.79470  3.54772e+01 | 75 -0.78040  1.84597e+01
 76 -0.74401 -1.07993e+01 | 77 -0.61023  2.80011e+01 | 78 -0.59684  1.62903e+01
 79 -0.58800  1.82394e+01 | 80 -0.65055  1.26226e+01 | 81 -0.68273  1.89593e+01
 82 -0.62752  1.26592e+01 | 83 -0.58763  5.70875e+00 | 84 -0.53799  8.86542e+00
 85 -0.52975  1.08311e+01 | 86 -0.51771  1.17235e+01 | 87 -0.58183  1.16468e+01
 88 -0.57881  1.13663e+01 | 89 -0.61363  1.71567e+01 | 90 -0.62267  2.24823e+01
 91 -0.64311  1.93256e+01 | 92 -0.61287 -1.38894e+00 | 93 -0.62328 -3.14516e+00
 94 -0.66268  1.71239e+01 | 95 -0.58954  2.36359e+01 | 96 -0.68120  2.04301e+01
 97 -0.63568  5.08571e+00 | 98 -0.70589  2.51364e+00 | 99 -0.68994  3.71860e+00
100 -0.68777  7.97897e+00 |101 -0.62803  8.63444e+00 |102 -0.60500  8.40527e+00
103 -0.62436  1.28461e+01 |104 -0.57541 -1.16976e+01 |105 -0.77086 -3.46270e+01
106 -0.75107 -2.50208e+01 |107 -0.79143 -2.68927e+01 |108 -0.73896 -2.00982e+01
109 -0.69858 -4.82417e+00 |110 -0.73001 -9.17291e+00 |111 -0.72502 -9.37209e+00
112 -0.92867 -4.19284e+02 |113 -0.83513 -4.24890e+01 |114 -0.81002 -5.72679e+01
115 -0.71053 -7.34390e+01 |116 -0.74942 -1.56251e+01 |117 -0.77959 -6.25132e+01
118 -0.75665 -2.29929e+01 |119 -0.81390 -5.03991e+01 |120 -0.82231 -8.45473e+01
121 -0.77296 -2.39239e+01 |122 -0.86537 -7.57844e+01 |123 -0.89645 -3.01741e+01
124 -0.88796  1.25334e+02 |125 -0.85854  1.54264e+02 |126 -0.85345  9.16914e-01
127 -0.77757  3.32443e+01 |128 -0.82888 -3.04481e+00 |129 -0.85119 -1.49776e+01
130 -0.80986 -3.43123e+01 |131 -0.80799 -4.57269e+01 |132 -0.76915 -2.99831e+00
133 -0.75625 -1.21961e+01 |134 -0.70787 -2.97301e+01 |135 -0.69803 -2.80733e+01
136 -0.70300 -2.59214e+01 |137 -0.64186 -1.42917e+01 |138 -0.68348 -3.03619e+01
139 -0.68215 -1.27959e+01 |140 -0.76772  3.77159e+01 |141 -0.72314  3.89882e+01
142 -0.66717  1.49117e+01 |143 -0.62730  4.64971e+00 |144 -0.59837  3.45717e+00
145 -0.59415 -1.12977e+01 |146 -0.61331 -1.37317e+01 |147 -0.65526 -7.73145e+00
148 -0.71479 -2.06311e+01 |149 -0.65373 -3.00655e+00 |150 -0.61627 -5.74598e+00
151 -0.64647 -1.22958e+00 |152 -0.63707 -1.41047e+01 |153 -0.77314 -2.77204e+01
154 -0.77313 -1.90066e+01 |155 -0.85372 -5.91582e+01 |156 -0.74303 -2.22008e+01
157 -0.71450 -7.14007e+00 |158 -0.70462 -1.05798e+01 |159 -0.70536 -1.24631e+01
160 -0.95376  7.00264e+02 |161 -0.93336  2.80921e+02 |162 -0.96560  1.76331e+03
163 -0.87236 -1.67890e+02 |164 -0.81326  2.08844e+01 |165 -0.80650  2.56954e+00
166 -0.80566  1.46680e+01 |167 -0.81377 -2.34745e+00 |168 -0.75171 -4.82954e+00
169 -0.77414 -2.00471e+01 |170 -0.70845 -1.24972e+00 |171 -0.64678 -1.51451e+01
172 -0.51299 -3.64815e+00 |173 -0.52519 -4.24498e+00 |174 -0.64710 -1.38446e+00
175 -0.59775 -4.80689e+00 |176 -0.56956 -4.97282e+00 |177 -0.53428 -2.84874e+00
178 -0.54519  3.20019e+00 |179 -0.52931  3.78686e+00 |180 -0.48035  7.77295e-01
181 -0.44920  9.72855e-01 |182 -0.50350 -2.85494e+00 |183 -0.43927 -5.04321e+00
184 -0.40163 -3.43366e+00 |185 -0.49955 -8.02650e+00 |186 -0.56611 -1.04365e+01
187 -0.47179 -7.21614e+00 |188 -0.34189 -4.37438e+00 |189 -0.27111  2.04387e+00
190 -0.33365  1.10019e+01 |191 -0.65479  1.49694e+01 |192 -0.65821  1.21732e+01
193 -0.83786  1.15925e+01 |194 -0.68379  4.19484e+00 |195 -0.63721  1.06456e+01
196 -0.68903  1.34700e+01 |197 -0.64071  1.51269e+01 |198  0.01196  6.08060e+02
199  0.00564  4.45759e+02 |200  0.01265 -4.37645e+01 |201  0.01885 -1.75376e-03
202  0.33171  5.92906e+01 |203 -0.01854 -8.84695e-04 |204  0.18839  1.42209e+02
205 -0.00254 -1.44073e-04 |206  0.32952 -3.11349e+02 |207  0.33586  6.25753e+01
208 -0.31205  7.36614e-04 |209  0.33174 -1.94643e+02 |210 -0.14021  8.99594e+00
211  0.00853  5.36292e+01 |212  0.17768 -6.60579e+00 |213 -0.30514 -1.59095e-03
214  0.36942  1.41357e+01 |215  0.05417  4.47028e+00 |216  0.23264 -1.09564e+02
217 -0.33238  6.53125e-04 |218  0.30902  1.74753e+02 |219 -0.07777  4.46302e+00
220 -0.02200  9.96449e+00 |221  0.44862 -2.18413e+02 |222  0.43526  8.17738e+00
223  0.38178 -1.56534e+02 |224  0.23569 -1.67472e-04 |225  0.00289 -1.67039e-07
226  0.00999  2.99234e-04 |227  0.00475 -8.19701e-05 |228  0.40544  7.82065e+02
229  0.41240 -4.25388e+01 |230  0.40824  6.08796e+02 |231  0.41861 -2.60205e+02
232  0.01349 -2.34243e-05 |233  0.02028 -3.45688e-05 |234  0.10080  1.71382e-03
235  0.03369 -2.44825e-04 |236  0.39025  1.60661e+02 |237  0.28689 -3.17487e+01
238  0.35845 -1.24437e+00 |239  0.39258  5.69020e+01 |240  0.20667 -8.95997e-04
241 -0.00451  5.21809e-06 |242 -0.00487  3.03296e-06 |243  0.01319 -6.70498e-05
244  0.36547 -4.58875e+02 |245  0.35066  5.76606e+01 |246  0.35856  3.01946e+01
247  0.36831 -1.88772e+02 |248  0.40931 -1.02891e+02 |249  0.91536  2.34539e-02
250  0.36130  2.68584e+02 |251  0.21351 -3.60859e+01 |252  0.11777 -6.40897e+01
253  0.03573  6.59475e-04 |254  0.05382  5.42859e-04 |255  0.40790  6.40902e+01
256  0.36560  1.08156e+02 |257  0.09584  1.77762e+01 |258  0.13804  5.84011e+01
259 -0.02936  2.23500e+00 |260 -0.02118 -1.85296e+01 |261 -0.00271 -2.56085e+01
262  0.03465 -3.02526e+01 |263 -0.02161  8.21826e+00 |264 -0.00996  2.92923e+01
265  0.00753 -5.64479e+01 |266 -0.04555  3.91301e+01 |267  0.04014 -4.99268e+01
268 -0.01492  1.72866e+01 |269  0.01420  3.36106e+00 |270  0.01564 -2.29193e+01
271  0.04125 -2.52431e+00 |272 -0.02121 -2.45347e+00 |273  0.00305  8.94772e+00
274  0.00045  1.42375e+01 |275  0.01216  3.09644e+01 |276 -0.02600 -3.29655e+00
277  0.00747 -2.14580e+01 |278 -0.00414  3.27685e+01 |279 -0.10828 -7.16900e+01
280  0.02836  5.69607e+01 |281  0.03339 -8.52403e+00 |282  0.00270 -3.69356e+00
283  0.00511  2.24589e+01 |284  0.05653  1.13306e+01 |285 -0.00000  2.21815e-06
286 -0.00000 -4.02757e-06 |287  0.00000 -2.06500e-06 |288 -0.00000 -3.92326e-07
289 -0.00000  1.76707e-06 |290  0.00000  2.52105e-06 |291  0.00000 -2.72695e-06
292 -0.00000 -2.51177e-06 |293 -0.00000 -5.68201e-07 |294 -0.00000  2.52291e-06
295 -0.00000 -3.18374e-06 |296  0.00000 -5.17164e-07 |297  0.00000  5.22794e-06
298 -0.00936 -1.12403e-01 |299 -0.02270  5.93253e+01 |300 -0.00245  2.17282e+02
301 -0.01809 -1.11098e+01 |302 -0.02922  1.09164e+02 |303 -0.02941 -7.63411e+01
304  0.00508  4.23265e+01 |305  0.09376  9.23211e+01 |306  0.06236 -4.05021e+01
307 -0.01176  2.14167e+01 |308  0.00780  2.09746e+01 |309  0.03177 -4.83764e+01
310 -0.00032  8.55622e+00 |311 -0.02237 -2.77784e+01 |312 -0.00456 -1.53911e+02
313 -0.02619  1.78729e+00 |314 -0.03051 -6.40797e+01 |315 -0.04954  1.02475e+01
316  0.00267 -2.61901e+01 |317  0.06957 -6.79916e+01 |318  0.04151 -8.84275e+00
319  0.00672 -9.16988e+00 |320 -0.01348 -9.38276e+00 |321 -0.00989  1.57262e+01
Maximum number of function evaluations exceeded

 - final statistics:
321 variables; iteration 96; function evaluation 100
Function value 2.0886e+03; maximum gradient component mag -3.1793e+03
Exit code = 3;  converg criter 1.0000e+00
Var    Value     Gradient |Var    Value     Gradient |Var    Value     Gradient
  1 -1.05903 -2.13505e+00 |  2 -0.01171 -3.17928e+03 |  3 -0.42292 -1.19748e+03
  4 -0.22531  4.52283e+01 |  5 -0.02885 -3.07960e+02 |  6 -0.03751 -4.60472e+00
  7 -0.02620 -2.60551e+00 |  8 -0.02234 -5.10642e+00 |  9 -0.00845 -1.02922e+01
 10  0.02561 -1.50249e+01 | 11  0.00449 -2.56655e+01 | 12  0.12777 -3.53804e+01
 13 -0.01146 -1.49411e+01 | 14 -0.03837 -1.20854e+01 | 15 -0.01451 -2.82062e+01
 16  0.15160 -4.11423e+01 | 17  0.01430  4.65878e+00 | 18 -0.00081  8.64523e+00
 19  0.06759  4.05079e+01 | 20  0.02193  1.64685e+01 | 21  0.06413  5.08700e+01
 22  0.04038  9.17540e+01 | 23  0.09416  1.29396e+02 | 24  0.06724  5.38987e+01
 25  0.03460  2.51827e+01 | 26  0.04110  1.30715e+01 | 27  0.03903 -4.72179e+00
 28  0.04702 -1.86090e+01 | 29  0.05897 -3.01202e+01 | 30  0.02175 -1.75431e+01
 31 -0.01184 -5.13995e-01 | 32 -0.03430  1.27005e+00 | 33 -0.01377  4.72460e+00
 34  0.01368 -2.67830e+00 | 35 -0.02221 -5.55593e+00 | 36 -0.03794 -7.59050e-01
 37 -0.04300  1.51451e+01 | 38  0.00358  3.81048e+01 | 39  0.00224  6.46992e+01
 40 -0.06279  2.99862e+01 | 41 -0.07360  3.86955e+01 | 42 -0.06162  5.72968e+00
 43 -0.05730  1.63747e+00 | 44  0.01514 -5.03785e+01 | 45  0.05470 -7.24601e+01
 46  0.01902 -4.11557e+01 | 47  0.06641 -5.73826e+01 | 48 -0.00063 -1.50888e+01
 49  0.01996 -7.77128e+00 | 50  0.07797 -2.01166e+01 | 51  0.12949 -1.17285e+01
 52  0.07100 -3.76339e+00 | 53 -0.06831 -4.69376e+00 | 54 -0.04716 -1.61311e+01
 55 -0.06458 -8.60566e+00 | 56 -0.06448 -3.26265e+00 | 57 -0.10843  6.33637e+00
 58 -0.13130 -2.16477e+00 | 59 -0.12238  1.03217e+00 | 60 -0.10389 -5.86569e+00
 61 -0.10660 -3.76893e+00 | 62 -0.02305 -1.04141e+00 | 63  0.00000  0.00000e+00
 64 -0.95819 -1.32150e+02 | 65 -0.90275  2.04214e+02 | 66 -0.89211  1.24295e+02
 67 -0.82204 -3.33482e+01 | 68 -0.85472 -6.21141e+01 | 69 -0.88512  1.51689e+01
 70 -0.85799  7.68418e+01 | 71 -0.86945  8.01755e+01 | 72 -0.89742  6.73974e+01
 73 -0.89439 -2.03637e+02 | 74 -0.79546  4.46385e+01 | 75 -0.78036  2.41353e+01
 76 -0.74414 -1.41245e+01 | 77 -0.60972  2.62301e+01 | 78 -0.59570  1.82761e+01
 79 -0.58714  1.75535e+01 | 80 -0.64969  1.19141e+01 | 81 -0.68175  1.86628e+01
 82 -0.62616  1.36803e+01 | 83 -0.58565  9.18024e+00 | 84 -0.53582  1.07617e+01
 85 -0.52725  1.22652e+01 | 86 -0.51522  1.11901e+01 | 87 -0.57896  1.34867e+01
 88 -0.57578  1.25282e+01 | 89 -0.61107  1.52825e+01 | 90 -0.62013  2.08822e+01
 91 -0.64069  1.93631e+01 | 92 -0.59791 -2.93082e-01 | 93 -0.60944 -5.33060e-01
 94 -0.66150  1.61775e+01 | 95 -0.58858  2.07416e+01 | 96 -0.68031  2.01850e+01
 97 -0.63459  4.84872e+00 | 98 -0.70464  5.33952e+00 | 99 -0.68879  2.42949e+00
100 -0.68672  4.02741e+00 |101 -0.62668  5.16694e+00 |102 -0.60313  7.10158e+00
103 -0.62244  1.13354e+01 |104 -0.57279 -1.15777e+01 |105 -0.76941 -3.50090e+01
106 -0.74908 -1.70063e+01 |107 -0.79023 -2.90080e+01 |108 -0.73750 -2.10064e+01
109 -0.69664 -2.47531e+00 |110 -0.72876 -1.58359e+01 |111 -0.72366 -1.47339e+01
112 -0.92906 -4.18158e+02 |113 -0.83567 -5.43208e+01 |114 -0.80959 -6.03552e+01
115 -0.71142 -8.12004e+01 |116 -0.75097 -1.68354e+01 |117 -0.78085 -6.81182e+01
118 -0.75784 -2.65905e+01 |119 -0.81495 -5.67313e+01 |120 -0.82302 -7.55134e+01
121 -0.77350 -2.43903e+01 |122 -0.86467 -6.98723e+01 |123 -0.89672 -2.29527e+01
124 -0.88772  1.30308e+02 |125 -0.85865  1.33439e+02 |126 -0.85320  7.28944e-01
127 -0.77690  3.88095e+01 |128 -0.82880 -1.65047e+01 |129 -0.85094 -2.40134e+01
130 -0.80986 -5.37260e+01 |131 -0.80724 -4.05952e+01 |132 -0.76889 -1.68466e+01
133 -0.75502 -8.60907e+00 |134 -0.70615 -2.59014e+01 |135 -0.69626 -2.74134e+01
136 -0.70094 -2.36211e+01 |137 -0.63952 -1.48808e+01 |138 -0.68158 -3.30781e+01
139 -0.68006 -1.15599e+01 |140 -0.76617  4.17351e+01 |141 -0.72204  3.37481e+01
142 -0.66596  1.14493e+01 |143 -0.62578  4.44730e+00 |144 -0.59685  3.61733e+00
145 -0.59228 -8.76498e+00 |146 -0.61162 -1.34114e+01 |147 -0.65362 -7.80262e+00
148 -0.71342 -2.18649e+01 |149 -0.65218 -6.39897e+00 |150 -0.61404 -6.43600e+00
151 -0.64404 -2.43770e-01 |152 -0.63416 -1.51156e+01 |153 -0.77120 -2.54249e+01
154 -0.77146 -2.19527e+01 |155 -0.85247 -5.04891e+01 |156 -0.74101 -2.01122e+01
157 -0.71248 -9.37329e+00 |158 -0.70252 -1.26864e+01 |159 -0.70345 -1.73372e+01
160 -0.95394  6.69696e+02 |161 -0.93350  2.73430e+02 |162 -0.96561  1.75370e+03
163 -0.87233 -1.70517e+02 |164 -0.81294  2.85036e+01 |165 -0.80656 -4.46336e+00
166 -0.80560  1.05395e+01 |167 -0.81356 -3.36887e+00 |168 -0.75151 -8.32930e+00
169 -0.77358 -1.55825e+01 |170 -0.70789 -1.70479e+00 |171 -0.64589 -1.60402e+01
172 -0.51130 -3.03313e+00 |173 -0.52361 -5.43313e+00 |174 -0.64577 -4.56205e+00
175 -0.59598 -6.38672e+00 |176 -0.56796 -7.89900e+00 |177 -0.53176  1.53384e-01
178 -0.54386  2.17814e+00 |179 -0.52777  6.45168e+00 |180 -0.48001 -1.45856e+00
181 -0.44910 -2.10202e+00 |182 -0.50279 -2.36065e+00 |183 -0.43792 -2.57293e+00
184 -0.40034 -2.63107e+00 |185 -0.49822 -6.93047e+00 |186 -0.56518 -1.16509e+01
187 -0.47063 -8.79564e+00 |188 -0.34000 -5.41944e+00 |189 -0.26783  2.41642e+00
190 -0.32506  1.29519e+01 |191 -0.65113  1.54025e+01 |192 -0.65502  1.07718e+01
193 -0.83604  2.67646e+01 |194 -0.68082  4.69470e+00 |195 -0.63387  9.75067e+00
196 -0.68633  1.04207e+01 |197 -0.63766  1.19132e+01 |198  0.01227  5.84063e+02
199  0.00584  4.42133e+02 |200  0.01180 -3.93175e+01 |201  0.01886 -2.18758e-03
202  0.33145  5.50249e+01 |203 -0.01850 -1.06206e-03 |204  0.18121  1.55148e+02
205 -0.00254 -1.45942e-04 |206  0.32689 -3.49140e+02 |207  0.33539  4.89109e+01
208 -0.31202  7.46980e-04 |209  0.33158 -1.66784e+02 |210 -0.13110  9.70764e+00
211  0.00755  3.97870e+01 |212  0.17808 -6.11005e+00 |213 -0.30508 -1.57049e-03
214  0.36955  1.37005e+01 |215  0.05404  4.55107e+00 |216  0.23279 -1.04832e+02
217 -0.33240  5.01865e-04 |218  0.30909  1.72482e+02 |219 -0.07830  3.89536e+00
220 -0.02092  1.09639e+01 |221  0.44977 -2.15019e+02 |222  0.46831  1.13175e+01
223  0.38239 -1.50345e+02 |224  0.23571 -1.51552e-04 |225  0.00289  5.39069e-06
226  0.00998  2.89370e-04 |227  0.00475 -8.86637e-05 |228  0.40548  7.61075e+02
229  0.41843 -3.81935e+01 |230  0.40827  5.89545e+02 |231  0.41850 -2.54911e+02
232  0.01349 -2.22578e-05 |233  0.02028  1.44733e-05 |234  0.10073  1.65615e-03
235  0.03369 -2.91562e-04 |236  0.39099  1.57152e+02 |237  0.28859 -3.10694e+01
238  0.35972  2.24157e-01 |239  0.39479  6.00262e+01 |240  0.20669 -9.93598e-04
241 -0.00451  3.65203e-06 |242 -0.00487  9.75992e-07 |243  0.01319 -6.80487e-05
244  0.36569 -4.34922e+02 |245  0.35103  5.64689e+01 |246  0.35886  3.42101e+01
247  0.36874 -1.95878e+02 |248  0.41394 -9.90352e+01 |249  0.91445  2.32019e-02
250  0.36241  2.68318e+02 |251  0.21096 -3.67367e+01 |252  0.11737 -6.27073e+01
253  0.03571  6.29197e-04 |254  0.05381  5.01799e-04 |255  0.40640  6.35109e+01
256  0.36529  1.04889e+02 |257  0.09711  1.94772e+01 |258  0.13791  5.51718e+01
259 -0.03018  4.25240e+00 |260 -0.01699 -1.45509e+01 |261 -0.00797 -2.30996e+01
262  0.03613 -2.15248e+01 |263 -0.02191  1.12205e+01 |264 -0.01425  2.31603e+01
265  0.00714 -5.63476e+01 |266 -0.04416  4.62414e+01 |267  0.04043 -4.85373e+01
268 -0.01607  1.74511e+01 |269  0.01245 -3.42149e+00 |270  0.01543 -3.08140e+01
271  0.04076 -1.40105e+00 |272 -0.02301 -3.88849e+00 |273  0.00374  6.91626e+00
274  0.00080  1.23070e+01 |275  0.01406  2.71414e+01 |276 -0.02666 -4.38161e+00
277  0.00319 -2.04759e+01 |278 -0.00445  3.26072e+01 |279 -0.10468 -7.16079e+01
280  0.02842  5.62130e+01 |281  0.03178 -9.96191e+00 |282  0.00217 -7.90357e-01
283  0.00513  2.73486e+01 |284  0.05585  9.29718e+00 |285 -0.00000  3.48737e-06
286 -0.00000 -3.73925e-06 |287  0.00000 -1.59425e-06 |288 -0.00000 -9.77292e-06
289 -0.00000  1.13132e-06 |290  0.00000  2.44179e-06 |291 -0.00000 -1.87366e-08
292 -0.00000  5.96646e-06 |293 -0.00000 -4.37165e-06 |294 -0.00000  3.01309e-06
295 -0.00000 -3.13681e-06 |296  0.00000 -1.08430e-06 |297 -0.00000  2.76808e-06
298 -0.00991 -1.94410e+00 |299 -0.01508  6.22088e+01 |300  0.00242  2.39327e+02
301 -0.01635 -4.49063e+00 |302 -0.02734  1.20133e+02 |303 -0.02705 -7.44300e+01
304  0.00590  4.55316e+01 |305  0.09503  9.31155e+01 |306  0.06449 -3.38437e+01
307 -0.00806  2.09160e+01 |308  0.00899  1.73172e+01 |309  0.03338 -5.03623e+01
310 -0.00203  1.07706e+01 |311 -0.01392 -2.92581e+01 |312  0.00115 -1.69560e+02
313 -0.02476 -3.36648e-01 |314 -0.02927 -6.96597e+01 |315 -0.04630  1.30515e+01
316  0.00317 -2.81797e+01 |317  0.07111 -7.79965e+01 |318  0.04357 -1.55697e+01
319  0.00628 -8.32904e+00 |320 -0.01149 -7.31764e+00 |321 -0.01038  1.59440e+01

Initial statistics: 321 variables; iteration 0; function evaluation 0; phase 4
Function value 2.0885808e+03; maximum gradient component mag -3.1793e+03
Var    Value     Gradient |Var    Value     Gradient |Var    Value     Gradient
  1 -0.94097  2.13505e+00 |  2 -0.01171 -3.17928e+03 |  3 -0.42292 -1.19748e+03
  4 -0.22531  4.52283e+01 |  5 -0.02885 -3.07960e+02 |  6 -0.03751 -4.60472e+00
  7 -0.02620 -2.60551e+00 |  8 -0.02234 -5.10642e+00 |  9 -0.00845 -1.02922e+01
 10  0.02561 -1.50249e+01 | 11  0.00449 -2.56655e+01 | 12  0.12777 -3.53804e+01
 13 -0.01146 -1.49411e+01 | 14 -0.03837 -1.20854e+01 | 15 -0.01451 -2.82062e+01
 16  0.15160 -4.11423e+01 | 17  0.01430  4.65878e+00 | 18 -0.00081  8.64523e+00
 19  0.06759  4.05079e+01 | 20  0.02193  1.64685e+01 | 21  0.06413  5.08700e+01
 22  0.04038  9.17540e+01 | 23  0.09416  1.29396e+02 | 24  0.06724  5.38987e+01
 25  0.03460  2.51827e+01 | 26  0.04110  1.30715e+01 | 27  0.03903 -4.72179e+00
 28  0.04702 -1.86090e+01 | 29  0.05897 -3.01202e+01 | 30  0.02175 -1.75431e+01
 31 -0.01184 -5.13995e-01 | 32 -0.03430  1.27005e+00 | 33 -0.01377  4.72460e+00
 34  0.01368 -2.67830e+00 | 35 -0.02221 -5.55593e+00 | 36 -0.03794 -7.59050e-01
 37 -0.04300  1.51451e+01 | 38  0.00358  3.81048e+01 | 39  0.00224  6.46992e+01
 40 -0.06279  2.99862e+01 | 41 -0.07360  3.86955e+01 | 42 -0.06162  5.72968e+00
 43 -0.05730  1.63747e+00 | 44  0.01514 -5.03785e+01 | 45  0.05470 -7.24601e+01
 46  0.01902 -4.11557e+01 | 47  0.06641 -5.73826e+01 | 48 -0.00063 -1.50888e+01
 49  0.01996 -7.77128e+00 | 50  0.07797 -2.01166e+01 | 51  0.12949 -1.17285e+01
 52  0.07100 -3.76339e+00 | 53 -0.06831 -4.69376e+00 | 54 -0.04716 -1.61311e+01
 55 -0.06458 -8.60566e+00 | 56 -0.06448 -3.26265e+00 | 57 -0.10843  6.33637e+00
 58 -0.13130 -2.16477e+00 | 59 -0.12238  1.03217e+00 | 60 -0.10389 -5.86569e+00
 61 -0.10660 -3.76893e+00 | 62 -0.02305 -1.04141e+00 | 63  0.00000  0.00000e+00
 64 -0.95819 -1.32150e+02 | 65 -0.90275  2.04214e+02 | 66 -0.89211  1.24295e+02
 67 -0.82204 -3.33482e+01 | 68 -0.85472 -6.21141e+01 | 69 -0.88512  1.51689e+01
 70 -0.85799  7.68418e+01 | 71 -0.86945  8.01755e+01 | 72 -0.89742  6.73974e+01
 73 -0.89439 -2.03637e+02 | 74 -0.79546  4.46385e+01 | 75 -0.78036  2.41353e+01
 76 -0.74414 -1.41245e+01 | 77 -0.60972  2.62301e+01 | 78 -0.59570  1.82761e+01
 79 -0.58714  1.75535e+01 | 80 -0.64969  1.19141e+01 | 81 -0.68175  1.86628e+01
 82 -0.62616  1.36803e+01 | 83 -0.58565  9.18024e+00 | 84 -0.53582  1.07617e+01
 85 -0.52725  1.22652e+01 | 86 -0.51522  1.11901e+01 | 87 -0.57896  1.34867e+01
 88 -0.57578  1.25282e+01 | 89 -0.61107  1.52825e+01 | 90 -0.62013  2.08822e+01
 91 -0.64069  1.93631e+01 | 92 -0.59791 -2.93082e-01 | 93 -0.60944 -5.33060e-01
 94 -0.66150  1.61775e+01 | 95 -0.58858  2.07416e+01 | 96 -0.68031  2.01850e+01
 97 -0.63459  4.84872e+00 | 98 -0.70464  5.33952e+00 | 99 -0.68879  2.42949e+00
100 -0.68672  4.02741e+00 |101 -0.62668  5.16694e+00 |102 -0.60313  7.10158e+00
103 -0.62244  1.13354e+01 |104 -0.57279 -1.15777e+01 |105 -0.76941 -3.50090e+01
106 -0.74908 -1.70063e+01 |107 -0.79023 -2.90080e+01 |108 -0.73750 -2.10064e+01
109 -0.69664 -2.47531e+00 |110 -0.72876 -1.58359e+01 |111 -0.72366 -1.47339e+01
112 -0.92906 -4.18158e+02 |113 -0.83567 -5.43208e+01 |114 -0.80959 -6.03552e+01
115 -0.71142 -8.12004e+01 |116 -0.75097 -1.68354e+01 |117 -0.78085 -6.81182e+01
118 -0.75784 -2.65905e+01 |119 -0.81495 -5.67313e+01 |120 -0.82302 -7.55134e+01
121 -0.77350 -2.43903e+01 |122 -0.86467 -6.98723e+01 |123 -0.89672 -2.29527e+01
124 -0.88772  1.30308e+02 |125 -0.85865  1.33439e+02 |126 -0.85320  7.28944e-01
127 -0.77690  3.88095e+01 |128 -0.82880 -1.65047e+01 |129 -0.85094 -2.40134e+01
130 -0.80986 -5.37260e+01 |131 -0.80724 -4.05952e+01 |132 -0.76889 -1.68466e+01
133 -0.75502 -8.60907e+00 |134 -0.70615 -2.59014e+01 |135 -0.69626 -2.74134e+01
136 -0.70094 -2.36211e+01 |137 -0.63952 -1.48808e+01 |138 -0.68158 -3.30781e+01
139 -0.68006 -1.15599e+01 |140 -0.76617  4.17351e+01 |141 -0.72204  3.37481e+01
142 -0.66596  1.14493e+01 |143 -0.62578  4.44730e+00 |144 -0.59685  3.61733e+00
145 -0.59228 -8.76498e+00 |146 -0.61162 -1.34114e+01 |147 -0.65362 -7.80262e+00
148 -0.71342 -2.18649e+01 |149 -0.65218 -6.39897e+00 |150 -0.61404 -6.43600e+00
151 -0.64404 -2.43770e-01 |152 -0.63416 -1.51156e+01 |153 -0.77120 -2.54249e+01
154 -0.77146 -2.19527e+01 |155 -0.85247 -5.04891e+01 |156 -0.74101 -2.01122e+01
157 -0.71248 -9.37329e+00 |158 -0.70252 -1.26864e+01 |159 -0.70345 -1.73372e+01
160 -0.95394  6.69696e+02 |161 -0.93350  2.73430e+02 |162 -0.96561  1.75370e+03
163 -0.87233 -1.70517e+02 |164 -0.81294  2.85036e+01 |165 -0.80656 -4.46336e+00
166 -0.80560  1.05395e+01 |167 -0.81356 -3.36887e+00 |168 -0.75151 -8.32930e+00
169 -0.77358 -1.55825e+01 |170 -0.70789 -1.70479e+00 |171 -0.64589 -1.60402e+01
172 -0.51130 -3.03313e+00 |173 -0.52361 -5.43313e+00 |174 -0.64577 -4.56205e+00
175 -0.59598 -6.38672e+00 |176 -0.56796 -7.89900e+00 |177 -0.53176  1.53384e-01
178 -0.54386  2.17814e+00 |179 -0.52777  6.45168e+00 |180 -0.48001 -1.45856e+00
181 -0.44910 -2.10202e+00 |182 -0.50279 -2.36065e+00 |183 -0.43792 -2.57293e+00
184 -0.40034 -2.63107e+00 |185 -0.49822 -6.93047e+00 |186 -0.56518 -1.16509e+01
187 -0.47063 -8.79564e+00 |188 -0.34000 -5.41944e+00 |189 -0.26783  2.41642e+00
190 -0.32506  1.29519e+01 |191 -0.65113  1.54025e+01 |192 -0.65502  1.07718e+01
193 -0.83604  2.67646e+01 |194 -0.68082  4.69470e+00 |195 -0.63387  9.75067e+00
196 -0.68633  1.04207e+01 |197 -0.63766  1.19132e+01 |198  0.01227  5.84063e+02
199  0.00584  4.42133e+02 |200  0.01180 -3.93175e+01 |201  0.01886 -2.18758e-03
202  0.33145  5.50249e+01 |203 -0.01850 -1.06206e-03 |204  0.18121  1.55148e+02
205 -0.00254 -1.45942e-04 |206  0.32689 -3.49140e+02 |207  0.33539  4.89109e+01
208 -0.31202  7.46980e-04 |209  0.33158 -1.66784e+02 |210 -0.13110  9.70764e+00
211  0.00755  3.97870e+01 |212  0.17808 -6.11005e+00 |213 -0.30508 -1.57049e-03
214  0.36955  1.37005e+01 |215  0.05404  4.55107e+00 |216  0.23279 -1.04832e+02
217 -0.33240  5.01865e-04 |218  0.30909  1.72482e+02 |219 -0.07830  3.89536e+00
220 -0.02092  1.09639e+01 |221  0.44977 -2.15019e+02 |222  0.46831  1.13175e+01
223  0.38239 -1.50345e+02 |224  0.23571 -1.51552e-04 |225  0.00289  5.39069e-06
226  0.00998  2.89370e-04 |227  0.00475 -8.86637e-05 |228  0.40548  7.61075e+02
229  0.41843 -3.81935e+01 |230  0.40827  5.89545e+02 |231  0.41850 -2.54911e+02
232  0.01349 -2.22578e-05 |233  0.02028  1.44733e-05 |234  0.10073  1.65615e-03
235  0.03369 -2.91562e-04 |236  0.39099  1.57152e+02 |237  0.28859 -3.10694e+01
238  0.35972  2.24157e-01 |239  0.39479  6.00262e+01 |240  0.20669 -9.93598e-04
241 -0.00451  3.65203e-06 |242 -0.00487  9.75992e-07 |243  0.01319 -6.80487e-05
244  0.36569 -4.34922e+02 |245  0.35103  5.64689e+01 |246  0.35886  3.42101e+01
247  0.36874 -1.95878e+02 |248  0.41394 -9.90352e+01 |249  0.91445  2.32019e-02
250  0.36241  2.68318e+02 |251  0.21096 -3.67367e+01 |252  0.11737 -6.27073e+01
253  0.03571  6.29197e-04 |254  0.05381  5.01799e-04 |255  0.40640  6.35109e+01
256  0.36529  1.04889e+02 |257  0.09711  1.94772e+01 |258  0.13791  5.51718e+01
259 -0.03018  4.25240e+00 |260 -0.01699 -1.45509e+01 |261 -0.00797 -2.30996e+01
262  0.03613 -2.15248e+01 |263 -0.02191  1.12205e+01 |264 -0.01425  2.31603e+01
265  0.00714 -5.63476e+01 |266 -0.04416  4.62414e+01 |267  0.04043 -4.85373e+01
268 -0.01607  1.74511e+01 |269  0.01245 -3.42149e+00 |270  0.01543 -3.08140e+01
271  0.04076 -1.40105e+00 |272 -0.02301 -3.88849e+00 |273  0.00374  6.91626e+00
274  0.00080  1.23070e+01 |275  0.01406  2.71414e+01 |276 -0.02666 -4.38161e+00
277  0.00319 -2.04759e+01 |278 -0.00445  3.26072e+01 |279 -0.10468 -7.16079e+01
280  0.02842  5.62130e+01 |281  0.03178 -9.96191e+00 |282  0.00217 -7.90357e-01
283  0.00513  2.73486e+01 |284  0.05585  9.29718e+00 |285 -0.00000  3.48737e-06
286 -0.00000 -3.73925e-06 |287  0.00000 -1.59425e-06 |288 -0.00000 -9.77292e-06
289 -0.00000  1.13132e-06 |290  0.00000  2.44179e-06 |291 -0.00000 -1.87366e-08
292 -0.00000  5.96646e-06 |293 -0.00000 -4.37165e-06 |294 -0.00000  3.01309e-06
295 -0.00000 -3.13681e-06 |296  0.00000 -1.08430e-06 |297 -0.00000  2.76808e-06
298 -0.00991 -1.94410e+00 |299 -0.01508  6.22088e+01 |300  0.00242  2.39327e+02
301 -0.01635 -4.49063e+00 |302 -0.02734  1.20133e+02 |303 -0.02705 -7.44300e+01
304  0.00590  4.55316e+01 |305  0.09503  9.31155e+01 |306  0.06449 -3.38437e+01
307 -0.00806  2.09160e+01 |308  0.00899  1.73172e+01 |309  0.03338 -5.03623e+01
310 -0.00203  1.07706e+01 |311 -0.01392 -2.92581e+01 |312  0.00115 -1.69560e+02
313 -0.02476 -3.36648e-01 |314 -0.02927 -6.96597e+01 |315 -0.04630  1.30515e+01
316  0.00317 -2.81797e+01 |317  0.07111 -7.79965e+01 |318  0.04357 -1.55697e+01
319  0.00628 -8.32904e+00 |320 -0.01149 -7.31764e+00 |321 -0.01038  1.59440e+01

Intermediate statistics: 321 variables; iteration 20; function evaluation 23; phase 4
Function value 2.0776601e+03; maximum gradient component mag 1.7726e+03
Var    Value     Gradient |Var    Value     Gradient |Var    Value     Gradient
  1 -0.95148  6.20569e+00 |  2 -0.01136  4.68562e+02 |  3 -0.42242 -4.66013e+02
  4 -0.22486  7.28189e+01 |  5 -0.03221 -2.24465e+02 |  6 -0.04182 -4.03638e+00
  7 -0.02834 -2.29885e+00 |  8 -0.02504 -4.18931e+00 |  9 -0.01133 -8.32962e+00
 10  0.01974 -1.26158e+01 | 11  0.00653 -2.33483e+01 | 12  0.12098 -3.55787e+01
 13 -0.00418 -1.04945e+01 | 14 -0.03316  1.94675e+00 | 15 -0.00547 -1.36358e+01
 16  0.14516 -3.42912e+01 | 17  0.01033 -9.50088e+00 | 18 -0.00197 -1.66714e+01
 19  0.07210 -3.18560e+00 | 20  0.03945 -9.39824e+00 | 21  0.08631  2.97095e+01
 22  0.03461  4.90774e+01 | 23  0.08437  6.66286e+01 | 24  0.07056  2.15202e+01
 25  0.03397  1.30810e+01 | 26  0.04031  1.09462e+01 | 27  0.03892  5.42202e-01
 28  0.04508 -1.39448e+01 | 29  0.05917 -5.00119e+00 | 30  0.02205  1.12355e+01
 31 -0.01357  1.88033e+01 | 32 -0.03413  2.08852e+01 | 33 -0.01610  1.55765e+01
 34  0.01332 -3.03852e-01 | 35 -0.02321 -1.66347e+01 | 36 -0.03790 -2.30262e+01
 37 -0.04562 -2.40983e+01 | 38  0.00364 -1.65132e+01 | 39 -0.00012  4.32676e+00
 40 -0.05898  1.21527e+01 | 41 -0.08080  1.58564e-01 | 42 -0.05852  1.59947e+01
 43 -0.06126 -1.54672e+00 | 44  0.01626  7.68390e+00 | 45  0.05500  9.97391e+00
 46  0.01820  6.77517e+00 | 47  0.06719  2.20014e+01 | 48 -0.00074  1.61954e+01
 49  0.01882  1.18802e+01 | 50  0.07794  1.78928e+01 | 51  0.12907  2.39943e+01
 52  0.07021  9.65543e+00 | 53 -0.06777  1.26927e+00 | 54 -0.04851 -9.17299e+00
 55 -0.06496 -9.18112e+00 | 56 -0.06438 -1.14882e+01 | 57 -0.10799 -7.24238e+00
 58 -0.13076 -1.12076e+01 | 59 -0.12112 -4.04996e+00 | 60 -0.10324 -4.71710e+00
 61 -0.10366 -1.57161e+00 | 62 -0.02277 -6.24265e-01 | 63  0.00000  0.00000e+00
 64 -0.95710 -4.62537e+02 | 65 -0.90088  2.22623e+01 | 66 -0.88979  4.30949e+01
 67 -0.81331  3.66637e+00 | 68 -0.84976  2.73334e+01 | 69 -0.88355  1.20126e+01
 70 -0.85617 -1.50569e+01 | 71 -0.86955  2.71245e+01 | 72 -0.89887 -4.14303e+01
 73 -0.89538 -2.72292e+01 | 74 -0.80393  3.65791e+01 | 75 -0.78381  2.81068e+01
 76 -0.74455 -2.84350e+01 | 77 -0.61630  2.09258e+00 | 78 -0.60013  5.85602e+00
 79 -0.59056  8.28117e+00 | 80 -0.65061  1.11773e+01 | 81 -0.68282  5.59027e+00
 82 -0.62701  3.37176e+00 | 83 -0.58596  1.84928e+00 | 84 -0.53666 -1.82060e+00
 85 -0.52798 -1.01145e+00 | 86 -0.51489  2.23411e+00 | 87 -0.57879  2.91744e+00
 88 -0.57598  1.31545e+00 | 89 -0.61185 -2.20909e+00 | 90 -0.62185 -5.91514e+00
 91 -0.64189 -2.84207e+00 | 92 -0.60155  6.09112e-01 | 93 -0.61254  2.98383e+00
 94 -0.66217  4.27725e+00 | 95 -0.58998  1.85501e+00 | 96 -0.68071  5.88040e+00
 97 -0.63382  5.21875e+00 | 98 -0.70442  4.26419e+00 | 99 -0.68838  4.39256e+00
100 -0.68648  4.64098e+00 |101 -0.62605  4.09947e+00 |102 -0.60222  4.65099e+00
103 -0.62229  3.48344e+00 |104 -0.57202  2.84881e+00 |105 -0.76974 -2.13256e+01
106 -0.74906  1.92146e+00 |107 -0.79031 -6.68834e+00 |108 -0.73772 -2.97369e+00
109 -0.69805  6.87435e-01 |110 -0.73003 -6.82069e+00 |111 -0.72557 -8.57055e+00
112 -0.92494 -1.26905e+02 |113 -0.82850 -8.21091e+00 |114 -0.80248 -2.13469e+01
115 -0.70082 -4.44317e+01 |116 -0.74380 -1.70847e+01 |117 -0.77355 -1.64590e+01
118 -0.75210 -3.62917e+01 |119 -0.81137 -4.84448e+01 |120 -0.81868 -5.83407e+01
121 -0.76413 -4.34492e+01 |122 -0.86660 -8.60876e+00 |123 -0.89985 -1.96475e+01
124 -0.89228 -3.78018e+01 |125 -0.86416 -9.73506e+01 |126 -0.85607 -5.33478e+01
127 -0.77847  7.28685e+01 |128 -0.83080 -2.92011e+01 |129 -0.85211 -2.50054e+01
130 -0.81114 -5.24256e+01 |131 -0.80811 -2.87484e+01 |132 -0.76940  1.19838e+00
133 -0.75493  1.92189e+01 |134 -0.70547  2.64789e+00 |135 -0.69546  8.50637e-01
136 -0.70097 -5.65972e+00 |137 -0.64033 -6.10003e+00 |138 -0.68133 -9.49017e+00
139 -0.68179 -1.10371e+01 |140 -0.76830  2.26712e+00 |141 -0.72468 -2.88531e+00
142 -0.66762 -8.40553e-01 |143 -0.62621  4.10378e+00 |144 -0.59787 -4.66776e-01
145 -0.59170  2.11419e+00 |146 -0.61054  2.69025e+00 |147 -0.65389 -1.61740e+00
148 -0.71291 -2.18012e-01 |149 -0.65228 -1.01809e-02 |150 -0.61381 -1.98351e-01
151 -0.64480 -2.33098e+00 |152 -0.63165 -7.31783e+00 |153 -0.76999 -1.16128e+01
154 -0.77056 -1.09126e+01 |155 -0.85161 -1.68217e+01 |156 -0.73980 -7.91966e+00
157 -0.71183 -4.95117e+00 |158 -0.70239 -8.77562e+00 |159 -0.70385 -1.29456e+01
160 -0.95684 -7.95047e+01 |161 -0.93612  4.44602e+01 |162 -0.96606  1.77259e+03
163 -0.87094  2.00234e+01 |164 -0.81500  4.11005e+00 |165 -0.80884 -3.58019e+01
166 -0.80680  5.16819e+00 |167 -0.81408  1.68898e+00 |168 -0.75222 -8.55566e+00
169 -0.77409 -1.45810e+01 |170 -0.70828 -2.41057e+00 |171 -0.64379  5.86610e+00
172 -0.51059 -7.20971e-02 |173 -0.52228  2.82058e+00 |174 -0.64605 -3.35233e+00
175 -0.59618 -3.41725e+00 |176 -0.56791 -1.53547e+00 |177 -0.53406 -4.52145e+00
178 -0.54618 -2.51568e+00 |179 -0.53087 -3.95433e+00 |180 -0.47987  3.35672e-01
181 -0.44854  7.48633e-01 |182 -0.50364 -2.70337e+00 |183 -0.43975 -3.81559e+00
184 -0.40141 -2.82671e+00 |185 -0.49858 -3.69034e+00 |186 -0.56470 -1.22307e+00
187 -0.46940 -8.03247e-01 |188 -0.33926 -2.59980e+00 |189 -0.27023 -1.98726e+00
190 -0.32757  6.83052e-01 |191 -0.65230  1.87735e+00 |192 -0.65555  3.87666e+00
193 -0.83636  8.56528e+00 |194 -0.68102  9.33434e-01 |195 -0.63527  3.10381e-01
196 -0.68811 -1.64062e+00 |197 -0.64073 -2.29352e+00 |198  0.01006  1.81607e+02
199  0.00646  1.28425e+03 |200  0.01895 -6.91924e+00 |201  0.01886 -1.17551e-03
202  0.33845  1.26016e+01 |203 -0.01850 -7.13067e-04 |204  0.19393  1.05272e+02
205 -0.00254 -9.24792e-05 |206  0.33479 -1.41888e+02 |207  0.33466  5.58363e+00
208 -0.31202 -4.06522e-04 |209  0.33160 -8.04160e+01 |210 -0.13220  2.78765e+00
211  0.00555  2.05684e+01 |212  0.17809 -1.73420e+00 |213 -0.30507 -1.70903e-03
214  0.36957  3.71036e+00 |215  0.05374  3.44687e-01 |216  0.23356 -2.02933e+02
217 -0.33240  1.89618e-03 |218  0.30958  3.48635e+02 |219 -0.07813  1.43249e+01
220 -0.02310  3.48449e+01 |221  0.45302  3.26812e+01 |222  0.46723  1.22742e+00
223  0.38310 -2.78696e+01 |224  0.23571 -4.02143e-05 |225  0.00289  5.46009e-06
226  0.00998  2.98892e-04 |227  0.00475 -7.14306e-05 |228  0.40469 -1.19959e+02
229  0.41941  1.04919e+01 |230  0.40716  8.67244e+01 |231  0.41920 -6.40314e+01
232  0.01349 -1.58085e-05 |233  0.02028  1.47878e-05 |234  0.10073  1.69243e-03
235  0.03369 -1.84561e-04 |236  0.38948  1.02352e+02 |237  0.28838  6.85832e+00
238  0.35963  1.53468e+01 |239  0.40317  4.25010e+01 |240  0.20669 -7.85128e-04
241 -0.00451 -2.86717e-06 |242 -0.00487  9.65075e-06 |243  0.01319 -4.98986e-05
244  0.36602 -2.65282e+02 |245  0.35022 -1.42745e+01 |246  0.35857 -5.20714e+01
247  0.37124 -1.35622e+02 |248  0.41375  5.03700e+00 |249  0.91444  2.31960e-02
250  0.36107 -1.09599e+01 |251  0.21489 -1.09801e+01 |252  0.11704 -2.04606e+01
253  0.03571  6.23205e-04 |254  0.05381  3.02822e-04 |255  0.40767  1.63378e+01
256  0.36486  3.38372e+01 |257  0.09768  6.04946e+00 |258  0.13741  1.99070e+01
259 -0.02959  1.30736e+01 |260 -0.01673 -7.44084e+00 |261 -0.00690 -9.83558e+00
262  0.03812  2.87487e+00 |263 -0.02155 -9.78793e+00 |264 -0.01708 -2.18286e+01
265  0.01001  4.52250e-02 |266 -0.03272  1.09647e+01 |267  0.04092  6.07795e+00
268 -0.01168  4.67518e+00 |269  0.00692 -9.55146e+00 |270  0.01352 -1.31939e+01
271  0.04461  2.09038e+01 |272 -0.02174 -4.07532e+00 |273  0.00314  6.72639e+00
274  0.00080  5.12174e+00 |275  0.00832  2.14706e+00 |276 -0.02625  3.41860e+00
277  0.00555  2.06118e+01 |278 -0.00749  9.01165e+00 |279 -0.07121 -2.56688e+01
280  0.02139 -1.15146e+01 |281  0.02918 -5.86554e+00 |282  0.00576  6.84225e+00
283 -0.00010  1.99113e+01 |284  0.04873 -1.25798e+01 |285 -0.00000  4.66826e-06
286 -0.00000 -5.07187e-07 |287  0.00000 -5.68978e-07 |288 -0.00000 -9.71361e-06
289 -0.00000 -1.41616e-06 |290  0.00000  2.85747e-06 |291  0.00000 -1.18381e-05
292 -0.00000 -4.57314e-06 |293 -0.00000 -5.49589e-07 |294 -0.00000 -7.41083e-07
295 -0.00000 -2.47528e-06 |296  0.00000 -1.06469e-06 |297 -0.00000  3.55247e-06
298 -0.01127 -2.68936e+01 |299 -0.01743  1.89431e+01 |300  0.00503  7.66021e+01
301 -0.01661  2.24594e+01 |302 -0.02531  7.91369e+01 |303 -0.02216  3.84207e+01
304  0.00920  1.44520e+01 |305  0.09557  4.97952e+01 |306  0.08332  3.80950e+01
307 -0.00600  1.53883e+00 |308  0.00491  9.39800e+00 |309  0.02935  2.24832e+01
310 -0.00652  2.15320e+01 |311 -0.01896 -1.24803e+01 |312  0.00603 -4.92196e+01
313 -0.02536 -2.95815e+00 |314 -0.02472 -3.84532e+01 |315 -0.03966 -6.70960e+00
316  0.00277 -4.06587e+00 |317  0.06479 -4.03947e+01 |318  0.05364 -1.12473e+01
319  0.00495 -1.01775e-01 |320 -0.00944 -2.81434e+00 |321 -0.00915 -7.43427e+00
321 variables; iteration 40; function evaluation 43; phase 4
Function value 2.0743776e+03; maximum gradient component mag 1.9208e+03
Var    Value     Gradient |Var    Value     Gradient |Var    Value     Gradient
  1 -0.98285  4.57095e+00 |  2 -0.01136  5.74588e+02 |  3 -0.42157  8.31506e+01
  4 -0.22567  2.25688e+02 |  5 -0.04247 -4.83352e+02 |  6 -0.05146 -1.47713e+01
  7 -0.03300 -8.46891e+00 |  8 -0.03037 -1.24777e+01 |  9 -0.01556 -1.91261e+01
 10  0.00839 -3.01238e+01 | 11  0.02704 -4.39705e+01 | 12  0.10769 -7.99204e+01
 13  0.00959 -2.18591e+01 | 14 -0.03688 -5.43615e+00 | 15  0.01132 -5.93397e+00
 16  0.13150 -4.43944e+00 | 17 -0.00492 -6.12725e+00 | 18 -0.00910 -7.40170e+00
 19  0.05739  1.83756e+01 | 20  0.06464  4.43115e+01 | 21  0.08901  7.35246e+01
 22  0.03543  6.54145e+01 | 23  0.08528  9.24120e+01 | 24  0.07639  4.26503e+01
 25  0.03172  6.71531e+00 | 26  0.04284  2.95333e+00 | 27  0.03862 -1.00729e+01
 28  0.04669 -1.52815e+01 | 29  0.06042 -1.06442e+01 | 30  0.02263 -8.14539e+00
 31 -0.01289 -6.01787e+00 | 32 -0.03410  9.56030e-02 | 33 -0.01497  9.22912e+00
 34  0.01492  6.09407e+00 | 35 -0.02216 -7.62132e+00 | 36 -0.03731 -8.81847e+00
 37 -0.04359  9.24439e-01 | 38  0.00402  8.06950e+00 | 39  0.00078 -3.75705e+00
 40 -0.06123 -1.59927e+01 | 41 -0.07920 -1.24680e+01 | 42 -0.05846  8.66696e+00
 43 -0.06035  2.19235e+00 | 44  0.01612  8.78826e+00 | 45  0.05522  1.17659e+01
 46  0.01926  1.25078e+01 | 47  0.06717  9.64496e+00 | 48 -0.00103  2.45207e+00
 49  0.01859  5.26151e+00 | 50  0.07785  2.66321e+01 | 51  0.12951  5.24060e+01
 52  0.07190  3.76681e+01 | 53 -0.06683  1.10788e+01 | 54 -0.04749  1.20718e+01
 55 -0.06405  1.26604e+01 | 56 -0.06280  1.62397e+01 | 57 -0.10634  3.40833e+00
 58 -0.12877 -4.08133e+00 | 59 -0.11915 -1.26839e+00 | 60 -0.10157 -3.01423e+00
 61 -0.10040  4.79659e-01 | 62 -0.02171 -4.82929e-01 | 63  0.00000  0.00000e+00
 64 -0.95308 -5.57605e+02 | 65 -0.89171 -3.41112e+01 | 66 -0.88013 -4.41720e+01
 67 -0.79953 -2.46494e+01 | 68 -0.83912  3.66051e-01 | 69 -0.87502 -7.89777e-01
 70 -0.84715 -4.04229e+01 | 71 -0.86208 -1.28358e+00 | 72 -0.89354  2.41917e+01
 73 -0.89425  3.82780e+01 | 74 -0.80522  3.46263e+00 | 75 -0.78708 -2.82381e+00
 76 -0.74749 -1.70163e+01 | 77 -0.62049  8.59958e+00 | 78 -0.60594  7.39877e+00
 79 -0.59676  7.42358e+00 | 80 -0.65677 -1.38594e+00 | 81 -0.68717  5.35776e+00
 82 -0.63233  1.20676e+00 | 83 -0.59163  1.52769e+00 | 84 -0.54301 -1.48034e+00
 85 -0.53440 -1.23067e-01 | 86 -0.52170  4.95254e+00 | 87 -0.58436  9.29058e+00
 88 -0.58158  5.28478e+00 | 89 -0.61623  6.98940e+00 | 90 -0.62546  9.20269e+00
 91 -0.64519  1.09020e+01 | 92 -0.60687  4.14622e+00 | 93 -0.61755  1.73213e+00
 94 -0.66442 -9.62079e+00 | 95 -0.59204 -2.56571e+00 | 96 -0.68169  8.05856e+00
 97 -0.63554  8.22466e-01 | 98 -0.70495  1.07547e+01 | 99 -0.68927  4.85219e+00
100 -0.68722  3.33918e+00 |101 -0.62708 -6.13337e-01 |102 -0.60317  1.02407e+00
103 -0.62345 -1.45551e+00 |104 -0.57225  5.34345e-01 |105 -0.76997 -2.25140e+01
106 -0.74976 -5.58824e+00 |107 -0.79085 -8.76273e+00 |108 -0.73886 -8.77464e+00
109 -0.69834  1.48206e+01 |110 -0.73180 -1.18672e+01 |111 -0.72765 -1.23657e+01
112 -0.91662 -2.02732e+02 |113 -0.81160 -1.94998e+01 |114 -0.78254 -2.48478e+01
115 -0.66519 -3.42752e+00 |116 -0.72280  9.39084e+00 |117 -0.75755 -2.72552e+01
118 -0.73545 -4.76497e+01 |119 -0.79515 -1.55858e+01 |120 -0.79666 -3.16898e+01
121 -0.74140 -6.90517e+00 |122 -0.86272  2.74574e+00 |123 -0.89983  2.27489e+01
124 -0.89759 -3.31153e+01 |125 -0.86499 -5.95230e+01 |126 -0.85755 -4.19181e+01
127 -0.78325  1.12509e+01 |128 -0.83229 -1.49185e+01 |129 -0.85377 -3.46976e+01
130 -0.81202 -1.64370e+01 |131 -0.80969 -2.35211e+01 |132 -0.77232 -2.06515e+01
133 -0.75831 -4.86849e+00 |134 -0.71048 -2.43409e+01 |135 -0.70102 -2.74482e+01
136 -0.70545 -2.29971e+01 |137 -0.64440 -9.33706e+00 |138 -0.68667 -3.58992e+01
139 -0.68460 -8.93330e+00 |140 -0.76893  9.78942e+00 |141 -0.72441  1.51450e+01
142 -0.66941 -7.04630e+00 |143 -0.62855 -1.07984e+00 |144 -0.60017 -1.84383e+00
145 -0.59384  1.68921e+00 |146 -0.61215  4.77603e+00 |147 -0.65462  7.45577e+00
148 -0.71471 -1.29236e+01 |149 -0.65321 -8.47263e-01 |150 -0.61511 -3.25094e+00
151 -0.64579 -1.47264e+00 |152 -0.62876  1.76154e+00 |153 -0.76884 -3.17683e+00
154 -0.76976 -2.03820e+00 |155 -0.85117  3.07347e+00 |156 -0.73918  2.12460e+00
157 -0.71084  1.21863e+01 |158 -0.70258 -3.27759e+00 |159 -0.70504 -1.48690e+01
160 -0.95654  2.03162e+02 |161 -0.93618  1.43833e+02 |162 -0.96618  1.92085e+03
163 -0.87178  3.10754e+01 |164 -0.81616  1.10188e+01 |165 -0.80876  9.91466e+00
166 -0.80809 -1.28601e+00 |167 -0.81521 -2.90866e+00 |168 -0.75323 -2.02967e+00
169 -0.77488 -7.74278e+00 |170 -0.70935  1.55286e+00 |171 -0.64658 -4.52196e+00
172 -0.51311  3.01499e+00 |173 -0.52472  7.24564e+00 |174 -0.64805 -1.74320e+00
175 -0.59820 -1.68234e+00 |176 -0.56900  6.48800e+00 |177 -0.53555 -1.65194e+00
178 -0.54743 -2.56571e+00 |179 -0.53207 -7.22753e+00 |180 -0.48136 -2.55278e+00
181 -0.45030 -9.05932e-01 |182 -0.50525 -3.40938e+00 |183 -0.44130 -4.22571e+00
184 -0.40280 -2.81265e+00 |185 -0.49961 -2.53448e+00 |186 -0.56538 -1.68602e+00
187 -0.46970 -1.60192e+00 |188 -0.33890 -2.07918e+00 |189 -0.26977 -2.03619e+00
190 -0.33099  1.39321e+00 |191 -0.65340  1.07898e+01 |192 -0.65699  8.14243e+00
193 -0.83721  2.08080e+01 |194 -0.68353  1.47945e+00 |195 -0.63800  6.10982e+00
196 -0.69087  3.13714e+00 |197 -0.64451  4.24527e-01 |198  0.00976  1.66329e+02
199  0.00632  1.32352e+03 |200  0.02235  1.78142e+01 |201  0.01886 -6.67742e-04
202  0.33835  6.68783e+00 |203 -0.01850 -4.25812e-04 |204  0.21454  7.23043e+01
205 -0.00254 -7.43723e-05 |206  0.33757 -1.05120e+02 |207  0.33494 -3.24976e+00
208 -0.31202  1.71281e-03 |209  0.33200  2.03563e+01 |210 -0.13020  1.49436e+01
211  0.00383  6.41603e+01 |212  0.17764  1.77856e+00 |213 -0.30507 -1.59513e-03
214  0.36918 -1.02563e+00 |215  0.05479  2.81823e-01 |216  0.23273 -2.79199e+02
217 -0.33240  1.80642e-03 |218  0.30951  4.60782e+02 |219 -0.07556  1.23928e+01
220 -0.02579  2.71332e+01 |221  0.44359 -3.96918e+01 |222  0.45785  1.04384e+00
223  0.38140 -7.05150e+00 |224  0.23571 -7.08176e-05 |225  0.00289  5.73458e-06
226  0.00998  2.97973e-04 |227  0.00475 -6.89377e-05 |228  0.40363  1.08439e+02
229  0.41799  6.86350e+00 |230  0.40690  2.21332e+01 |231  0.41896 -1.27826e+02
232  0.01349 -1.99677e-05 |233  0.02028  1.32392e-05 |234  0.10072  1.69979e-03
235  0.03369 -1.68165e-04 |236  0.38468  1.52109e+02 |237  0.28518  4.49650e+00
238  0.35718  2.63288e+01 |239  0.41203  9.15654e+00 |240  0.20669 -1.00418e-03
241 -0.00451  2.50194e-06 |242 -0.00487  9.69820e-06 |243  0.01319 -3.53905e-05
244  0.36497 -3.64938e+02 |245  0.34891 -1.83049e+01 |246  0.35796 -9.26541e+01
247  0.37420 -1.28792e+01 |248  0.40975 -3.97647e+01 |249  0.91437  2.31775e-02
250  0.36061  1.02804e+02 |251  0.22126 -7.19075e+00 |252  0.11702 -1.82115e+01
253  0.03571  6.82489e-04 |254  0.05381  3.09823e-04 |255  0.41170  1.05622e+01
256  0.36508  2.95588e+01 |257  0.09360  2.02940e+00 |258  0.13719  1.51265e+01
259 -0.02980  1.69053e+01 |260 -0.01653 -1.25789e+00 |261 -0.00455  8.04854e+00
262  0.03357 -9.18091e+00 |263 -0.02151  1.75015e-01 |264 -0.01558  7.76662e+00
265  0.00500 -4.47012e+00 |266 -0.01968  6.76198e+01 |267  0.04879 -2.15590e+01
268 -0.01086 -5.90144e+00 |269  0.00214 -5.46013e-01 |270  0.00351 -1.64688e+01
271  0.03831  6.84917e+00 |272 -0.02027 -4.40696e+00 |273  0.00169  2.52220e+00
274  0.00152 -5.01359e+00 |275  0.00551  6.69825e+00 |276 -0.02614 -3.87888e-02
277  0.00137 -6.94948e+00 |278 -0.01523  2.62538e+00 |279 -0.04826 -1.74186e+01
280  0.02809  2.50016e+01 |281  0.03330  4.09382e+00 |282  0.00248  7.49028e-01
283 -0.01262  4.19058e+00 |284  0.04753 -4.41372e+00 |285 -0.00000  7.45943e-06
286 -0.00000  9.61457e-07 |287 -0.00000  8.25450e-07 |288 -0.00000 -2.53660e-06
289 -0.00000 -1.23356e-07 |290  0.00000  7.23567e-07 |291  0.00000  8.57159e-09
292 -0.00000 -2.41244e-05 |293 -0.00000 -1.10033e-06 |294 -0.00000 -1.61915e-06
295 -0.00000  1.67875e-06 |296  0.00000  2.75527e-06 |297 -0.00000  2.04342e-06
298 -0.01612 -2.08645e+01 |299 -0.01695 -1.13009e+00 |300  0.00930  1.01004e+01
301 -0.02303  1.57061e+01 |302 -0.02984  8.62466e+01 |303 -0.02832  2.91645e+01
304  0.01109  9.02659e+00 |305  0.10109  6.23478e+01 |306  0.09057  1.43784e+01
307 -0.00201 -6.43188e-01 |308 -0.00036 -4.73611e+00 |309  0.01262  1.36675e+01
310 -0.00937  1.49715e+01 |311 -0.01421  4.28865e+00 |312  0.01423 -4.59527e+00
313 -0.02985 -1.09303e+01 |314 -0.02559 -4.15013e+01 |315 -0.04307 -3.94393e+00
316  0.00500  2.56297e+00 |317  0.06569 -5.89070e+01 |318  0.05782  1.27081e-01
319  0.00177  4.74545e-01 |320 -0.00877  2.62473e+00 |321 -0.00398 -4.82643e+00
321 variables; iteration 60; function evaluation 64; phase 4
Function value 2.0735146e+03; maximum gradient component mag 1.8958e+03
Var    Value     Gradient |Var    Value     Gradient |Var    Value     Gradient
  1 -0.98840  3.80853e+00 |  2 -0.01136  6.26386e+02 |  3 -0.42145  2.88501e+02
  4 -0.22605  3.79009e+02 |  5 -0.04820 -1.64280e+02 |  6 -0.05252 -7.36135e+00
  7 -0.03415 -3.66482e+00 |  8 -0.03253 -5.63796e+00 |  9 -0.01996 -7.85254e+00
 10 -0.00796 -1.32345e+01 | 11  0.06276 -1.26827e+01 | 12  0.08518 -3.26467e+01
 13  0.01994 -2.23332e+00 | 14 -0.03713  2.59185e+00 | 15  0.01818  1.23816e+00
 16  0.12654  6.19612e+00 | 17 -0.01203 -8.95824e+00 | 18 -0.01605 -9.90426e+00
 19  0.05812  2.79065e+01 | 20  0.05125  2.50509e+01 | 21  0.09103  6.24657e+01
 22  0.04070  6.59867e+01 | 23  0.08656  8.72146e+01 | 24  0.07457  3.23357e+01
 25  0.03449  7.15695e+00 | 26  0.04230  2.60207e+00 | 27  0.03964 -3.30816e+00
 28  0.04752 -5.02344e+00 | 29  0.06100 -6.02662e+00 | 30  0.02290 -8.66554e+00
 31 -0.01189 -5.59728e+00 | 32 -0.03294 -1.80424e+00 | 33 -0.01470 -1.43593e+00
 34  0.01557 -1.33146e+01 | 35 -0.02154 -1.98649e+01 | 36 -0.03652 -1.44471e+01
 37 -0.04240  2.95559e+00 | 38  0.00552  2.00743e+01 | 39  0.00134  8.95388e+00
 40 -0.05930  2.18588e+00 | 41 -0.07835 -2.77644e+00 | 42 -0.05838  9.96658e+00
 43 -0.05877  1.04483e+01 | 44  0.01689  1.70254e+01 | 45  0.05638  1.91442e+01
 46  0.01963  1.34743e+01 | 47  0.06838  2.12402e+01 | 48 -0.00024  7.40274e+00
 49  0.01944  9.37126e+00 | 50  0.07864  3.00955e+01 | 51  0.13041  5.06653e+01
 52  0.07235  2.69629e+01 | 53 -0.06619  6.74632e+00 | 54 -0.04681  6.53073e+00
 55 -0.06323  8.57543e+00 | 56 -0.06242  1.08978e+01 | 57 -0.10603 -2.35733e-01
 58 -0.12893 -7.66177e+00 | 59 -0.11932 -3.72305e+00 | 60 -0.10143 -2.81248e+00
 61 -0.10115 -4.33250e-01 | 62 -0.02107 -1.67258e-01 | 63  0.00000  0.00000e+00
 64 -0.95021 -3.64660e+02 | 65 -0.88505  4.14508e+01 | 66 -0.87429 -3.87211e+01
 67 -0.78590  2.67394e+00 | 68 -0.83274  2.43543e+01 | 69 -0.87086 -2.93215e+01
 70 -0.84145 -2.07840e+01 | 71 -0.85810  2.84872e+01 | 72 -0.89056  4.27770e+00
 73 -0.89271 -5.00698e+01 | 74 -0.80227  2.34012e+01 | 75 -0.78479  3.66135e+00
 76 -0.74550 -1.04629e+01 | 77 -0.61960  7.60400e+00 | 78 -0.60533  6.57208e+00
 79 -0.59675  5.39840e+00 | 80 -0.65684 -1.26106e+00 | 81 -0.68748  5.21356e+00
 82 -0.63272  1.54626e+00 | 83 -0.59218  2.07612e+00 | 84 -0.54366  6.56469e-01
 85 -0.53562  9.15724e-01 | 86 -0.52374  3.54304e+00 | 87 -0.58642  6.58232e+00
 88 -0.58356  4.14249e+00 | 89 -0.61841  3.93343e+00 | 90 -0.62793  5.05247e+00
 91 -0.64745  8.04940e+00 | 92 -0.61653 -1.55391e+00 | 93 -0.62634 -1.38738e+00
 94 -0.66617 -5.34834e+00 | 95 -0.59445 -9.08793e-01 | 96 -0.68376  8.92892e+00
 97 -0.63792  8.54900e-01 | 98 -0.70690  9.63342e+00 | 99 -0.69112  5.75389e+00
100 -0.68893  5.39554e+00 |101 -0.62914  6.07945e-01 |102 -0.60537  3.04545e+00
103 -0.62553  1.20651e+00 |104 -0.57476 -8.80262e-01 |105 -0.77118 -2.52436e+01
106 -0.75098 -7.89695e+00 |107 -0.79181 -1.30383e+01 |108 -0.74005 -1.50463e+01
109 -0.69935  1.23758e+01 |110 -0.73256 -1.61126e+01 |111 -0.72805 -1.38232e+01
112 -0.91020 -1.45547e+02 |113 -0.79976  2.11755e+01 |114 -0.76902 -8.34512e+00
115 -0.64178  1.86333e+01 |116 -0.71038  1.90606e+01 |117 -0.74878 -1.51607e+01
118 -0.72641 -4.83871e+01 |119 -0.78849 -6.80456e+00 |120 -0.79142 -4.53054e+01
121 -0.73361 -1.73300e+01 |122 -0.85765 -9.88213e+00 |123 -0.89818  6.61639e+01
124 -0.89705 -4.38333e+01 |125 -0.86466 -6.41350e+01 |126 -0.85727 -4.17187e+01
127 -0.78355  7.47740e-01 |128 -0.83215 -2.18220e+00 |129 -0.85359 -1.01776e+01
130 -0.81267 -2.94543e+01 |131 -0.80973 -1.20684e+01 |132 -0.77282 -2.01475e+01
133 -0.75903 -5.12136e+00 |134 -0.71156 -2.49034e+01 |135 -0.70216 -2.55278e+01
136 -0.70689 -2.41751e+01 |137 -0.64654 -1.21301e+01 |138 -0.68822 -3.17785e+01
139 -0.68666 -9.86461e+00 |140 -0.77037  1.86275e+01 |141 -0.72631  1.89033e+01
142 -0.67127 -4.39043e+00 |143 -0.63079  1.20108e-03 |144 -0.60269 -1.05190e+00
145 -0.59671 -2.08315e-01 |146 -0.61493  1.51050e+00 |147 -0.65691  4.95161e+00
148 -0.71625 -1.12510e+01 |149 -0.65517 -4.67172e-01 |150 -0.61719 -1.25363e+00
151 -0.64788 -5.31309e-01 |152 -0.63318  1.19468e+00 |153 -0.77117 -4.03051e+00
154 -0.77176 -2.62867e+00 |155 -0.85267 -1.40085e+01 |156 -0.74150 -1.40315e+00
157 -0.71302  1.30403e+01 |158 -0.70455 -3.59636e+00 |159 -0.70677 -1.67928e+01
160 -0.95590  2.10662e+02 |161 -0.93585  1.34238e+02 |162 -0.96616  1.89585e+03
163 -0.87197  1.39148e+01 |164 -0.81645  3.80601e+00 |165 -0.80955 -8.17074e+00
166 -0.80848  7.30179e-01 |167 -0.81556  4.20221e+00 |168 -0.75390 -9.54847e-01
169 -0.77541 -4.10625e+00 |170 -0.71022  3.86728e+00 |171 -0.64806 -3.71334e+00
172 -0.51647 -9.03465e-01 |173 -0.52854  1.14290e+00 |174 -0.65055 -7.75639e+00
175 -0.60068 -2.28592e+00 |176 -0.57301 -4.14339e-01 |177 -0.53873 -1.28718e+00
178 -0.55041 -2.51631e+00 |179 -0.53469 -4.75361e+00 |180 -0.48463 -2.43136e+00
181 -0.45403 -1.65926e+00 |182 -0.50837 -2.40990e+00 |183 -0.44485 -3.63164e+00
184 -0.40651 -2.70515e+00 |185 -0.50249 -2.07617e+00 |186 -0.56785 -1.23403e+00
187 -0.47297 -2.24366e+00 |188 -0.34359 -3.49524e+00 |189 -0.27523 -3.18511e+00
190 -0.33455  2.88009e+00 |191 -0.65511  1.18203e+01 |192 -0.65867  7.63083e+00
193 -0.83791  1.89745e+01 |194 -0.68451  3.63311e+00 |195 -0.63904  6.70883e+00
196 -0.69147  4.43885e+00 |197 -0.64494  9.01195e-01 |198  0.00952  1.74475e+02
199  0.00620  1.32657e+03 |200  0.03018  1.07361e+01 |201  0.01886 -6.13288e-05
202  0.34004  9.33538e+00 |203 -0.01850 -1.24436e-04 |204  0.24287  2.54115e+01
205 -0.00254 -5.43778e-05 |206  0.34029 -2.91118e+01 |207  0.33408 -1.30751e+00
208 -0.31201  1.32323e-03 |209  0.33184  2.32693e+01 |210 -0.12954  1.40379e+01
211  0.00513  6.35625e+01 |212  0.17649 -6.04278e-01 |213 -0.30506 -1.68540e-03
214  0.36892  7.28609e-01 |215  0.05453  1.60518e-01 |216  0.23294 -2.79171e+02
217 -0.33241  1.84499e-03 |218  0.30961  4.59693e+02 |219 -0.07950  1.18654e+01
220 -0.02554  2.76861e+01 |221  0.44399 -3.78405e+01 |222  0.44038  3.59402e+00
223  0.37934 -1.23202e+01 |224  0.23571 -2.08993e-04 |225  0.00289  2.13655e-06
226  0.00997  3.11002e-04 |227  0.00475 -6.93101e-05 |228  0.40381  1.20702e+02
229  0.41486 -6.33358e+00 |230  0.40659  2.73759e+01 |231  0.41915 -1.44961e+02
232  0.01349 -2.78593e-05 |233  0.02028 -1.69334e-05 |234  0.10071  1.78014e-03
235  0.03369 -1.67424e-04 |236  0.38418  1.46907e+02 |237  0.28365 -1.11358e+01
238  0.35625  2.83482e+01 |239  0.40454  9.72621e+00 |240  0.20670 -1.04419e-03
241 -0.00451  3.71543e-06 |242 -0.00487  1.27187e-05 |243  0.01319 -4.09971e-05
244  0.36489 -3.53490e+02 |245  0.34941  1.75872e+01 |246  0.35785 -9.21759e+01
247  0.37238 -2.80370e+01 |248  0.40976 -3.94956e+01 |249  0.91422  2.31361e-02
250  0.36079  1.05237e+02 |251  0.22663 -5.99665e+00 |252  0.11610 -1.92406e+01
253  0.03570  7.20858e-04 |254  0.05381  3.04799e-04 |255  0.41448  1.20915e+01
256  0.36480  3.06836e+01 |257  0.09140  2.08655e+00 |258  0.13766  1.55115e+01
259 -0.03075  1.39262e+01 |260 -0.01641 -8.15638e+00 |261 -0.00588  7.41929e+00
262  0.03725 -2.23939e+01 |263 -0.02331 -6.26128e+00 |264 -0.01539  1.86160e+01
265  0.00544 -1.67304e+01 |266 -0.02591  5.35044e+01 |267  0.04514 -5.80077e-01
268 -0.00729  7.76906e+00 |269  0.00031 -7.74874e+00 |270  0.00549 -1.65122e+01
271  0.03725  5.86608e+00 |272 -0.02183 -4.08996e+00 |273  0.00179  5.78205e+00
274  0.00456 -4.31971e+00 |275  0.00992  2.01720e+01 |276 -0.02582  1.95119e+00
277  0.00162 -1.25674e+01 |278 -0.01195  1.48403e+01 |279 -0.05567 -2.17462e+01
280  0.02429  2.64127e+00 |281  0.03451 -5.48456e+00 |282  0.00163  3.50869e+00
283 -0.00576  1.53364e+01 |284  0.04694 -3.83913e+00 |285 -0.00000  3.72921e-06
286 -0.00000 -8.62080e-07 |287 -0.00000  5.81735e-07 |288  0.00000  1.41085e-06
289 -0.00000 -1.51839e-06 |290  0.00000  1.26602e-07 |291  0.00000  9.76529e-06
292  0.00000 -5.41419e-06 |293 -0.00000 -1.17242e-06 |294  0.00000  1.69230e-06
295 -0.00000 -2.07572e-06 |296  0.00000 -2.55387e-07 |297 -0.00000 -5.64476e-07
298 -0.02252 -4.09684e+01 |299 -0.02055 -1.10730e+01 |300  0.00700 -4.55281e+01
301 -0.02848 -3.61540e+00 |302 -0.03800  7.12964e+01 |303 -0.03502  1.09005e+01
304  0.00431 -3.05297e+01 |305  0.09142  6.34460e+01 |306  0.08209  3.50903e+01
307 -0.00125  4.95745e+00 |308 -0.00566 -1.76520e+01 |309  0.00699  1.61193e+01
310 -0.00987  2.55463e+01 |311 -0.01221  1.12540e+01 |312  0.01701  3.61785e+01
313 -0.02704  1.38585e-01 |314 -0.02774 -3.45011e+01 |315 -0.04313  5.56568e+00
316  0.00501  2.65487e+01 |317  0.06212 -5.89446e+01 |318  0.05413 -2.50339e+01
319  0.00028 -2.16954e+00 |320 -0.00837  7.11303e+00 |321 -0.00045 -5.66120e+00
321 variables; iteration 80; function evaluation 84; phase 4
Function value 2.0733998e+03; maximum gradient component mag 1.8759e+03
Var    Value     Gradient |Var    Value     Gradient |Var    Value     Gradient
  1 -0.98849  3.75080e+00 |  2 -0.01136  6.16535e+02 |  3 -0.42146  2.87161e+02
  4 -0.22583  3.86041e+02 |  5 -0.04744 -1.64256e+02 |  6 -0.04875 -5.93977e+00
  7 -0.03249 -3.05738e+00 |  8 -0.03027 -4.90687e+00 |  9 -0.01949 -7.94846e+00
 10 -0.01147 -1.45487e+01 | 11  0.06090 -1.34309e+01 | 12  0.08692 -3.26584e+01
 13  0.01689 -3.34325e+00 | 14 -0.03612  3.05388e+00 | 15  0.01742  1.86524e+00
 16  0.12487  7.96710e+00 | 17 -0.01283 -7.76852e+00 | 18 -0.01629 -7.04142e+00
 19  0.05587  3.03188e+01 | 20  0.05155  2.90748e+01 | 21  0.09106  6.87090e+01
 22  0.04128  6.91377e+01 | 23  0.08582  8.79796e+01 | 24  0.07441  3.24773e+01
 25  0.03427  7.40517e+00 | 26  0.04204  4.42599e+00 | 27  0.03960  6.13596e-01
 28  0.04751 -1.65636e+00 | 29  0.06053 -4.84709e+00 | 30  0.02303 -6.28148e+00
 31 -0.01208 -4.74405e+00 | 32 -0.03344 -2.33370e+00 | 33 -0.01456 -7.92209e-01
 34  0.01540 -1.51339e+01 | 35 -0.02191 -2.30396e+01 | 36 -0.03608 -1.50163e+01
 37 -0.04283 -5.85992e-01 | 38  0.00558  1.67191e+01 | 39  0.00115  6.58673e+00
 40 -0.05987 -8.42691e-01 | 41 -0.07839 -3.10948e+00 | 42 -0.05828  1.15414e+01
 43 -0.05886  1.07889e+01 | 44  0.01677  1.35175e+01 | 45  0.05622  1.44971e+01
 46  0.01979  1.34327e+01 | 47  0.06819  1.75471e+01 | 48 -0.00024  5.76455e+00
 49  0.01933  7.09385e+00 | 50  0.07863  2.93992e+01 | 51  0.13065  5.41394e+01
 52  0.07229  2.62939e+01 | 53 -0.06600  6.42913e+00 | 54 -0.04671  5.46624e+00
 55 -0.06319  7.25489e+00 | 56 -0.06232  1.04858e+01 | 57 -0.10602 -1.03752e-01
 58 -0.12874 -6.56496e+00 | 59 -0.11929 -3.51510e+00 | 60 -0.10135 -2.70217e+00
 61 -0.10104 -2.95298e-01 | 62 -0.02172 -3.87749e-01 | 63  0.00000  0.00000e+00
 64 -0.95052 -3.57754e+02 | 65 -0.88565  3.32641e+01 | 66 -0.87499 -4.00280e+01
 67 -0.78745  5.40662e-01 | 68 -0.83246  2.19361e+01 | 69 -0.87067 -2.83239e+01
 70 -0.84112 -2.66038e+01 | 71 -0.85735  3.68825e+01 | 72 -0.89015  9.28914e-01
 73 -0.89239 -4.45709e+01 | 74 -0.80188  2.14384e+01 | 75 -0.78450  4.85254e+00
 76 -0.74534 -1.19355e+01 | 77 -0.61921  7.63365e+00 | 78 -0.60505  5.89546e+00
 79 -0.59648  4.83431e+00 | 80 -0.65665 -1.67758e+00 | 81 -0.68724  5.78802e+00
 82 -0.63242  2.35072e+00 | 83 -0.59193  2.42783e+00 | 84 -0.54335  1.03532e+00
 85 -0.53514  2.29211e+00 | 86 -0.52325  5.15161e+00 | 87 -0.58627  6.80664e+00
 88 -0.58359  3.87069e+00 | 89 -0.61856  3.51379e+00 | 90 -0.62800  5.58948e+00
 91 -0.64756  8.11268e+00 | 92 -0.62100 -9.72076e-01 | 93 -0.63045 -1.42434e+00
 94 -0.66650 -6.17987e+00 | 95 -0.59467  4.92674e-01 | 96 -0.68408  9.18833e+00
 97 -0.63844 -1.29882e-01 | 98 -0.70736  8.29548e+00 | 99 -0.69156  5.29798e+00
100 -0.68932  5.56918e+00 |101 -0.62972 -1.04426e-01 |102 -0.60616  1.82182e+00
103 -0.62631  8.28650e-01 |104 -0.57570 -9.12217e-01 |105 -0.77180 -2.77418e+01
106 -0.75164 -1.00845e+01 |107 -0.79230 -1.50325e+01 |108 -0.74044 -1.31680e+01
109 -0.69996  1.14742e+01 |110 -0.73294 -1.40055e+01 |111 -0.72856 -1.39767e+01
112 -0.91021 -1.51363e+02 |113 -0.80093  2.38379e+01 |114 -0.77032 -8.51465e+00
115 -0.64493  2.00556e+01 |116 -0.71101  1.83833e+01 |117 -0.74826 -1.47698e+01
118 -0.72575 -4.72779e+01 |119 -0.78761 -3.48143e-02 |120 -0.78998 -4.04395e+01
121 -0.73228 -1.60065e+01 |122 -0.85797 -1.39523e+00 |123 -0.89786  6.81172e+01
124 -0.89810 -3.87877e+01 |125 -0.86453 -6.38169e+01 |126 -0.85721 -4.46551e+01
127 -0.78335  2.00315e+00 |128 -0.83204 -8.75374e-01 |129 -0.85343 -4.59710e+00
130 -0.81248 -2.52079e+01 |131 -0.80970 -1.34695e+01 |132 -0.77273 -1.96108e+01
133 -0.75886 -3.26118e+00 |134 -0.71136 -2.33064e+01 |135 -0.70213 -2.63427e+01
136 -0.70692 -2.46795e+01 |137 -0.64670 -1.26435e+01 |138 -0.68844 -3.28882e+01
139 -0.68679 -9.91949e+00 |140 -0.77056  1.60763e+01 |141 -0.72643  1.77729e+01
142 -0.67150 -4.28914e+00 |143 -0.63113  7.26152e-02 |144 -0.60302 -2.74748e-01
145 -0.59730 -1.25340e+00 |146 -0.61553  6.08587e-01 |147 -0.65742  4.42594e+00
148 -0.71655 -1.04663e+01 |149 -0.65562 -4.95899e-01 |150 -0.61794 -2.62856e+00
151 -0.64849  2.81804e-01 |152 -0.63383  2.47890e+00 |153 -0.77176 -5.85626e+00
154 -0.77220 -1.07631e+00 |155 -0.85288 -8.92167e+00 |156 -0.74202 -2.34917e+00
157 -0.71362  1.17353e+01 |158 -0.70509 -3.67217e+00 |159 -0.70727 -1.61904e+01
160 -0.95585  2.20399e+02 |161 -0.93583  1.38083e+02 |162 -0.96617  1.87592e+03
163 -0.87187  1.98748e+01 |164 -0.81639  4.87763e+00 |165 -0.80948 -5.89400e+00
166 -0.80847  2.19223e+00 |167 -0.81559  4.72118e+00 |168 -0.75396 -1.35412e+00
169 -0.77547 -4.21488e+00 |170 -0.71032  3.49042e+00 |171 -0.64817 -4.08711e+00
172 -0.51646  1.49563e-01 |173 -0.52888  6.09032e-01 |174 -0.65063 -6.13445e+00
175 -0.60131 -3.87003e+00 |176 -0.57366 -1.42234e+00 |177 -0.53931 -1.45929e+00
178 -0.55096 -3.26439e+00 |179 -0.53499 -4.92206e+00 |180 -0.48502 -2.69063e+00
181 -0.45446 -1.29201e+00 |182 -0.50885 -2.22066e+00 |183 -0.44558 -4.11601e+00
184 -0.40733 -2.98264e+00 |185 -0.50317 -2.20858e+00 |186 -0.56843 -1.56927e+00
187 -0.47361 -1.99722e+00 |188 -0.34468 -3.74639e+00 |189 -0.27669 -3.34651e+00
190 -0.33763  2.16000e+00 |191 -0.65642  1.17864e+01 |192 -0.65984  7.62257e+00
193 -0.83846  1.78659e+01 |194 -0.68563  2.24651e+00 |195 -0.64024  6.32338e+00
196 -0.69248  3.58353e+00 |197 -0.64605  7.30757e-01 |198  0.00940  1.73468e+02
199  0.00616  1.30817e+03 |200  0.03448  1.35697e+01 |201  0.01885  3.83908e-05
202  0.34097  8.27076e+00 |203 -0.01850 -1.27561e-04 |204  0.25521  5.98635e+00
205 -0.00253 -5.21235e-05 |206  0.34515  1.29085e+01 |207  0.33390 -2.32631e+00
208 -0.31199  1.36435e-03 |209  0.33178  2.47341e+01 |210 -0.12860  1.45316e+01
211  0.00518  6.46918e+01 |212  0.17705 -1.87735e-01 |213 -0.30503 -1.67273e-03
214  0.36928  9.72942e-01 |215  0.05450  4.17276e-01 |216  0.23297 -2.75219e+02
217 -0.33241  1.81079e-03 |218  0.30960  4.51818e+02 |219 -0.08023  1.14570e+01
220 -0.02544  2.74540e+01 |221  0.44469 -3.65210e+01 |222  0.42867 -3.14965e-01
223  0.37889 -1.23177e+01 |224  0.23572 -2.02537e-04 |225  0.00289 -4.65462e-07
226  0.00997  3.10460e-04 |227  0.00475 -6.82785e-05 |228  0.40393  1.17831e+02
229  0.41262 -1.08402e+00 |230  0.40652  2.87215e+01 |231  0.41921 -1.43145e+02
232  0.01349 -2.72923e-05 |233  0.02028 -3.83559e-05 |234  0.10069  1.78132e-03
235  0.03370 -1.58750e-04 |236  0.38473  1.47678e+02 |237  0.28374 -8.09350e+00
238  0.35593  2.73755e+01 |239  0.40451  1.05942e+01 |240  0.20671 -1.02775e-03
241 -0.00451  3.78213e-06 |242 -0.00487  1.26255e-05 |243  0.01319 -3.98007e-05
244  0.36504 -3.54961e+02 |245  0.34934  1.22309e+01 |246  0.35778 -9.02596e+01
247  0.37240 -2.99679e+01 |248  0.40786 -4.05215e+01 |249  0.91389  2.30473e-02
250  0.36032  1.05049e+02 |251  0.22443 -6.22772e+00 |252  0.11632 -1.86461e+01
253  0.03569  7.06813e-04 |254  0.05380  3.17453e-04 |255  0.41339  1.17082e+01
256  0.36490  2.99691e+01 |257  0.09252  2.51179e+00 |258  0.13762  1.51940e+01
259 -0.03312  1.21760e+01 |260 -0.01611 -6.35827e+00 |261 -0.00681  7.40321e+00
262  0.03499 -2.43683e+01 |263 -0.02427 -5.13341e+00 |264 -0.01751  1.46950e+01
265  0.00383 -1.52896e+01 |266 -0.02682  5.33364e+01 |267  0.04359  2.89281e+00
268 -0.00740  7.06421e+00 |269  0.00004 -6.28887e+00 |270  0.00397 -1.43800e+01
271  0.03585  6.47658e+00 |272 -0.02333 -4.04123e+00 |273  0.00274  5.28047e+00
274  0.00531 -4.32056e+00 |275  0.00946  2.19403e+01 |276 -0.02561  1.64919e+00
277  0.00107 -1.00793e+01 |278 -0.01243  1.51239e+01 |279 -0.05523 -1.99067e+01
280  0.02323 -2.40890e+00 |281  0.03478 -5.08126e+00 |282  0.00230  3.22289e+00
283 -0.00666  1.34380e+01 |284  0.04634 -4.42026e+00 |285 -0.00000  4.09709e-06
286 -0.00000 -4.12625e-07 |287  0.00000  6.93052e-07 |288  0.00000 -1.25003e-07
289 -0.00000 -7.93916e-07 |290  0.00000  6.38529e-07 |291  0.00000  8.79270e-06
292  0.00000 -2.17873e-07 |293 -0.00000 -9.81415e-07 |294  0.00000  1.44167e-06
295 -0.00000 -1.33571e-06 |296  0.00000  5.29450e-07 |297 -0.00000  4.44702e-07
298 -0.02654 -4.18957e+01 |299 -0.02381 -1.26019e+01 |300  0.00162 -5.79734e+01
301 -0.03298 -1.35627e+01 |302 -0.04136  6.17210e+01 |303 -0.03889 -1.79493e+00
304  0.00047 -4.15610e+01 |305  0.08844  5.64716e+01 |306  0.07888  2.76425e+01
307 -0.00370  6.86982e-01 |308 -0.00735 -1.83662e+01 |309  0.00278  1.26313e+01
310 -0.01466  2.39030e+01 |311 -0.01572  1.09688e+01 |312  0.01181  4.29900e+01
313 -0.03207  3.62316e+00 |314 -0.03112 -2.98659e+01 |315 -0.04741  9.31248e+00
316  0.00056  3.26757e+01 |317  0.05827 -4.96608e+01 |318  0.05016 -1.73795e+01
319  0.00191 -2.73092e-01 |320 -0.00977  7.24252e+00 |321  0.00278 -4.24963e+00
Maximum number of function evaluations exceeded

 - final statistics:
321 variables; iteration 97; function evaluation 100
Function value 2.0728e+03; maximum gradient component mag 1.6485e+03
Exit code = 3;  converg criter 1.0000e+00
Var    Value     Gradient |Var    Value     Gradient |Var    Value     Gradient
  1 -0.98387  4.52280e+00 |  2 -0.01137  5.02949e+02 |  3 -0.42147  8.93229e+01
  4 -0.22545  2.28646e+02 |  5 -0.04772 -1.41000e+02 |  6 -0.05721 -9.15138e+00
  7 -0.03606 -4.41556e+00 |  8 -0.03458 -6.31035e+00 |  9 -0.01791 -7.24463e+00
 10 -0.00237 -1.18263e+01 | 11  0.05741 -1.18050e+01 | 12  0.08760 -2.73014e+01
 13  0.02482  4.09294e+00 | 14 -0.03896  2.84121e+00 | 15  0.01548  1.41097e-01
 16  0.12836  1.33863e+01 | 17 -0.01203 -4.07710e+00 | 18 -0.01352 -3.97609e+00
 19  0.05636  2.54592e+01 | 20  0.05454  2.44796e+01 | 21  0.09214  5.54475e+01
 22  0.04444  5.98981e+01 | 23  0.08601  7.19560e+01 | 24  0.07516  2.36213e+01
 25  0.03591  4.13355e+00 | 26  0.04173 -3.72158e+00 | 27  0.04040 -3.75644e+00
 28  0.04805 -7.07555e-01 | 29  0.06118 -1.79994e+00 | 30  0.02279 -6.80576e+00
 31 -0.01155 -4.76655e+00 | 32 -0.03345 -4.17866e+00 | 33 -0.01423 -2.09748e+00
 34  0.01544 -1.42872e+01 | 35 -0.02156 -2.30629e+01 | 36 -0.03638 -2.03980e+01
 37 -0.04268 -6.96846e+00 | 38  0.00531  5.09582e+00 | 39  0.00131 -8.51544e-01
 40 -0.06035 -7.72323e+00 | 41 -0.07856 -8.96205e+00 | 42 -0.05868  3.20134e+00
 43 -0.05911  5.04186e+00 | 44  0.01666  5.88744e+00 | 45  0.05590  4.48315e+00
 46  0.01948  9.81266e+00 | 47  0.06816  1.93337e+01 | 48 -0.00080  4.08329e+00
 49  0.01918  4.13916e+00 | 50  0.07792  1.42334e+01 | 51  0.13002  3.02826e+01
 52  0.07201  1.53463e+01 | 53 -0.06641  4.25921e+00 | 54 -0.04711  5.04130e+00
 55 -0.06343  1.10176e+01 | 56 -0.06250  1.81289e+01 | 57 -0.10600  6.35491e+00
 58 -0.12895 -4.35529e+00 | 59 -0.11953 -3.10279e+00 | 60 -0.10206 -3.91317e+00
 61 -0.10145 -6.04785e-01 | 62 -0.02066  4.65972e-02 | 63  0.00000  0.00000e+00
 64 -0.95052 -3.63084e+02 | 65 -0.88623  2.43343e+01 | 66 -0.87509 -3.68187e+01
 67 -0.78751  9.09556e-01 | 68 -0.83432  1.30534e+01 | 69 -0.87201 -2.77661e+01
 70 -0.84284 -2.03351e+01 | 71 -0.85879  4.19276e+01 | 72 -0.89146  1.58824e+00
 73 -0.89340 -3.27852e+01 | 74 -0.80441  2.31055e+01 | 75 -0.78651  7.55023e+00
 76 -0.74774 -1.19404e+01 | 77 -0.62349  6.37644e+00 | 78 -0.60966  2.76562e+00
 79 -0.60107  1.98392e+00 | 80 -0.66033 -4.64423e+00 | 81 -0.69017  4.83124e+00
 82 -0.63556  2.04257e+00 | 83 -0.59525  2.10064e+00 | 84 -0.54688  1.51364e+00
 85 -0.53915  8.75553e-01 | 86 -0.52777  2.44169e+00 | 87 -0.59006  4.66375e+00
 88 -0.58711  2.54858e+00 | 89 -0.62171  8.47715e-01 | 90 -0.63074  4.74548e+00
 91 -0.65014  5.81042e+00 | 92 -0.62488 -1.82662e+00 | 93 -0.63408 -3.41105e+00
 94 -0.66768 -6.71655e+00 | 95 -0.59595  1.35795e+00 | 96 -0.68553  3.83692e+00
 97 -0.63973 -1.78641e+00 | 98 -0.70835  5.61665e+00 | 99 -0.69244  4.45774e+00
100 -0.69023  3.17536e+00 |101 -0.63026  2.16902e+00 |102 -0.60680  2.50056e+00
103 -0.62717 -1.93648e+00 |104 -0.57593 -2.31539e+00 |105 -0.77172 -2.67142e+01
106 -0.75166 -1.08686e+01 |107 -0.79217 -1.04888e+01 |108 -0.74034 -1.00536e+01
109 -0.70012  1.11180e+01 |110 -0.73269 -6.20345e+00 |111 -0.72860 -1.11073e+01
112 -0.91040 -1.36983e+02 |113 -0.80118  1.92252e+01 |114 -0.77097  3.05476e+00
115 -0.64564  1.72637e+01 |116 -0.71275  1.74381e+01 |117 -0.75072 -7.49952e+00
118 -0.72839 -4.01886e+01 |119 -0.79043 -3.02184e+00 |120 -0.79219 -4.25762e+01
121 -0.73494 -1.27835e+01 |122 -0.85638 -1.33210e+01 |123 -0.89900  6.04937e+01
124 -0.89979 -4.10003e+01 |125 -0.86575 -5.09872e+01 |126 -0.85857 -3.83376e+01
127 -0.78574 -3.79734e+00 |128 -0.83408 -1.98717e+01 |129 -0.85476 -4.90620e+00
130 -0.81413 -2.84005e+01 |131 -0.81129 -1.72227e+01 |132 -0.77428 -1.55917e+01
133 -0.76096 -8.16628e+00 |134 -0.71349 -1.93485e+01 |135 -0.70442 -2.35266e+01
136 -0.70902 -2.18318e+01 |137 -0.64924 -1.18037e+01 |138 -0.69047 -3.10124e+01
139 -0.68893 -1.04539e+01 |140 -0.77148  1.46942e+01 |141 -0.72742  1.70517e+01
142 -0.67282 -8.32016e+00 |143 -0.63264 -4.28178e+00 |144 -0.60398  6.87141e-01
145 -0.59851 -3.03056e+00 |146 -0.61643 -1.84474e-01 |147 -0.65808  4.56155e+00
148 -0.71703 -1.03230e+01 |149 -0.65602  7.80475e-01 |150 -0.61835 -2.49948e+00
151 -0.64865  5.38739e-01 |152 -0.63352  1.10509e+00 |153 -0.77168 -9.93879e+00
154 -0.77204 -1.83220e+00 |155 -0.85280 -1.06781e+01 |156 -0.74170  4.96883e-01
157 -0.71347  1.20018e+01 |158 -0.70495 -2.15025e+00 |159 -0.70706 -1.30485e+01
160 -0.95628  1.92898e+02 |161 -0.93643  1.24485e+02 |162 -0.96663  1.64846e+03
163 -0.87288  7.82655e+00 |164 -0.81815 -1.70534e+01 |165 -0.81031  5.70593e+00
166 -0.80971 -3.26291e+00 |167 -0.81659  2.78955e+00 |168 -0.75507 -9.11219e-01
169 -0.77618  1.16101e+00 |170 -0.71160  1.28304e+00 |171 -0.64963 -4.64759e+00
172 -0.51865 -6.19477e-01 |173 -0.53042  3.24137e+00 |174 -0.65155 -1.43048e+00
175 -0.60252 -2.23141e+00 |176 -0.57499 -1.26371e+00 |177 -0.54093 -3.14604e+00
178 -0.55220 -3.79791e+00 |179 -0.53611 -5.62305e+00 |180 -0.48582 -2.27009e+00
181 -0.45511 -4.25621e-01 |182 -0.50971 -2.53998e+00 |183 -0.44634 -3.49750e+00
184 -0.40822 -3.05483e+00 |185 -0.50357 -1.22867e+00 |186 -0.56859  1.55003e-01
187 -0.47376 -1.11823e+00 |188 -0.34404 -1.23445e+00 |189 -0.27688 -3.27826e+00
190 -0.33709  2.60016e+00 |191 -0.65646  8.12182e+00 |192 -0.65978  5.47236e+00
193 -0.83844  1.36393e+01 |194 -0.68543  2.30589e+00 |195 -0.64008  6.40760e+00
196 -0.69245  3.93024e+00 |197 -0.64602  1.49033e+00 |198  0.00892  1.46163e+02
199  0.00596  1.14364e+03 |200  0.03967  4.18883e+00 |201  0.01881  4.04997e-05
202  0.34119  1.74764e+01 |203 -0.01850 -4.29375e-05 |204  0.25966  2.37919e+01
205 -0.00253 -4.94927e-05 |206  0.35258 -4.28041e+01 |207  0.33391  6.48464e+00
208 -0.31186  1.20763e-03 |209  0.33186  2.25125e+01 |210 -0.12761  1.30373e+01
211  0.00357  5.63240e+01 |212  0.17530 -2.10108e+00 |213 -0.30482 -1.75456e-03
214  0.36867  2.31948e+00 |215  0.05570  1.43361e+00 |216  0.23308 -2.42294e+02
217 -0.33247  1.79020e-03 |218  0.30956  3.96213e+02 |219 -0.07981  9.75017e+00
220 -0.02719  2.07195e+01 |221  0.44076 -3.29985e+01 |222  0.42297 -1.27965e+00
223  0.37733 -1.09829e+01 |224  0.23575 -1.82667e-04 |225  0.00289 -1.55804e-06
226  0.00993  3.10692e-04 |227  0.00476 -6.55141e-05 |228  0.40335  1.07595e+02
229  0.41177  3.37222e+00 |230  0.40628  2.71531e+01 |231  0.41925 -1.27053e+02
232  0.01350 -2.72041e-05 |233  0.02028 -4.74975e-05 |234  0.10048  1.79511e-03
235  0.03371 -1.40878e-04 |236  0.38127  1.36040e+02 |237  0.28313 -1.10386e+01
238  0.35568  2.72320e+01 |239  0.40567  1.14170e+01 |240  0.20678 -9.76340e-04
241 -0.00451  3.88657e-06 |242 -0.00488  1.26883e-05 |243  0.01319 -3.85420e-05
244  0.36431 -3.27295e+02 |245  0.34950  2.14500e+01 |246  0.35782 -7.78224e+01
247  0.37269 -2.93089e+01 |248  0.40853 -3.45762e+01 |249  0.91114  2.23226e-02
250  0.36041  9.07258e+01 |251  0.22207 -4.39739e+00 |252  0.11396 -1.91173e+01
253  0.03561  6.98346e-04 |254  0.05378  1.98249e-04 |255  0.41231  5.64816e+00
256  0.36399  2.94983e+01 |257  0.09360  1.18555e+00 |258  0.13827  1.38377e+01
259 -0.03260  1.34534e+01 |260 -0.02118 -4.89077e+00 |261 -0.00690  6.62621e+00
262  0.03419 -1.76618e+01 |263 -0.02666 -3.31637e+00 |264 -0.01991  1.53961e+01
265  0.00086 -1.96921e+01 |266 -0.02933  4.31308e+01 |267  0.04076 -1.10302e+01
268 -0.00946  3.80310e+00 |269 -0.00446 -1.00506e+01 |270  0.00153 -1.91362e+01
271  0.03371  4.38955e+00 |272 -0.01972 -3.10028e+00 |273 -0.00131  1.28928e+00
274  0.00636 -3.66544e+00 |275  0.00954  1.76955e+01 |276 -0.02612  7.36509e-01
277  0.00038 -1.17597e+01 |278 -0.01364  1.51424e+01 |279 -0.05629 -1.81959e+01
280  0.02266  6.37708e+00 |281  0.03539 -2.53294e+00 |282  0.00059  3.88285e+00
283 -0.00674  1.63313e+01 |284  0.04698 -1.84392e+00 |285 -0.00000 -3.72888e-06
286 -0.00000 -8.26280e-07 |287  0.00000  7.90367e-07 |288  0.00000  1.67478e-07
289 -0.00000 -4.68009e-07 |290  0.00000  9.78745e-07 |291  0.00000  3.69579e-06
292 -0.00000 -1.02517e-05 |293 -0.00000 -9.68844e-07 |294  0.00000  1.63765e-06
295  0.00000  3.69225e-06 |296  0.00000 -7.41809e-08 |297 -0.00000  8.75767e-07
298 -0.02579 -3.39350e+01 |299 -0.02685 -6.20155e+00 |300  0.00153 -4.30037e+01
301 -0.03254 -6.02827e+00 |302 -0.04326  5.05277e+01 |303 -0.04047 -1.47050e+00
304 -0.00233 -2.66848e+01 |305  0.08733  6.75110e+01 |306  0.07739  3.42119e+01
307  0.00394  8.18515e+00 |308 -0.00933 -1.63917e+01 |309  0.00206  1.23108e+01
310 -0.01858  1.70430e+01 |311 -0.02423  1.30908e+00 |312  0.00622  3.19662e+01
313 -0.03552  1.50031e+00 |314 -0.03781 -2.72308e+01 |315 -0.05398  6.08661e+00
316 -0.00763  1.53065e+01 |317  0.05222 -6.44135e+01 |318  0.04372 -3.41952e+01
319 -0.00020 -3.31882e+00 |320 -0.01647  4.56170e+00 |321  0.00438 -4.16818e+00

Initial statistics: 327 variables; iteration 0; function evaluation 0; phase 5
Function value 2.0728455e+03; maximum gradient component mag 1.6485e+03
Var    Value     Gradient |Var    Value     Gradient |Var    Value     Gradient
  1 -0.28278 -2.31283e+01 |  2 -0.98387  4.52280e+00 |  3 -0.01137  5.02949e+02
  4 -0.42147  8.93229e+01 |  5 -0.22545  2.28646e+02 |  6 -0.04772 -1.41000e+02
  7 -0.05721 -9.15138e+00 |  8 -0.03606 -4.41556e+00 |  9 -0.03458 -6.31035e+00
 10 -0.01791 -7.24463e+00 | 11 -0.00237 -1.18263e+01 | 12  0.05741 -1.18050e+01
 13  0.08760 -2.73014e+01 | 14  0.02482  4.09294e+00 | 15 -0.03896  2.84121e+00
 16  0.01548  1.41097e-01 | 17  0.12836  1.33863e+01 | 18 -0.01203 -4.07710e+00
 19 -0.01352 -3.97609e+00 | 20  0.05636  2.54592e+01 | 21  0.05454  2.44796e+01
 22  0.09214  5.54475e+01 | 23  0.04444  5.98981e+01 | 24  0.08601  7.19560e+01
 25  0.07516  2.36213e+01 | 26  0.03591  4.13355e+00 | 27  0.04173 -3.72158e+00
 28  0.04040 -3.75644e+00 | 29  0.04805 -7.07555e-01 | 30  0.06118 -1.79994e+00
 31  0.02279 -6.80576e+00 | 32 -0.01155 -4.76655e+00 | 33 -0.03345 -4.17866e+00
 34 -0.01423 -2.09748e+00 | 35  0.01544 -1.42872e+01 | 36 -0.02156 -2.30629e+01
 37 -0.03638 -2.03980e+01 | 38 -0.04268 -6.96846e+00 | 39  0.00531  5.09582e+00
 40  0.00131 -8.51544e-01 | 41 -0.06035 -7.72323e+00 | 42 -0.07856 -8.96205e+00
 43 -0.05868  3.20134e+00 | 44 -0.05911  5.04186e+00 | 45  0.01666  5.88744e+00
 46  0.05590  4.48315e+00 | 47  0.01948  9.81266e+00 | 48  0.06816  1.93337e+01
 49 -0.00080  4.08329e+00 | 50  0.01918  4.13916e+00 | 51  0.07792  1.42334e+01
 52  0.13002  3.02826e+01 | 53  0.07201  1.53463e+01 | 54 -0.06641  4.25921e+00
 55 -0.04711  5.04130e+00 | 56 -0.06343  1.10176e+01 | 57 -0.06250  1.81289e+01
 58 -0.10600  6.35491e+00 | 59 -0.12895 -4.35529e+00 | 60 -0.11953 -3.10279e+00
 61 -0.10206 -3.91317e+00 | 62 -0.10145 -6.04785e-01 | 63 -0.02066  4.65972e-02
 64  0.00000  0.00000e+00 | 65 -0.95052 -3.63084e+02 | 66 -0.88623  2.43343e+01
 67 -0.87509 -3.68187e+01 | 68 -0.78751  9.09556e-01 | 69 -0.83432  1.30534e+01
 70 -0.87201 -2.77661e+01 | 71 -0.84284 -2.03351e+01 | 72 -0.85879  4.19276e+01
 73 -0.89146  1.58824e+00 | 74 -0.89340 -3.27852e+01 | 75 -0.80441  2.31055e+01
 76 -0.78651  7.55023e+00 | 77 -0.74774 -1.19404e+01 | 78 -0.62349  6.37644e+00
 79 -0.60966  2.76562e+00 | 80 -0.60107  1.98392e+00 | 81 -0.66033 -4.64423e+00
 82 -0.69017  4.83124e+00 | 83 -0.63556  2.04257e+00 | 84 -0.59525  2.10064e+00
 85 -0.54688  1.51364e+00 | 86 -0.53915  8.75553e-01 | 87 -0.52777  2.44169e+00
 88 -0.59006  4.66375e+00 | 89 -0.58711  2.54858e+00 | 90 -0.62171  8.47715e-01
 91 -0.63074  4.74548e+00 | 92 -0.65014  5.81042e+00 | 93 -0.62488 -1.82662e+00
 94 -0.63408 -3.41105e+00 | 95 -0.66768 -6.71655e+00 | 96 -0.59595  1.35795e+00
 97 -0.68553  3.83692e+00 | 98 -0.63973 -1.78641e+00 | 99 -0.70835  5.61665e+00
100 -0.69244  4.45774e+00 |101 -0.69023  3.17536e+00 |102 -0.63026  2.16902e+00
103 -0.60680  2.50056e+00 |104 -0.62717 -1.93648e+00 |105 -0.57593 -2.31539e+00
106 -0.77172 -2.67142e+01 |107 -0.75166 -1.08686e+01 |108 -0.79217 -1.04888e+01
109 -0.74034 -1.00536e+01 |110 -0.70012  1.11180e+01 |111 -0.73269 -6.20345e+00
112 -0.72860 -1.11073e+01 |113 -0.91040 -1.36983e+02 |114 -0.80118  1.92252e+01
115 -0.77097  3.05476e+00 |116 -0.64564  1.72637e+01 |117 -0.71275  1.74381e+01
118 -0.75072 -7.49952e+00 |119 -0.72839 -4.01886e+01 |120 -0.79043 -3.02184e+00
121 -0.79219 -4.25762e+01 |122 -0.73494 -1.27835e+01 |123 -0.85638 -1.33210e+01
124 -0.89900  6.04937e+01 |125 -0.89979 -4.10003e+01 |126 -0.86575 -5.09872e+01
127 -0.85857 -3.83376e+01 |128 -0.78574 -3.79734e+00 |129 -0.83408 -1.98717e+01
130 -0.85476 -4.90620e+00 |131 -0.81413 -2.84005e+01 |132 -0.81129 -1.72227e+01
133 -0.77428 -1.55917e+01 |134 -0.76096 -8.16628e+00 |135 -0.71349 -1.93485e+01
136 -0.70442 -2.35266e+01 |137 -0.70902 -2.18318e+01 |138 -0.64924 -1.18037e+01
139 -0.69047 -3.10124e+01 |140 -0.68893 -1.04539e+01 |141 -0.77148  1.46942e+01
142 -0.72742  1.70517e+01 |143 -0.67282 -8.32016e+00 |144 -0.63264 -4.28178e+00
145 -0.60398  6.87141e-01 |146 -0.59851 -3.03056e+00 |147 -0.61643 -1.84474e-01
148 -0.65808  4.56155e+00 |149 -0.71703 -1.03230e+01 |150 -0.65602  7.80475e-01
151 -0.61835 -2.49948e+00 |152 -0.64865  5.38739e-01 |153 -0.63352  1.10509e+00
154 -0.77168 -9.93879e+00 |155 -0.77204 -1.83220e+00 |156 -0.85280 -1.06781e+01
157 -0.74170  4.96883e-01 |158 -0.71347  1.20018e+01 |159 -0.70495 -2.15025e+00
160 -0.70706 -1.30485e+01 |161 -0.95628  1.92898e+02 |162 -0.93643  1.24485e+02
163 -0.96663  1.64846e+03 |164 -0.87288  7.82655e+00 |165 -0.81815 -1.70534e+01
166 -0.81031  5.70593e+00 |167 -0.80971 -3.26291e+00 |168 -0.81659  2.78955e+00
169 -0.75507 -9.11219e-01 |170 -0.77618  1.16101e+00 |171 -0.71160  1.28304e+00
172 -0.64963 -4.64759e+00 |173 -0.51865 -6.19477e-01 |174 -0.53042  3.24137e+00
175 -0.65155 -1.43048e+00 |176 -0.60252 -2.23141e+00 |177 -0.57499 -1.26371e+00
178 -0.54093 -3.14604e+00 |179 -0.55220 -3.79791e+00 |180 -0.53611 -5.62305e+00
181 -0.48582 -2.27009e+00 |182 -0.45511 -4.25621e-01 |183 -0.50971 -2.53998e+00
184 -0.44634 -3.49750e+00 |185 -0.40822 -3.05483e+00 |186 -0.50357 -1.22867e+00
187 -0.56859  1.55003e-01 |188 -0.47376 -1.11823e+00 |189 -0.34404 -1.23445e+00
190 -0.27688 -3.27826e+00 |191 -0.33709  2.60016e+00 |192 -0.65646  8.12182e+00
193 -0.65978  5.47236e+00 |194 -0.83844  1.36393e+01 |195 -0.68543  2.30589e+00
196 -0.64008  6.40760e+00 |197 -0.69245  3.93024e+00 |198 -0.64602  1.49033e+00
199  0.00892  1.46163e+02 |200  0.00596  1.14364e+03 |201  0.07164  1.06062e+01
202  0.03967  4.18883e+00 |203  0.01881  4.04997e-05 |204  0.34119  1.74764e+01
205 -0.01850 -4.29375e-05 |206  0.25966  2.37919e+01 |207 -0.00253 -4.94927e-05
208  0.35258 -4.28041e+01 |209  0.33391  6.48464e+00 |210 -0.31186  1.20763e-03
211  0.33186  2.25125e+01 |212 -0.12761  1.30373e+01 |213  0.00357  5.63240e+01
214  0.17530 -2.10108e+00 |215 -0.30482 -1.75456e-03 |216  0.36867  2.31948e+00
217 -0.12890 -2.68749e+00 |218  0.05570  1.43361e+00 |219 -0.04240  1.08689e+01
220  0.23308 -2.42294e+02 |221 -0.33247  1.79020e-03 |222  0.30956  3.96213e+02
223 -0.07981  9.75017e+00 |224 -0.02719  2.07195e+01 |225  0.44076 -3.29985e+01
226  0.42297 -1.27965e+00 |227  0.37733 -1.09829e+01 |228  0.23575 -1.82667e-04
229  0.00289 -1.55804e-06 |230  0.00993  3.10692e-04 |231  0.00476 -6.55141e-05
232  0.40335  1.07595e+02 |233  0.41177  3.37222e+00 |234  0.40628  2.71531e+01
235  0.41925 -1.27053e+02 |236  0.01350 -2.72041e-05 |237  0.02028 -4.74975e-05
238  0.10048  1.79511e-03 |239  0.03371 -1.40878e-04 |240  0.38127  1.36040e+02
241  0.28313 -1.10386e+01 |242  0.35568  2.72320e+01 |243  0.40567  1.14170e+01
244  0.20678 -9.76340e-04 |245 -0.00451  3.88657e-06 |246 -0.00488  1.26883e-05
247  0.01319 -3.85420e-05 |248  0.36431 -3.27295e+02 |249  0.34950  2.14500e+01
250  0.35782 -7.78224e+01 |251  0.37269 -2.93089e+01 |252  0.40853 -3.45762e+01
253  0.91114  2.23226e-02 |254  0.36041  9.07258e+01 |255  0.22207 -4.39739e+00
256  0.11396 -1.91173e+01 |257  0.03561  6.98346e-04 |258  0.05378  1.98249e-04
259  0.41231  5.64816e+00 |260  0.36399  2.94983e+01 |261 -0.10069  8.56553e-04
262 -0.10294  1.70006e-04 |263  0.09360  1.18555e+00 |264  0.13827  1.38377e+01
265 -0.03260  1.34534e+01 |266 -0.02118 -4.89077e+00 |267 -0.00690  6.62621e+00
268  0.03419 -1.76618e+01 |269 -0.02666 -3.31637e+00 |270 -0.01991  1.53961e+01
271  0.00086 -1.96921e+01 |272 -0.02933  4.31308e+01 |273  0.04076 -1.10302e+01
274 -0.00946  3.80310e+00 |275 -0.00446 -1.00506e+01 |276  0.00153 -1.91362e+01
277  0.03371  4.38955e+00 |278 -0.01972 -3.10028e+00 |279 -0.00131  1.28928e+00
280  0.00636 -3.66544e+00 |281  0.00954  1.76955e+01 |282 -0.02612  7.36509e-01
283  0.00038 -1.17597e+01 |284 -0.01364  1.51424e+01 |285 -0.05629 -1.81959e+01
286  0.02266  6.37708e+00 |287  0.03539 -2.53294e+00 |288  0.00059  3.88285e+00
289 -0.00674  1.63313e+01 |290  0.04698 -1.84392e+00 |291 -0.00000 -3.72888e-06
292 -0.00000 -8.26280e-07 |293  0.00000  7.90367e-07 |294  0.00000  1.67478e-07
295 -0.00000 -4.68009e-07 |296  0.00000  9.78745e-07 |297  0.00000  3.69579e-06
298 -0.00000 -1.02517e-05 |299 -0.00000 -9.68844e-07 |300  0.00000  1.63765e-06
301  0.00000  3.69225e-06 |302  0.00000 -7.41809e-08 |303 -0.00000  8.75767e-07
304 -0.02579 -3.39350e+01 |305 -0.02685 -6.20155e+00 |306  0.00153 -4.30037e+01
307 -0.03254 -6.02827e+00 |308 -0.04326  5.05277e+01 |309 -0.04047 -1.47050e+00
310 -0.00233 -2.66848e+01 |311  0.08733  6.75110e+01 |312  0.07739  3.42119e+01
313  0.00394  8.18515e+00 |314 -0.00933 -1.63917e+01 |315  0.00206  1.23108e+01
316 -0.01858  1.70430e+01 |317 -0.02423  1.30908e+00 |318  0.00622  3.19662e+01
319 -0.03552  1.50031e+00 |320 -0.03781 -2.72308e+01 |321 -0.05398  6.08661e+00
322 -0.00763  1.53065e+01 |323  0.05222 -6.44135e+01 |324  0.04372 -3.41952e+01
325 -0.00020 -3.31882e+00 |326 -0.01647  4.56170e+00 |327  0.00438 -4.16818e+00

Intermediate statistics: 327 variables; iteration 20; function evaluation 25; phase 5
Function value 2.0687757e+03; maximum gradient component mag 5.5508e+02
Var    Value     Gradient |Var    Value     Gradient |Var    Value     Gradient
  1 -0.29061 -2.67830e+02 |  2 -0.98559  4.64582e+00 |  3 -0.01143  1.48953e+02
  4 -0.42120  5.55084e+02 |  5 -0.23201  3.19168e+02 |  6 -0.04916  1.39710e+02
  7 -0.05656  1.73174e+00 |  8 -0.03596  1.75014e+00 |  9 -0.03448  2.43732e+00
 10 -0.01877  5.32683e+00 | 11 -0.00284  6.31713e+00 | 12  0.05237  1.94868e+01
 13  0.09096  9.08167e+00 | 14  0.02328  1.26671e+01 | 15 -0.03773  5.21276e+00
 16  0.01758  5.09314e+00 | 17  0.12501  2.47043e+01 | 18 -0.01383  6.92308e+00
 19 -0.01483  5.42867e+00 | 20  0.05446  1.23732e+01 | 21  0.05585  1.11184e+01
 22  0.09252  1.46201e+01 | 23  0.04025  1.32319e+01 | 24  0.08100  1.15450e+01
 25  0.07493 -1.22579e+00 | 26  0.03399  1.35614e+00 | 27  0.04208  2.72777e+00
 28  0.04040  3.10146e+00 | 29  0.04721  2.07626e+00 | 30  0.06031  3.39992e+00
 31  0.02223  1.94892e+00 | 32 -0.01284  7.20891e-01 | 33 -0.03393  2.06456e+00
 34 -0.01517  5.16084e+00 | 35  0.01557  6.86646e+00 | 36 -0.02123  5.45767e+00
 37 -0.03642  3.48232e+00 | 38 -0.04295  5.78976e+00 | 39  0.00457  1.24278e+01
 40  0.00120  5.54529e+00 | 41 -0.06057 -1.30023e+00 | 42 -0.07757 -3.74092e+00
 43 -0.05964 -2.10908e+00 | 44 -0.05860  8.10318e+00 | 45  0.01698  1.70020e+01
 46  0.05656  1.19112e+01 | 47  0.01961  5.92687e+00 | 48  0.06848  1.15507e+01
 49  0.00045  5.86826e+00 | 50  0.02097  9.16581e+00 | 51  0.08001  1.78230e+01
 52  0.13249  2.00421e+01 | 53  0.07457  5.33157e+00 | 54 -0.06522  1.51085e+00
 55 -0.04555  9.29169e+00 | 56 -0.06270  9.63821e+00 | 57 -0.06283  5.34162e+00
 58 -0.10649 -5.78912e+00 | 59 -0.12858 -5.96098e+00 | 60 -0.11929 -5.65031e+00
 61 -0.10139 -3.29589e+00 | 62 -0.10118 -1.30537e+00 | 63 -0.02084  9.04133e-02
 64  0.00000  0.00000e+00 | 65 -0.94939 -1.40567e+02 | 66 -0.88484  3.28845e+01
 67 -0.87306  1.23375e+01 | 68 -0.78453  1.60195e+01 | 69 -0.83241  9.44301e+00
 70 -0.87049  1.04940e+00 | 71 -0.84073 -4.86841e+00 | 72 -0.85836  4.02040e+00
 73 -0.89061  1.88517e+01 | 74 -0.89253 -8.29875e-01 | 75 -0.80382  5.24167e+00
 76 -0.78539  1.19160e+00 | 77 -0.74613 -5.96859e+00 | 78 -0.62346 -3.21142e+00
 79 -0.60954 -1.39687e+00 | 80 -0.60129 -3.64993e-01 | 81 -0.65986  2.85352e+00
 82 -0.69066  1.99742e+00 | 83 -0.63563  2.90165e+00 | 84 -0.59529  2.04270e+00
 85 -0.54690  1.14771e+00 | 86 -0.53908  1.46173e+00 | 87 -0.52779  2.13698e+00
 88 -0.59054  2.44278e+00 | 89 -0.58744  2.42189e+00 | 90 -0.62196  2.41840e+00
 91 -0.63131  2.20232e+00 | 92 -0.65047  3.76753e+00 | 93 -0.62443  1.20997e+00
 94 -0.63394  4.66564e-03 | 95 -0.66706  3.28218e+00 | 96 -0.59610  2.99355e+00
 97 -0.68555  8.66349e+00 | 98 -0.63915  7.39659e+00 | 99 -0.70848  8.36737e+00
100 -0.69261  8.17024e+00 |101 -0.69087  6.80263e+00 |102 -0.63131  4.99127e+00
103 -0.60724  4.50641e+00 |104 -0.62552  7.59153e+00 |105 -0.57453 -5.83590e+00
106 -0.77034 -1.57667e+01 |107 -0.75072 -6.03383e+00 |108 -0.79183 -8.58103e+00
109 -0.73995 -3.98200e+00 |110 -0.70116 -1.73250e+00 |111 -0.73295 -3.28978e+00
112 -0.72912 -6.56780e+00 |113 -0.90810  5.21076e+01 |114 -0.79928  6.53002e+00
115 -0.76887  7.23720e+00 |116 -0.64553 -1.53072e+00 |117 -0.71191 -3.27346e+00
118 -0.74759  7.28080e+00 |119 -0.72326 -5.02728e+00 |120 -0.78821 -3.26160e+00
121 -0.79055 -1.15201e+01 |122 -0.73537 -1.39375e+00 |123 -0.85603 -1.88925e+00
124 -0.89931 -3.68704e+00 |125 -0.89891  1.54654e+00 |126 -0.86489  3.88675e+00
127 -0.85797  5.42284e+00 |128 -0.78585  6.51334e+00 |129 -0.83418  2.26508e+00
130 -0.85521  7.55915e-01 |131 -0.81412 -3.18960e+00 |132 -0.81144  2.87856e-01
133 -0.77449 -2.00159e+00 |134 -0.76132  3.11294e+00 |135 -0.71313  1.89947e+00
136 -0.70351  4.72058e+00 |137 -0.70851  2.53695e+00 |138 -0.64934  6.25781e-01
139 -0.68897  4.45572e+00 |140 -0.68879  3.83752e+00 |141 -0.77151  3.26701e+00
142 -0.72833 -2.45740e+00 |143 -0.67272 -2.09647e+00 |144 -0.63277 -1.58673e-01
145 -0.60466  2.28065e-01 |146 -0.59846  1.86525e+00 |147 -0.61694  1.64674e-01
148 -0.65903  7.65500e-01 |149 -0.71716  1.40876e+00 |150 -0.65722  1.23160e+00
151 -0.61858  1.67574e+00 |152 -0.64804  1.91288e+00 |153 -0.63239  9.16339e-01
154 -0.77071 -3.51366e+00 |155 -0.77151  5.26657e-02 |156 -0.85257  1.02576e+00
157 -0.74179  3.15336e+00 |158 -0.71440  4.65476e+00 |159 -0.70539  2.22580e+00
160 -0.70735 -5.70772e-01 |161 -0.95637  8.28586e+01 |162 -0.93665 -4.18838e+01
163 -0.96753  2.88398e+02 |164 -0.87208  4.24148e+00 |165 -0.81695 -5.64896e+00
166 -0.80988  1.43774e+00 |167 -0.80940 -3.81727e+00 |168 -0.81641 -1.37911e+00
169 -0.75452  5.93729e-01 |170 -0.77569  2.42846e+00 |171 -0.71106 -1.11524e+00
172 -0.64846 -2.72541e+00 |173 -0.51764 -4.31372e+00 |174 -0.53042 -4.64527e+00
175 -0.65110 -2.53175e+00 |176 -0.60215 -4.71396e+00 |177 -0.57449 -4.60477e+00
178 -0.53948 -2.75471e+00 |179 -0.55058 -1.97334e+00 |180 -0.53445 -1.88254e+00
181 -0.48540 -3.38172e+00 |182 -0.45530 -3.24439e+00 |183 -0.50935 -1.20276e+00
184 -0.44583 -1.17476e+00 |185 -0.40787 -1.39819e+00 |186 -0.50371 -4.73823e-01
187 -0.56926  6.85792e-01 |188 -0.47436  1.03551e+00 |189 -0.34436 -1.56876e+00
190 -0.27577 -4.40293e+00 |191 -0.33619 -4.50847e-01 |192 -0.65573  4.34261e+00
193 -0.65924  3.49614e+00 |194 -0.83847  1.16517e+01 |195 -0.68532  7.97162e+00
196 -0.64066  6.95608e+00 |197 -0.69306  7.03352e+00 |198 -0.64702  5.92371e+00
199  0.00889  3.90423e+01 |200  0.00383 -3.92215e+01 |201  0.09458 -2.66428e+00
202  0.03780 -1.25615e+01 |203  0.01881  1.73820e-04 |204  0.34004  1.50307e+01
205 -0.01850  1.99748e-05 |206  0.25786 -5.15427e+00 |207 -0.00253 -3.42534e-05
208  0.35060  1.31742e+01 |209  0.33238  6.74612e+01 |210 -0.31186 -1.24592e-03
211  0.33153 -1.39572e+02 |212 -0.12622 -9.70075e-01 |213  0.00183  1.42357e+01
214  0.17542 -3.58548e+00 |215 -0.30482 -1.93516e-03 |216  0.36953  2.42899e+00
217 -0.12742 -3.79242e+00 |218  0.05602 -1.62358e+00 |219 -0.04761  7.21486e+00
220  0.23130  5.56645e+01 |221 -0.33247 -7.83029e-04 |222  0.30868 -8.08661e+01
223 -0.07831 -9.11407e+00 |224 -0.02700 -1.33141e+00 |225  0.43885 -2.09567e+01
226  0.42351 -8.62645e-01 |227  0.37678 -4.83398e+01 |228  0.23575  7.52300e-05
229  0.00289  2.03013e-06 |230  0.00993  3.35852e-04 |231  0.00476 -5.39725e-05
232  0.40367  1.04858e+02 |233  0.41221 -8.67993e-01 |234  0.40698  1.73897e+02
235  0.41987 -1.24339e+02 |236  0.01350 -1.24060e-05 |237  0.02029 -2.19963e-05
238  0.10048  1.94065e-03 |239  0.03371 -6.63751e-05 |240  0.37867 -7.63963e+00
241  0.28256  3.48584e+00 |242  0.35494  1.37704e+01 |243  0.40406  9.20013e+00
244  0.20678 -2.71294e-04 |245 -0.00451  2.14868e-06 |246 -0.00488  2.04265e-05
247  0.01319 -3.13790e-05 |248  0.36504  2.77674e+01 |249  0.34941 -3.64417e+00
250  0.35809 -3.38367e+01 |251  0.37274 -2.30674e+01 |252  0.40682 -2.61453e+01
253  0.91112  2.23203e-02 |254  0.36032  7.35030e+01 |255  0.22206 -3.66790e+00
256  0.11406 -5.26168e+00 |257  0.03561  6.97651e-04 |258  0.05378  1.70314e-04
259  0.41446  6.07424e+00 |260  0.36467  1.14245e+01 |261 -0.10069  8.66998e-04
262 -0.10294  1.59948e-04 |263  0.09494  5.44738e-01 |264  0.14045  3.61307e+00
265 -0.03119  1.00346e+01 |266 -0.02064 -4.42456e+00 |267 -0.00639 -4.65117e+00
268  0.03385 -1.23004e+01 |269 -0.02734 -4.68263e+00 |270 -0.02176 -6.44513e+00
271  0.00121 -1.23752e+01 |272 -0.02999  1.92518e+00 |273  0.04188 -3.80885e+00
274 -0.00940  9.06699e-01 |275 -0.00395 -2.95002e+00 |276  0.00108 -4.56977e+00
277  0.03325  1.38496e+00 |278 -0.02068 -3.64220e+00 |279 -0.00086  7.36076e-01
280  0.00577  3.39672e+00 |281  0.00792  6.52343e+00 |282 -0.02574  1.65907e+00
283  0.00211  4.95061e+00 |284 -0.01389  7.74466e+00 |285 -0.05666 -2.68934e+00
286  0.02387 -4.30450e+00 |287  0.03571 -1.54599e+00 |288  0.00088  4.37254e-01
289 -0.00856  5.07318e+00 |290  0.04716 -1.27148e+00 |291 -0.00000 -6.97553e-06
292 -0.00000 -9.76067e-07 |293  0.00000 -2.25173e-07 |294  0.00000 -9.69544e-07
295 -0.00000  2.89072e-07 |296  0.00000  3.08823e-07 |297  0.00000  2.28201e-06
298 -0.00000 -6.02636e-06 |299 -0.00000 -1.12094e-06 |300  0.00000  7.00049e-07
301  0.00000  4.11869e-06 |302  0.00000  2.24410e-07 |303 -0.00000  1.00348e-06
304 -0.02517 -8.18974e+00 |305 -0.02708 -3.66450e+00 |306  0.00038 -5.50856e+00
307 -0.03419 -2.10876e+00 |308 -0.04493  1.28189e+00 |309 -0.04061  6.46077e+00
310 -0.00139  1.27627e+00 |311  0.08778  1.25522e+01 |312  0.07744 -9.63057e+00
313  0.00330  1.64693e+00 |314 -0.01016  1.64966e+00 |315  0.00153 -1.47530e-01
316 -0.01776  2.49910e+00 |317 -0.02323 -1.58519e+00 |318  0.00665  4.82508e+00
319 -0.03612  2.24781e+00 |320 -0.03737 -3.20490e+00 |321 -0.05451 -4.88898e+00
322 -0.00613 -4.45836e+00 |323  0.05413 -1.32750e+01 |324  0.04585  8.12123e+00
325 -0.00011 -3.48130e-01 |326 -0.01522 -2.11007e+00 |327  0.00395  1.25634e+00
327 variables; iteration 40; function evaluation 45; phase 5
Function value 2.0675240e+03; maximum gradient component mag 4.4477e+02
Var    Value     Gradient |Var    Value     Gradient |Var    Value     Gradient
  1 -0.29812 -1.99934e+02 |  2 -0.99446  1.73769e+00 |  3 -0.01142  1.78609e+02
  4 -0.42101  4.44766e+02 |  5 -0.23881  2.78801e+02 |  6 -0.05692  1.56340e+02
  7 -0.05584  3.27447e+00 |  8 -0.03641  2.12097e+00 |  9 -0.03430  2.53940e+00
 10 -0.02186  3.17881e+00 | 11 -0.00198  4.87508e+00 | 12  0.02974  1.15791e+01
 13  0.10831  2.28661e+01 | 14  0.01678  1.29404e+01 | 15 -0.03073  6.49182e+00
 16  0.02349  7.20482e+00 | 17  0.11217  1.94354e+01 | 18 -0.02229  3.05637e+00
 19 -0.02353  4.56450e+00 | 20  0.04824  8.61529e+00 | 21  0.05397  9.49898e+00
 22  0.09462  1.70940e+01 | 23  0.03601  1.01898e+01 | 24  0.07907  1.61792e+01
 25  0.07803  9.51766e+00 | 26  0.02933 -3.45413e+00 | 27  0.04369  2.59859e+00
 28  0.03804 -1.70894e+00 | 29  0.04683 -3.90037e+00 | 30  0.05986 -4.96045e+00
 31  0.02109 -7.48693e+00 | 32 -0.01327 -6.67178e+00 | 33 -0.03432 -4.41511e+00
 34 -0.01554 -3.56103e+00 | 35  0.01538 -6.81482e+00 | 36 -0.02184 -4.88468e+00
 37 -0.03692 -2.19836e+00 | 38 -0.04318  6.71472e-01 | 39  0.00384  1.86690e+00
 40  0.00087 -1.18720e+00 | 41 -0.06025  2.27885e+00 | 42 -0.07730  2.61101e+00
 43 -0.05901  4.71409e+00 | 44 -0.05810  5.35929e+00 | 45  0.01750  8.37726e+00
 46  0.05780  1.40348e+01 | 47  0.02080  9.33645e+00 | 48  0.06985  1.58785e+01
 49  0.00163  8.39272e+00 | 50  0.02279  1.47929e+01 | 51  0.08207  2.03064e+01
 52  0.13466  1.83277e+01 | 53  0.07786  1.47922e+01 | 54 -0.06170  5.67937e+00
 55 -0.04375  7.66273e+00 | 56 -0.06076  5.81202e+00 | 57 -0.06179  4.34968e-01
 58 -0.10377  1.92521e+00 | 59 -0.12570  1.12323e+00 | 60 -0.11533  1.52536e+00
 61 -0.09613  1.83546e+00 | 62 -0.09825 -9.83049e-02 | 63 -0.02162 -4.15845e-01
 64  0.00000  0.00000e+00 | 65 -0.94617 -1.27215e+02 | 66 -0.87730  5.44772e+01
 67 -0.86364  3.58915e+01 | 68 -0.77275  7.59621e+00 | 69 -0.82190  9.43352e+00
 70 -0.86230  1.87076e+01 | 71 -0.83126  4.24377e+00 | 72 -0.85144  1.09317e+01
 73 -0.88605  5.17222e+00 | 74 -0.88986  4.51158e+01 | 75 -0.79959  1.67000e+01
 76 -0.78244  1.25036e+01 | 77 -0.74327  5.70112e+00 | 78 -0.62192  2.01269e+00
 79 -0.60885  1.72983e+00 | 80 -0.60139 -3.61401e-01 | 81 -0.66040 -1.48048e+00
 82 -0.69096  1.74595e+00 | 83 -0.63646  6.36414e-01 | 84 -0.59627 -4.09721e-02
 85 -0.54844 -1.78031e+00 | 86 -0.54077 -1.04364e+00 | 87 -0.52929  1.39041e+00
 88 -0.59148  2.09371e+00 | 89 -0.58806  1.98959e+00 | 90 -0.62232  2.03787e+00
 91 -0.63132  3.77091e+00 | 92 -0.65053  3.59300e+00 | 93 -0.62339 -1.71660e+00
 94 -0.63318 -2.32920e+00 | 95 -0.66720  2.55278e+00 | 96 -0.59673  2.26208e+00
 97 -0.68655  4.74398e+00 | 98 -0.64061  4.87057e+00 | 99 -0.71003  3.66309e+00
100 -0.69468  2.27211e+00 |101 -0.69318  2.32716e+00 |102 -0.63382  1.86831e+00
103 -0.60850  3.28303e+00 |104 -0.62515  5.62270e+00 |105 -0.57073 -4.70243e+00
106 -0.76814 -4.42410e+00 |107 -0.74928 -2.08883e+00 |108 -0.79139 -9.39995e+00
109 -0.73994 -9.09089e-01 |110 -0.70263 -7.30165e+00 |111 -0.73498 -5.14006e+00
112 -0.73215 -5.77121e+00 |113 -0.90093  4.18178e+01 |114 -0.78627  1.82188e+01
115 -0.75464 -3.21352e+00 |116 -0.62440 -2.27569e+00 |117 -0.69305  3.29032e+00
118 -0.73291 -1.15796e+01 |119 -0.70607  5.60058e+00 |120 -0.77540  3.34831e-01
121 -0.77560 -2.91429e+01 |122 -0.71878 -1.23268e+01 |123 -0.85373 -2.48917e+00
124 -0.89809 -4.00006e+01 |125 -0.89756 -1.87128e+01 |126 -0.86435  1.34671e+01
127 -0.85790 -2.05048e+00 |128 -0.78612 -1.62884e+00 |129 -0.83435 -4.58834e+00
130 -0.85504  1.72343e+01 |131 -0.81423  4.36559e-01 |132 -0.81159  2.43131e+00
133 -0.77488 -2.06098e+00 |134 -0.76206 -1.43637e+00 |135 -0.71396  2.35114e-02
136 -0.70470 -4.73992e+00 |137 -0.70907 -1.88788e+00 |138 -0.64951  7.25825e-01
139 -0.68947 -1.47353e+00 |140 -0.68897  3.74100e-01 |141 -0.77085  3.62316e+00
142 -0.72765  6.66984e-01 |143 -0.67280 -2.12028e-01 |144 -0.63369 -2.30650e+00
145 -0.60623 -2.76806e+00 |146 -0.60062 -1.71752e+00 |147 -0.61902 -6.65641e-01
148 -0.66122  4.30706e-01 |149 -0.71922  1.52474e+00 |150 -0.65988 -2.15502e+00
151 -0.62023  1.46537e-01 |152 -0.64776  2.16938e+00 |153 -0.63074  2.11249e+00
154 -0.76954  2.22542e+00 |155 -0.77103 -2.94891e-01 |156 -0.85273 -2.77289e+00
157 -0.74289  1.18607e+00 |158 -0.71701 -5.27984e+00 |159 -0.70871 -2.06181e+00
160 -0.71146  6.44073e-01 |161 -0.95562  9.24734e+01 |162 -0.93588 -5.84284e+01
163 -0.96717  3.31316e+02 |164 -0.87125 -5.70251e+00 |165 -0.81580 -8.80570e+00
166 -0.80889 -5.63047e+00 |167 -0.80813 -1.13251e+00 |168 -0.81520  4.59054e+00
169 -0.75342 -2.72876e+00 |170 -0.77496 -7.11851e+00 |171 -0.70999 -4.97081e+00
172 -0.64688 -2.17958e+00 |173 -0.51530 -2.96835e+00 |174 -0.52784 -2.58159e+00
175 -0.64942 -3.42740e+00 |176 -0.59977 -2.68261e+00 |177 -0.57178 -2.57961e+00
178 -0.53647 -1.52860e+00 |179 -0.54786 -1.43492e+00 |180 -0.53209 -1.44293e+00
181 -0.48291 -9.89216e-01 |182 -0.45293  3.66850e-01 |183 -0.50851 -8.58413e-01
184 -0.44602 -2.22944e+00 |185 -0.40905 -2.84959e+00 |186 -0.50519 -1.77273e+00
187 -0.57087 -7.74130e-02 |188 -0.47586  6.90866e-01 |189 -0.34252  1.62967e+00
190 -0.26752  3.57395e+00 |191 -0.33189  2.31279e+00 |192 -0.65399  6.00895e+00
193 -0.65844  3.24104e+00 |194 -0.83836  2.05854e+01 |195 -0.68665  5.91015e+00
196 -0.64315  6.30831e+00 |197 -0.69621  5.85426e+00 |198 -0.65210  5.07483e+00
199  0.00927 -2.40309e+00 |200  0.00410  4.61994e+01 |201  0.09104 -3.75774e+00
202  0.03466 -3.54683e+01 |203  0.01881  3.36826e-04 |204  0.33988  4.55424e+01
205 -0.01850  1.23935e-04 |206  0.25829  3.27684e+01 |207 -0.00253 -4.27005e-05
208  0.34388 -8.94916e+01 |209  0.33093  5.66661e+01 |210 -0.31185 -8.30261e-04
211  0.33125 -1.39095e+02 |212 -0.11680  2.58334e-01 |213 -0.00300  1.34656e+00
214  0.18164  2.98805e+00 |215 -0.30482 -1.71743e-03 |216  0.37259 -9.06491e-01
217 -0.11118 -3.77918e+00 |218  0.05933  1.43208e-01 |219 -0.06421 -1.12360e+00
220  0.22759  4.47092e+01 |221 -0.33247  4.22754e-04 |222  0.30718 -7.43297e+01
223 -0.04941  5.03983e+00 |224 -0.03453  2.48449e+00 |225  0.43228 -2.46149e+01
226  0.42500  1.88726e+00 |227  0.37122 -3.09954e+01 |228  0.23575  1.70526e-04
229  0.00289  3.37396e-06 |230  0.00993  3.43961e-04 |231  0.00476 -4.89956e-05
232  0.40292  9.93107e+01 |233  0.41311  1.89614e+00 |234  0.40611  9.73888e+01
235  0.42024 -1.01004e+02 |236  0.01350 -8.44477e-06 |237  0.02029 -1.07856e-05
238  0.10047  2.02254e-03 |239  0.03371 -3.40732e-05 |240  0.37353 -1.04627e+01
241  0.27894 -3.26079e+00 |242  0.34998  2.63593e+01 |243  0.39859  4.25495e+00
244  0.20679 -2.05075e-04 |245 -0.00451  3.07393e-06 |246 -0.00488  2.17836e-05
247  0.01319 -3.59012e-05 |248  0.36421  4.03686e+01 |249  0.34856  5.21481e+00
250  0.35683 -1.01698e+02 |251  0.37153 -1.59746e+01 |252  0.40332 -5.02959e+01
253  0.91104  2.22969e-02 |254  0.35989  1.39032e+02 |255  0.22356  8.38278e-01
256  0.11250  3.35565e+00 |257  0.03561  7.07451e-04 |258  0.05378  1.64676e-04
259  0.41649 -5.92204e-01 |260  0.36333 -3.08892e+00 |261 -0.10070  8.90848e-04
262 -0.10294  1.65240e-04 |263  0.09613 -9.16214e-01 |264  0.14309  6.85210e+00
265 -0.03109  7.91425e+00 |266 -0.01728 -6.30883e+00 |267 -0.00191 -9.50604e+00
268  0.03362 -1.77115e+01 |269 -0.02556 -3.25914e+00 |270 -0.01905 -4.69600e+00
271  0.00384 -1.14449e+01 |272 -0.02686 -9.16142e+00 |273  0.04538 -9.28315e+00
274 -0.00922 -6.32666e+00 |275 -0.00127 -4.74025e+00 |276  0.00076 -1.59490e+01
277  0.03472 -3.60931e+00 |278 -0.02096 -3.06835e+00 |279  0.00161  3.26497e+00
280  0.00169  5.75986e+00 |281  0.00763  1.07527e+01 |282 -0.02611  9.81679e-01
283  0.00204  2.66673e+00 |284 -0.01336  7.12079e+00 |285 -0.05418  5.29028e+00
286  0.02508  3.87121e+00 |287  0.03604  3.88872e+00 |288  0.00226  2.12245e+00
289 -0.01038  7.62145e+00 |290  0.04828  3.43956e+00 |291 -0.00000  1.36621e-06
292 -0.00000 -1.45150e-06 |293  0.00000 -7.89614e-07 |294  0.00000 -4.28315e-07
295 -0.00000 -6.69934e-07 |296  0.00000 -4.72648e-07 |297  0.00000  1.41626e-06
298  0.00000 -3.02147e-06 |299 -0.00000 -1.65117e-06 |300  0.00000 -1.29456e-06
301 -0.00000 -1.39350e-06 |302  0.00000 -2.00959e-07 |303 -0.00000 -2.80950e-07
304 -0.02463 -1.60893e+01 |305 -0.02465  6.96342e+00 |306 -0.00100 -1.31053e+01
307 -0.03504  1.37137e+01 |308 -0.04393  7.37280e+00 |309 -0.03914  7.69176e+00
310  0.00192 -1.54328e+00 |311  0.09181  6.89938e+01 |312  0.08309  3.78571e+01
313  0.00016  1.28677e+00 |314 -0.01026  1.31939e+01 |315 -0.00033  5.54024e+00
316 -0.01070  1.07492e+01 |317 -0.01478 -3.05207e+00 |318  0.01112  8.38093e+00
319 -0.03388 -1.04210e+01 |320 -0.03065 -1.78767e+00 |321 -0.04737 -3.29995e+00
322  0.00184 -9.71570e-01 |323  0.06036 -7.42848e+01 |324  0.05370 -3.56163e+01
325  0.00007 -4.93462e-01 |326 -0.01066 -5.64864e+00 |327  0.00075 -2.04810e+00
327 variables; iteration 60; function evaluation 65; phase 5
Function value 2.0670810e+03; maximum gradient component mag 3.5937e+02
Var    Value     Gradient |Var    Value     Gradient |Var    Value     Gradient
  1 -0.30031  6.90076e+01 |  2 -0.99888  2.63209e-01 |  3 -0.01141  1.34643e+02
  4 -0.42094  8.16122e+01 |  5 -0.24256 -3.70756e+01 |  6 -0.06305 -1.29993e+02
  7 -0.05789 -2.93663e+00 |  8 -0.03724 -1.63859e+00 |  9 -0.03405 -2.38836e+00
 10 -0.01902 -3.46420e+00 | 11  0.00585 -4.91538e+00 | 12  0.01915 -9.49631e+00
 13  0.11481 -1.55736e+01 | 14  0.01002 -8.81133e+00 | 15 -0.02653 -5.68371e+00
 16  0.02556 -1.00612e+01 | 17  0.10776 -3.50425e+01 | 18 -0.03033 -1.27927e+01
 19 -0.03096 -1.08755e+01 | 20  0.04212 -9.46887e+00 | 21  0.05051 -4.06964e+00
 22  0.09304  1.74415e+00 | 23  0.04115  6.89263e+00 | 24  0.07860  8.68980e+00
 25  0.07624  5.93758e-01 | 26  0.03278  3.29860e-02 | 27  0.04216  1.44085e+00
 28  0.03945  3.57179e-01 | 29  0.04766  2.05018e+00 | 30  0.06027 -4.02424e-01
 31  0.02202 -3.06944e+00 | 32 -0.01208 -8.41471e-01 | 33 -0.03324 -1.75686e+00
 34 -0.01470 -5.28508e+00 | 35  0.01641 -1.12315e+01 | 36 -0.02077 -7.78975e+00
 37 -0.03568 -3.08519e+00 | 38 -0.04204 -1.43529e-02 | 39  0.00486 -1.89268e+00
 40  0.00211 -5.75305e+00 | 41 -0.05957 -3.60986e+00 | 42 -0.07593 -9.04576e-01
 43 -0.05790 -9.75331e-01 | 44 -0.05718  4.36414e-01 | 45  0.01875  4.46296e+00
 46  0.05885  7.69501e+00 | 47  0.02215  5.94022e+00 | 48  0.07128  1.18358e+01
 49  0.00339  4.37294e+00 | 50  0.02434  7.49977e+00 | 51  0.08401  1.37712e+01
 52  0.13687  2.10560e+01 | 53  0.07943  1.60145e+01 | 54 -0.06069  5.54535e+00
 55 -0.04252  8.42605e+00 | 56 -0.06038  5.79774e+00 | 57 -0.06104  5.81594e+00
 58 -0.10383  2.76666e+00 | 59 -0.12521  3.36623e+00 | 60 -0.11587 -8.07373e-01
 61 -0.09734 -1.27133e+00 | 62 -0.09862 -8.45443e-01 | 63 -0.02118 -1.66747e-01
 64  0.00000  0.00000e+00 | 65 -0.94344 -1.53290e+02 | 66 -0.87062  4.79107e+01
 67 -0.85552 -5.62432e+00 | 68 -0.75857 -1.24761e+01 | 69 -0.81448  2.80672e+00
 70 -0.85663  2.55367e+00 | 71 -0.82409 -5.93810e+00 | 72 -0.84497  2.99699e+01
 73 -0.88150 -1.27495e+01 | 74 -0.88730  2.52797e+01 | 75 -0.79594  1.56717e+01
 76 -0.77905  9.15282e+00 | 77 -0.74043  3.91882e+00 | 78 -0.61717  1.63597e+00
 79 -0.60436  9.71925e-01 | 80 -0.59686  6.00209e-01 | 81 -0.65685  9.58640e-01
 82 -0.68823  1.94957e+00 | 83 -0.63327  1.82168e+00 | 84 -0.59291  9.84382e-01
 85 -0.54441  1.32027e+00 | 86 -0.53693  1.21903e+00 | 87 -0.52578  9.25589e-01
 88 -0.58868 -3.32631e-01 | 89 -0.58541 -3.16487e-01 | 90 -0.62001  6.93734e-02
 91 -0.62915  1.74350e+00 | 92 -0.64857  1.46782e+00 | 93 -0.62274 -3.92624e+00
 94 -0.63247 -3.82779e+00 | 95 -0.66538  2.18626e+00 | 96 -0.59436  1.87289e+00
 97 -0.68473  2.78895e+00 | 98 -0.63847  3.68583e+00 | 99 -0.70832  3.12395e+00
100 -0.69299  2.77826e+00 |101 -0.69178  2.77391e+00 |102 -0.63239  1.67937e+00
103 -0.60690  2.18177e+00 |104 -0.62345  3.51693e+00 |105 -0.56892 -4.98264e+00
106 -0.76670  3.28399e+00 |107 -0.74818 -6.12488e+00 |108 -0.79014 -4.70393e+00
109 -0.73863 -3.21264e+00 |110 -0.70080 -7.19371e+00 |111 -0.73306 -3.29001e+00
112 -0.72992 -4.11216e+00 |113 -0.89571 -1.05117e+01 |114 -0.77563  4.98308e-01
115 -0.74102 -1.31439e+01 |116 -0.59726 -5.75522e+00 |117 -0.67826 -5.02606e+00
118 -0.72172 -1.51659e+01 |119 -0.69390 -5.05569e+00 |120 -0.76562 -1.35378e+01
121 -0.76574 -4.79165e+01 |122 -0.70584 -2.58846e+01 |123 -0.85075 -7.54781e+00
124 -0.89671 -6.01217e+01 |125 -0.89599 -1.03550e+00 |126 -0.86282  1.10122e+00
127 -0.85631 -2.62585e+00 |128 -0.78399 -5.23128e+00 |129 -0.83270  6.58944e-02
130 -0.85421 -5.50187e+00 |131 -0.81312 -1.08886e+01 |132 -0.81024  3.39955e+00
133 -0.77293  8.10914e+00 |134 -0.76035 -1.11020e-01 |135 -0.71184  9.95841e-01
136 -0.70227 -5.47917e-01 |137 -0.70704 -1.03588e+00 |138 -0.64734  1.59112e-01
139 -0.68731  2.21578e+00 |140 -0.68714  8.94377e-01 |141 -0.76983  1.26923e+00
142 -0.72648 -1.25133e+00 |143 -0.67101 -8.25549e-01 |144 -0.63151 -2.60433e+00
145 -0.60363 -2.32190e+00 |146 -0.59808 -2.30829e+00 |147 -0.61670 -1.63322e+00
148 -0.65935 -6.55226e-01 |149 -0.71784  2.15508e+00 |150 -0.65845 -2.22169e+00
151 -0.61861 -1.09226e+00 |152 -0.64617 -5.06140e-01 |153 -0.62954  3.73024e-01
154 -0.76845  3.61367e+00 |155 -0.77018 -7.01041e+00 |156 -0.85191  2.53119e+00
157 -0.74165 -4.40785e-01 |158 -0.71528 -3.86247e+00 |159 -0.70669 -4.89924e-01
160 -0.70916  2.28090e+00 |161 -0.95472  9.31876e+01 |162 -0.93504 -5.58212e+01
163 -0.96681  3.59374e+02 |164 -0.87035 -2.49915e+01 |165 -0.81437 -9.96838e+00
166 -0.80714  5.78176e+00 |167 -0.80686  3.12034e-01 |168 -0.81419  5.25301e+00
169 -0.75206 -7.08689e-02 |170 -0.77372 -1.54011e+00 |171 -0.70863 -2.98861e+00
172 -0.64526 -7.87161e-01 |173 -0.51327 -3.71864e+00 |174 -0.52588 -3.90966e+00
175 -0.64812 -5.58114e+00 |176 -0.59827 -2.90512e+00 |177 -0.57014 -1.87504e+00
178 -0.53497 -1.87650e+00 |179 -0.54647 -1.91041e+00 |180 -0.53065 -1.69652e+00
181 -0.48147 -1.46033e+00 |182 -0.45144 -9.84289e-01 |183 -0.50669 -8.51836e-01
184 -0.44371 -1.57488e+00 |185 -0.40658 -2.33016e+00 |186 -0.50334 -6.05558e-01
187 -0.56993 -1.40674e-01 |188 -0.47530 -2.68857e-01 |189 -0.34251 -1.03358e+00
190 -0.26815 -1.13775e+00 |191 -0.33000  5.31641e-01 |192 -0.65251  5.91103e+00
193 -0.65679  3.51402e+00 |194 -0.83762  1.92085e+01 |195 -0.68490  8.49576e+00
196 -0.64103  7.43264e+00 |197 -0.69417  7.48792e+00 |198 -0.64934  7.01382e+00
199  0.00988  8.47331e-01 |200  0.00456  1.64157e+02 |201  0.08774  8.06524e+00
202  0.03272 -4.67660e+00 |203  0.01881  2.90059e-04 |204  0.33960  5.98399e+00
205 -0.01850  3.66412e-05 |206  0.25981  8.77485e+01 |207 -0.00253 -6.03920e-05
208  0.34223 -2.05589e+02 |209  0.33062  5.93181e+01 |210 -0.31185 -6.56973e-04
211  0.33120 -1.32318e+02 |212 -0.11472  2.70279e+00 |213 -0.00161  8.34965e+00
214  0.17137  1.56409e+00 |215 -0.30480 -1.60474e-03 |216  0.36845 -4.83343e-01
217 -0.08265 -2.48370e+00 |218  0.06072 -9.82335e-01 |219 -0.06319  1.65523e+00
220  0.22720  1.11847e+01 |221 -0.33246  9.17090e-05 |222  0.30719 -2.58484e+01
223 -0.05156  3.75151e+00 |224 -0.03239  6.90570e+00 |225  0.43409 -2.23987e+01
226  0.42100  6.56177e+00 |227  0.37292 -2.39733e+01 |228  0.23575  4.40352e-05
229  0.00289  2.05141e-06 |230  0.00993  3.39565e-04 |231  0.00476 -4.57422e-05
232  0.40326  9.51673e+01 |233  0.41193 -2.05557e+01 |234  0.40649  8.55700e+01
235  0.42046 -1.00654e+02 |236  0.01350 -1.54984e-05 |237  0.02029 -2.25035e-05
238  0.10045  1.98703e-03 |239  0.03371 -1.33757e-05 |240  0.37456 -9.85402e+00
241  0.27963 -3.68439e+00 |242  0.35170  3.20311e+01 |243  0.39809  5.47779e+00
244  0.20679 -3.29310e-04 |245 -0.00451  2.45325e-06 |246 -0.00488  2.10598e-05
247  0.01319 -3.53588e-05 |248  0.36446  3.91157e+01 |249  0.34903  9.92445e+00
250  0.35739 -9.51129e+01 |251  0.37157 -1.79785e+01 |252  0.40257 -5.15410e+01
253  0.91086  2.22526e-02 |254  0.35986  1.41911e+02 |255  0.22178  1.01979e+00
256  0.11057  1.06194e+00 |257  0.03560  6.96168e-04 |258  0.05378  1.09076e-04
259  0.41554 -2.32295e+00 |260  0.36261 -9.02097e-01 |261 -0.10070  8.73920e-04
262 -0.10295  1.13181e-04 |263  0.09774 -9.69678e-01 |264  0.14394  4.17445e+00
265 -0.03126  8.63007e+00 |266 -0.01653 -6.26856e+00 |267  0.00146  1.54408e+00
268  0.03747  1.37522e+01 |269 -0.02472 -1.80892e+00 |270 -0.01816 -7.14511e-01
271  0.00494 -5.04490e+00 |272 -0.02521 -9.25111e+00 |273  0.04766  7.62256e+00
274 -0.00733 -3.21310e+00 |275 -0.00058 -4.58947e+00 |276  0.00252 -7.83134e+00
277  0.03470 -3.58055e+00 |278 -0.02073 -2.92087e+00 |279  0.00174  3.77832e+00
280 -0.00123 -9.02857e-01 |281  0.00886 -7.30363e+00 |282 -0.02530  8.35175e-01
283  0.00212  6.90201e-01 |284 -0.01331  4.26682e+00 |285 -0.05362  3.99064e+00
286  0.02528 -6.34765e+00 |287  0.03599  1.07785e+00 |288  0.00215  1.84899e+00
289 -0.00916  5.03775e+00 |290  0.04818  3.23542e+00 |291 -0.00000  4.08871e-06
292 -0.00000 -1.02384e-06 |293  0.00000  1.54911e-07 |294  0.00000  9.90461e-07
295 -0.00000 -3.46135e-07 |296  0.00000 -1.66723e-07 |297  0.00000 -5.54713e-08
298  0.00000 -5.59297e-08 |299 -0.00000  2.29370e-07 |300  0.00000 -8.68903e-07
301 -0.00000 -1.79108e-06 |302  0.00000 -7.55383e-07 |303 -0.00000 -2.00923e-07
304 -0.02692 -3.03482e+00 |305 -0.02528  2.41286e+01 |306  0.00527  1.29402e+01
307 -0.03258  2.26530e+01 |308 -0.04458  1.26010e+01 |309 -0.03949  2.66871e+01
310  0.00282  5.16415e+00 |311  0.09134  1.09149e+02 |312  0.08420  7.68988e+01
313 -0.00105  3.59809e+00 |314 -0.01056  1.89460e+01 |315 -0.00187 -3.55771e-02
316 -0.01228  2.78811e+00 |317 -0.01495 -1.71402e+01 |318  0.01736 -5.43348e+00
319 -0.02770 -8.68422e+00 |320 -0.02986 -4.86979e+00 |321 -0.04672 -1.20016e+01
322  0.00405 -6.56501e-01 |323  0.06071 -1.16301e+02 |324  0.05476 -7.23472e+01
325 -0.00015 -1.61300e+00 |326 -0.00861 -7.36500e+00 |327 -0.00120 -4.21976e-01
327 variables; iteration 80; function evaluation 85; phase 5
Function value 2.0669403e+03; maximum gradient component mag 3.7674e+02
Var    Value     Gradient |Var    Value     Gradient |Var    Value     Gradient
  1 -0.30392  1.50378e+02 |  2 -0.99920  1.72860e-01 |  3 -0.01141  1.80319e+02
  4 -0.42091 -1.93639e+01 |  5 -0.24662 -1.26603e+02 |  6 -0.06335 -1.49552e+02
  7 -0.05839 -3.09311e+00 |  8 -0.03742 -1.74699e+00 |  9 -0.03464 -2.79270e+00
 10 -0.01934 -4.00639e+00 | 11  0.00610 -5.92906e+00 | 12  0.01657 -1.18216e+01
 13  0.11522 -1.98378e+01 | 14  0.00998 -1.01719e+01 | 15 -0.02430 -5.48229e+00
 16  0.02838 -9.36513e+00 | 17  0.10730 -3.69034e+01 | 18 -0.02902 -1.24602e+01
 19 -0.03047 -1.09484e+01 | 20  0.04221 -1.10117e+01 | 21  0.04954 -5.35868e+00
 22  0.09105 -3.28942e+00 | 23  0.03846  2.45094e+00 | 24  0.07724  3.42899e+00
 25  0.07610 -4.82783e+00 | 26  0.03184 -3.78687e+00 | 27  0.04107 -1.95724e+00
 28  0.03983 -9.21285e-01 | 29  0.04687  2.10070e-01 | 30  0.05957 -2.23389e+00
 31  0.02289 -1.70938e+00 | 32 -0.01289 -3.04838e+00 | 33 -0.03345 -3.86581e+00
 34 -0.01424 -5.03529e+00 | 35  0.01615 -1.48585e+01 | 36 -0.02062 -1.03481e+01
 37 -0.03561 -4.24621e+00 | 38 -0.04189 -2.59622e-01 | 39  0.00497 -3.39921e+00
 40  0.00210 -8.81089e+00 | 41 -0.05950 -4.91090e+00 | 42 -0.07557 -1.40864e+00
 43 -0.05775 -4.14480e+00 | 44 -0.05674 -1.65702e+00 | 45  0.01903  6.29786e-02
 46  0.05918  2.58844e+00 | 47  0.02261  1.98645e+00 | 48  0.07179  5.80293e+00
 49  0.00414  2.48641e+00 | 50  0.02530  6.53235e+00 | 51  0.08547  1.59711e+01
 52  0.13829  2.43217e+01 | 53  0.08077  1.69568e+01 | 54 -0.05984  4.66396e+00
 55 -0.04185  7.36887e+00 | 56 -0.05983  3.84886e+00 | 57 -0.06108  8.83153e-01
 58 -0.10316  1.95983e+00 | 59 -0.12494  1.36708e+00 | 60 -0.11472  2.72596e-02
 61 -0.09650 -1.36727e+00 | 62 -0.09694  1.49328e-01 | 63 -0.02101 -1.80948e-01
 64  0.00000  0.00000e+00 | 65 -0.94300 -1.53027e+02 | 66 -0.86973  4.71394e+01
 67 -0.85520 -1.28304e+01 | 68 -0.75814 -1.43010e+01 | 69 -0.81348  2.82052e+00
 70 -0.85585  8.35319e+00 | 71 -0.82356 -1.36744e+01 | 72 -0.84442  2.66420e+01
 73 -0.88115 -1.35223e+01 | 74 -0.88628  1.49206e+01 | 75 -0.79412  1.59538e+01
 76 -0.77683  9.39777e+00 | 77 -0.73775  4.29402e+00 | 78 -0.61390  2.53192e+00
 79 -0.60105  1.35055e+00 | 80 -0.59360 -1.01951e-02 | 81 -0.65423 -1.96098e-01
 82 -0.68589  2.50525e+00 | 83 -0.63103 -3.59676e-01 | 84 -0.59050 -3.56186e-01
 85 -0.54186 -4.97269e-01 | 86 -0.53407  5.22706e-01 | 87 -0.52230  1.82094e+00
 88 -0.58554  2.37056e-01 | 89 -0.58237 -3.89021e-01 | 90 -0.61733 -2.23332e-01
 91 -0.62658  1.75884e+00 | 92 -0.64623  1.12126e+00 | 93 -0.62037 -3.63795e+00
 94 -0.63012 -2.63241e+00 | 95 -0.66321  1.56790e+00 | 96 -0.59166  1.38329e+00
 97 -0.68261  2.55350e+00 | 98 -0.63615  3.06194e+00 | 99 -0.70659  1.17263e+00
100 -0.69135  6.02781e-01 |101 -0.69032  2.06853e+00 |102 -0.63076  1.14614e+00
103 -0.60462  2.45191e+00 |104 -0.62056  4.22001e+00 |105 -0.56481 -3.92425e+00
106 -0.76466  1.79248e-01 |107 -0.74598 -5.13313e+00 |108 -0.78860 -4.88451e+00
109 -0.73697 -2.07521e+00 |110 -0.69936 -9.13662e+00 |111 -0.73184 -2.30439e+00
112 -0.72915 -6.12144e+00 |113 -0.89503 -1.40662e+01 |114 -0.77428 -1.53601e+00
115 -0.73962 -1.55032e+01 |116 -0.59607 -3.41107e+00 |117 -0.67738 -5.28796e+00
118 -0.72067 -1.97981e+01 |119 -0.69260 -2.74777e+00 |120 -0.76515 -1.32763e+01
121 -0.76587 -4.63326e+01 |122 -0.70670 -2.19890e+01 |123 -0.84887  6.32721e-01
124 -0.89581 -6.60405e+01 |125 -0.89524 -8.68015e+00 |126 -0.86164  4.13228e+00
127 -0.85528 -1.25471e+01 |128 -0.78230 -7.50083e+00 |129 -0.83133  3.16846e+00
130 -0.85306 -2.49127e-01 |131 -0.81189 -1.14783e+01 |132 -0.80901  5.97834e+00
133 -0.77155  8.07757e+00 |134 -0.75891 -8.59124e-01 |135 -0.70992  5.03742e-01
136 -0.70005 -5.98895e-01 |137 -0.70490 -1.65028e+00 |138 -0.64488 -8.23782e-01
139 -0.68511  2.14675e+00 |140 -0.68505  2.21792e-01 |141 -0.76845 -3.22956e+00
142 -0.72474 -2.08040e+00 |143 -0.66862 -3.34316e-01 |144 -0.62888 -3.41133e+00
145 -0.60069 -2.70564e+00 |146 -0.59494 -1.24014e+00 |147 -0.61370  3.66201e-01
148 -0.65723 -2.13867e+00 |149 -0.71622  2.91975e+00 |150 -0.65662 -1.95938e+00
151 -0.61628 -2.37603e+00 |152 -0.64315  5.00512e-01 |153 -0.62566  1.71591e+00
154 -0.76612  3.57845e+00 |155 -0.76792 -3.17159e+00 |156 -0.85076  5.16324e-01
157 -0.73988 -4.18553e-01 |158 -0.71376 -6.72801e+00 |159 -0.70530 -1.59088e+00
160 -0.70802  2.33001e+00 |161 -0.95433  6.61132e+01 |162 -0.93438 -7.18361e+01
163 -0.96643  3.76742e+02 |164 -0.86906 -2.59100e+01 |165 -0.81258 -1.10157e+01
166 -0.80534  3.59475e+00 |167 -0.80514 -1.34087e+00 |168 -0.81266  1.59886e+00
169 -0.74999  8.85715e-01 |170 -0.77202 -1.05579e+00 |171 -0.70645 -3.02923e+00
172 -0.64247 -6.38601e-01 |173 -0.50848 -4.82542e-01 |174 -0.52128 -2.12927e+00
175 -0.64500 -5.01685e+00 |176 -0.59479 -2.43914e+00 |177 -0.56650 -1.57694e+00
178 -0.53097 -8.82435e-01 |179 -0.54256 -4.64454e-01 |180 -0.52668 -1.46058e-01
181 -0.47729 -7.18692e-01 |182 -0.44726 -1.59157e+00 |183 -0.50314 -2.34927e+00
184 -0.43945 -1.81690e+00 |185 -0.40196 -1.80664e+00 |186 -0.49998 -1.00841e+00
187 -0.56756 -1.19062e+00 |188 -0.47242 -6.91665e-01 |189 -0.33801 -1.25788e+00
190 -0.26158 -1.11845e+00 |191 -0.32164  3.15281e+00 |192 -0.64892  5.71620e+00
193 -0.65352  4.00144e+00 |194 -0.83630  1.90123e+01 |195 -0.68272  8.32294e+00
196 -0.63898  5.92161e+00 |197 -0.69269  6.29248e+00 |198 -0.64805  5.79866e+00
199  0.01067  9.88960e+00 |200  0.00530  1.54648e+02 |201  0.08134  6.94145e+00
202  0.03252 -1.55279e+00 |203  0.01880  1.76402e-04 |204  0.33949 -1.43969e+00
205 -0.01850  1.35343e-06 |206  0.26273  7.79833e+01 |207 -0.00253 -6.18823e-05
208  0.34493 -1.82692e+02 |209  0.33142  5.99728e+01 |210 -0.31183 -9.04669e-04
211  0.33151 -1.30852e+02 |212 -0.11942  8.65755e-02 |213 -0.00165  2.73722e+00
214  0.15642  1.11059e+00 |215 -0.30477 -1.37461e-03 |216  0.36154 -8.27731e-01
217 -0.03567 -3.41775e-01 |218  0.06547 -1.65919e-01 |219 -0.07040  2.20622e+00
220  0.22690 -1.92743e+01 |221 -0.33246 -1.18567e-04 |222  0.30727  2.57655e+01
223 -0.04996  2.16028e+00 |224 -0.03251  3.36672e+00 |225  0.43392 -2.26351e+01
226  0.42099  3.33933e+00 |227  0.37322 -2.13321e+01 |228  0.23575  4.30874e-05
229  0.00289  1.86168e-06 |230  0.00992  3.35388e-04 |231  0.00476 -4.75956e-05
232  0.40334  9.58835e+01 |233  0.41219 -8.09045e+00 |234  0.40661  7.72411e+01
235  0.42054 -1.00675e+02 |236  0.01350 -1.55796e-05 |237  0.02029 -2.37878e-05
238  0.10042  1.96304e-03 |239  0.03371 -2.70804e-05 |240  0.37433 -8.90543e+00
241  0.27966 -3.38885e+00 |242  0.35269  3.33266e+01 |243  0.39898  6.48591e+00
244  0.20679 -3.31430e-04 |245 -0.00451  1.72579e-06 |246 -0.00488  2.07864e-05
247  0.01319 -3.55893e-05 |248  0.36444  3.28593e+01 |249  0.34915  1.06420e+01
250  0.35770 -9.35361e+01 |251  0.37183 -2.01480e+01 |252  0.40353 -5.03014e+01
253  0.91048  2.21575e-02 |254  0.36013  1.38398e+02 |255  0.21978  6.15719e-01
256  0.11071 -5.34904e-02 |257  0.03559  6.81866e-04 |258  0.05378  1.16800e-04
259  0.41485 -2.30857e+00 |260  0.36286  9.85516e-01 |261 -0.10072  8.52794e-04
262 -0.10295  1.19132e-04 |263  0.09949 -9.43661e-01 |264  0.14441  3.55331e+00
265 -0.03130  9.10268e+00 |266 -0.01660 -4.99269e+00 |267  0.00051  3.25966e+00
268  0.03701  1.26964e+01 |269 -0.02491 -2.40675e+00 |270 -0.01807 -2.08143e+00
271  0.00483  2.81717e+00 |272 -0.02604 -1.29527e+01 |273  0.04710  8.31313e+00
274 -0.00610 -1.35651e+00 |275 -0.00108 -5.61216e+00 |276  0.00267 -7.19981e+00
277  0.03523 -2.79132e+00 |278 -0.02111 -3.26322e+00 |279  0.00065  1.95580e+00
280 -0.00113 -1.97260e+00 |281  0.00892 -6.54186e+00 |282 -0.02537  1.07285e+00
283  0.00251  1.64233e+00 |284 -0.01345 -7.54170e-01 |285 -0.05460  3.65892e+00
286  0.02537 -7.45254e+00 |287  0.03725  8.02372e-01 |288  0.00216  2.42915e+00
289 -0.00912  4.62595e+00 |290  0.04818  2.14711e+00 |291 -0.00000 -1.05776e-06
292 -0.00000 -9.72607e-07 |293  0.00000  3.13474e-07 |294  0.00000  5.51205e-07
295 -0.00000  3.70663e-07 |296  0.00000 -2.28033e-07 |297  0.00000  4.54076e-08
298  0.00000 -5.37835e-07 |299 -0.00000  1.49120e-06 |300  0.00000 -4.66872e-07
301 -0.00000  2.08573e-09 |302  0.00000 -1.99599e-07 |303 -0.00000 -2.57057e-07
304 -0.02817 -2.57568e+00 |305 -0.02510  2.41366e+01 |306  0.00356  8.61266e+00
307 -0.03445  1.22961e+01 |308 -0.04536  1.32915e+01 |309 -0.04052  2.51387e+01
310  0.00141  4.03012e+00 |311  0.09032  1.01370e+02 |312  0.08216  6.35784e+01
313 -0.00021 -3.16909e-01 |314 -0.01118  2.03870e+01 |315 -0.00194  2.20258e+00
316 -0.01539  1.14270e+00 |317 -0.01596 -1.69739e+01 |318  0.01444 -6.21792e+00
319 -0.03117 -5.14260e+00 |320 -0.03186 -5.24751e+00 |321 -0.04911 -1.25699e+01
322  0.00156 -8.54218e-01 |323  0.05883 -1.06040e+02 |324  0.05226 -6.26977e+01
325 -0.00066 -3.19492e-02 |326 -0.01018 -8.29996e+00 |327 -0.00061 -1.18832e+00
Maximum number of function evaluations exceeded

 - final statistics:
327 variables; iteration 96; function evaluation 100
Function value 2.0669e+03; maximum gradient component mag 3.7714e+02
Exit code = 3;  converg criter 1.0000e+00
Var    Value     Gradient |Var    Value     Gradient |Var    Value     Gradient
  1 -0.30350  1.22797e+02 |  2 -0.99943  1.27967e-01 |  3 -0.01141  1.84834e+02
  4 -0.42092  1.51912e+01 |  5 -0.24623 -9.44499e+01 |  6 -0.06286 -1.34158e+02
  7 -0.05796 -2.72398e+00 |  8 -0.03722 -1.51985e+00 |  9 -0.03398 -2.26514e+00
 10 -0.01891 -3.38217e+00 | 11  0.00593 -5.10358e+00 | 12  0.01810 -1.03493e+01
 13  0.11489 -1.73935e+01 | 14  0.01018 -9.40269e+00 | 15 -0.02600 -5.61554e+00
 16  0.02542 -9.34503e+00 | 17  0.10801 -3.19780e+01 | 18 -0.02930 -1.12544e+01
 19 -0.02942 -9.11972e+00 | 20  0.04285 -9.36954e+00 | 21  0.05052 -3.42666e+00
 22  0.09134 -1.49875e+00 | 23  0.03847  3.64232e+00 | 24  0.07605  4.65506e+00
 25  0.07736 -1.64687e+00 | 26  0.03118 -2.59687e+00 | 27  0.04111 -9.01918e-01
 28  0.04001 -3.52188e-01 | 29  0.04670  8.88526e-01 | 30  0.05968 -8.72729e-01
 31  0.02279 -1.96309e+00 | 32 -0.01288 -2.33496e+00 | 33 -0.03317 -2.83955e+00
 34 -0.01452 -5.59923e+00 | 35  0.01622 -1.39643e+01 | 36 -0.02066 -9.35496e+00
 37 -0.03579 -3.96811e+00 | 38 -0.04172  5.07784e-01 | 39  0.00477 -4.71546e+00
 40  0.00209 -9.04747e+00 | 41 -0.05935 -4.00417e+00 | 42 -0.07574 -1.42081e+00
 43 -0.05781 -3.14583e+00 | 44 -0.05687 -9.94749e-01 | 45  0.01893  3.77818e-01
 46  0.05897  6.44196e-01 | 47  0.02241  2.41165e-01 | 48  0.07165  5.46102e+00
 49  0.00408  2.95686e+00 | 50  0.02522  7.71804e+00 | 51  0.08538  1.76176e+01
 52  0.13811  2.58219e+01 | 53  0.08044  1.59419e+01 | 54 -0.06007  4.23239e+00
 55 -0.04197  6.24614e+00 | 56 -0.06014  2.33251e+00 | 57 -0.06117  9.13284e-01
 58 -0.10343  2.45768e+00 | 59 -0.12489  2.88551e+00 | 60 -0.11511 -1.62273e-01
 61 -0.09693 -1.95124e+00 | 62 -0.09760 -3.73106e-01 | 63 -0.02100 -1.64367e-01
 64  0.00000  0.00000e+00 | 65 -0.94326 -1.48399e+02 | 66 -0.87032  4.84021e+01
 67 -0.85575 -9.40698e+00 | 68 -0.75898 -1.51206e+01 | 69 -0.81367  6.38033e+00
 70 -0.85622  6.26484e+00 | 71 -0.82388 -1.07463e+01 | 72 -0.84484  2.65325e+01
 73 -0.88149 -1.12624e+01 | 74 -0.88672  1.77882e+01 | 75 -0.79457  1.70025e+01
 76 -0.77701  9.49143e+00 | 77 -0.73799  4.46730e+00 | 78 -0.61404  2.52491e+00
 79 -0.60116  1.23127e+00 | 80 -0.59363  1.96473e-01 | 81 -0.65415  6.98360e-01
 82 -0.68590  1.86528e+00 | 83 -0.63087  6.69033e-01 | 84 -0.59030  4.56060e-01
 85 -0.54160  3.86997e-01 | 86 -0.53392  7.35529e-01 | 87 -0.52234  9.23307e-01
 88 -0.58543  2.12838e-01 | 89 -0.58216  1.91655e-01 | 90 -0.61716  1.15087e-01
 91 -0.62646  1.57031e+00 | 92 -0.64612  8.31475e-01 | 93 -0.61938 -3.51584e+00
 94 -0.62928 -2.98357e+00 | 95 -0.66306  1.68602e+00 | 96 -0.59136  1.81393e+00
 97 -0.68242  1.96402e+00 | 98 -0.63578  3.39101e+00 | 99 -0.70630  9.39328e-01
100 -0.69100  8.44509e-01 |101 -0.69012  5.46639e-01 |102 -0.63038  1.61562e+00
103 -0.60439  2.29028e+00 |104 -0.62047  3.73775e+00 |105 -0.56465 -2.81198e+00
106 -0.76451  3.25724e+00 |107 -0.74593 -5.11361e+00 |108 -0.78851 -4.47582e+00
109 -0.73690 -3.35696e+00 |110 -0.69912 -8.61625e+00 |111 -0.73168 -3.25382e+00
112 -0.72884 -5.48848e+00 |113 -0.89523 -1.67185e+01 |114 -0.77534 -1.07648e+00
115 -0.74088 -1.38503e+01 |116 -0.59755 -3.32987e+00 |117 -0.67777 -5.79281e+00
118 -0.72106 -1.89460e+01 |119 -0.69309 -1.79916e+00 |120 -0.76543 -1.27517e+01
121 -0.76587 -4.65644e+01 |122 -0.70650 -2.21432e+01 |123 -0.84879  6.52235e-01
124 -0.89596 -6.31777e+01 |125 -0.89507 -8.94391e+00 |126 -0.86171  3.96092e+00
127 -0.85528 -9.68892e+00 |128 -0.78232 -7.08285e+00 |129 -0.83139  7.77732e-01
130 -0.85309 -3.13549e+00 |131 -0.81188 -1.17933e+01 |132 -0.80901  4.39389e+00
133 -0.77149  8.22121e+00 |134 -0.75882 -3.32017e-01 |135 -0.70977  1.47232e+00
136 -0.69999 -8.12014e-01 |137 -0.70474 -6.40211e-01 |138 -0.64471 -3.85373e-01
139 -0.68499  2.06207e+00 |140 -0.68492  1.08181e-01 |141 -0.76829 -7.83289e-01
142 -0.72468 -2.04378e+00 |143 -0.66857 -6.86003e-01 |144 -0.62869 -3.01007e+00
145 -0.60035 -1.77068e+00 |146 -0.59457 -5.85898e-01 |147 -0.61344 -1.97114e-01
148 -0.65683 -1.29251e+00 |149 -0.71596  2.79261e+00 |150 -0.65638 -2.28828e+00
151 -0.61603 -1.78153e+00 |152 -0.64310  5.01755e-01 |153 -0.62544  1.63422e+00
154 -0.76599  3.10180e+00 |155 -0.76760  7.21934e-01 |156 -0.85080 -9.18432e+00
157 -0.73961 -3.75737e-01 |158 -0.71333 -5.31803e+00 |159 -0.70487 -8.63873e-01
160 -0.70759  2.51027e+00 |161 -0.95445  7.08544e+01 |162 -0.93448 -6.89947e+01
163 -0.96647  3.77144e+02 |164 -0.86922 -2.67160e+01 |165 -0.81276 -1.00155e+01
166 -0.80548  4.92737e+00 |167 -0.80530 -9.50858e-01 |168 -0.81276  3.15402e+00
169 -0.75016  9.45742e-01 |170 -0.77211  7.91551e-02 |171 -0.70666 -3.38984e+00
172 -0.64272 -7.32072e-01 |173 -0.50906 -1.82647e+00 |174 -0.52169 -2.86240e+00
175 -0.64512 -4.49552e+00 |176 -0.59490 -1.92627e+00 |177 -0.56675 -1.91987e+00
178 -0.53107 -4.20415e-01 |179 -0.54283 -8.18711e-01 |180 -0.52720 -1.45504e+00
181 -0.47774 -1.47666e+00 |182 -0.44738 -1.40341e+00 |183 -0.50304 -1.56640e+00
184 -0.43936 -1.54846e+00 |185 -0.40164 -1.21868e+00 |186 -0.49978 -7.85420e-01
187 -0.56730 -3.09056e-01 |188 -0.47235 -5.90308e-01 |189 -0.33821 -1.28831e+00
190 -0.26255 -2.23307e+00 |191 -0.32173  2.68685e+00 |192 -0.64878  6.62050e+00
193 -0.65338  4.46972e+00 |194 -0.83626  1.73869e+01 |195 -0.68262  7.08214e+00
196 -0.63867  6.16955e+00 |197 -0.69239  6.61147e+00 |198 -0.64762  6.29305e+00
199  0.01064  1.22621e+01 |200  0.00528  1.54122e+02 |201  0.08146  6.96868e+00
202  0.03239 -5.10954e+00 |203  0.01880  1.98713e-04 |204  0.33948  2.13588e+00
205 -0.01850  1.22642e-05 |206  0.26363  8.17466e+01 |207 -0.00253 -6.04716e-05
208  0.34305 -1.90880e+02 |209  0.33123  5.79412e+01 |210 -0.31182 -8.09930e-04
211  0.33144 -1.26197e+02 |212 -0.11772  1.14963e+00 |213 -0.00142  5.91413e+00
214  0.15186  1.12923e+00 |215 -0.30475 -1.25021e-03 |216  0.35933 -9.44263e-01
217 -0.01755  6.27231e-01 |218  0.06615 -4.29311e-01 |219 -0.07619  1.27163e+00
220  0.22697 -1.80044e+01 |221 -0.33245 -1.08623e-04 |222  0.30729  2.47804e+01
223 -0.04994  2.29231e+00 |224 -0.03240  3.59765e+00 |225  0.43417 -2.22281e+01
226  0.42351  3.88430e+00 |227  0.37371 -2.04073e+01 |228  0.23575  5.44381e-05
229  0.00289  2.16180e-06 |230  0.00992  3.33818e-04 |231  0.00476 -4.78437e-05
232  0.40335  9.22123e+01 |233  0.41268 -7.87620e+00 |234  0.40668  7.61334e+01
235  0.42051 -9.97273e+01 |236  0.01350 -1.48324e-05 |237  0.02029 -2.03843e-05
238  0.10040  1.95171e-03 |239  0.03371 -2.93843e-05 |240  0.37461 -8.51676e+00
241  0.28006 -3.68169e+00 |242  0.35280  3.13374e+01 |243  0.39986  6.96015e+00
244  0.20680 -3.31827e-04 |245 -0.00451  1.84805e-06 |246 -0.00488  2.04961e-05
247  0.01319 -3.52636e-05 |248  0.36449  3.21699e+01 |249  0.34927  1.11374e+01
250  0.35769 -9.13136e+01 |251  0.37206 -1.90087e+01 |252  0.40365 -4.97408e+01
253  0.91019  2.20847e-02 |254  0.36013  1.36487e+02 |255  0.22045  4.10008e-01
256  0.11016 -5.48012e-01 |257  0.03558  6.83657e-04 |258  0.05377  9.00772e-05
259  0.41521 -1.63625e+00 |260  0.36256  1.49076e+00 |261 -0.10073  8.54166e-04
262 -0.10295  9.41495e-05 |263  0.09897 -9.42665e-01 |264  0.14452  3.96158e+00
265 -0.03110  9.26210e+00 |266 -0.01656 -5.39624e+00 |267  0.00024  2.23998e+00
268  0.03675  1.13254e+01 |269 -0.02466 -2.73105e+00 |270 -0.01845 -2.58606e+00
271  0.00490  9.67354e-01 |272 -0.02584 -1.31106e+01 |273  0.04705  6.87960e+00
274 -0.00801 -2.42193e+00 |275 -0.00137 -6.61040e+00 |276  0.00265 -7.87062e+00
277  0.03505 -2.85130e+00 |278 -0.02083 -3.32899e+00 |279  0.00135  2.74766e+00
280 -0.00062 -1.32622e+00 |281  0.00876 -5.12996e+00 |282 -0.02549  1.03862e+00
283  0.00203  1.55746e+00 |284 -0.01350 -1.15654e-01 |285 -0.05435  3.91035e+00
286  0.02531 -8.00701e+00 |287  0.03641  1.36137e+00 |288  0.00249  3.18089e+00
289 -0.00931  4.89661e+00 |290  0.04795  1.77308e+00 |291 -0.00000  1.15719e-06
292 -0.00000 -1.05575e-06 |293  0.00000  2.39764e-07 |294  0.00000  9.00209e-07
295 -0.00000 -4.19152e-07 |296  0.00000 -2.36869e-07 |297  0.00000  4.80188e-07
298  0.00000 -9.02313e-07 |299 -0.00000  2.41049e-07 |300  0.00000 -6.50753e-07
301 -0.00000 -4.20107e-07 |302  0.00000 -5.07926e-07 |303 -0.00000 -1.82620e-07
304 -0.02848 -6.25007e-01 |305 -0.02680  2.13136e+01 |306  0.00257  9.74694e+00
307 -0.03430  1.53535e+01 |308 -0.04538  1.46963e+01 |309 -0.04045  2.49758e+01
310  0.00174  5.40779e+00 |311  0.09057  1.04593e+02 |312  0.08273  6.78284e+01
313 -0.00026 -3.36837e-01 |314 -0.01189  1.89971e+01 |315 -0.00208  2.31182e+00
316 -0.01371  1.69958e-01 |317 -0.01583 -1.50736e+01 |318  0.01524 -7.17299e+00
319 -0.02903 -5.53650e+00 |320 -0.03012 -5.33450e+00 |321 -0.04699 -1.12735e+01
322  0.00369 -6.12288e-01 |323  0.06064 -1.09617e+02 |324  0.05438 -6.48344e+01
325 -0.00051  3.56448e-03 |326 -0.00913 -7.51900e+00 |327 -0.00078 -1.27175e+00

Initial statistics: 328 variables; iteration 0; function evaluation 0; phase 6
Function value 2.0669120e+03; maximum gradient component mag 3.7714e+02
Var    Value     Gradient |Var    Value     Gradient |Var    Value     Gradient
  1 -0.30350  1.22797e+02 |  2 -0.99943  1.27967e-01 |  3 -0.01141  1.84834e+02
  4 -0.42092  1.51912e+01 |  5 -0.11806  3.69200e+01 |  6 -0.24623 -9.44499e+01
  7 -0.06286 -1.34158e+02 |  8 -0.05796 -2.72398e+00 |  9 -0.03722 -1.51985e+00
 10 -0.03398 -2.26514e+00 | 11 -0.01891 -3.38217e+00 | 12  0.00593 -5.10358e+00
 13  0.01810 -1.03493e+01 | 14  0.11489 -1.73935e+01 | 15  0.01018 -9.40269e+00
 16 -0.02600 -5.61554e+00 | 17  0.02542 -9.34503e+00 | 18  0.10801 -3.19780e+01
 19 -0.02930 -1.12544e+01 | 20 -0.02942 -9.11972e+00 | 21  0.04285 -9.36954e+00
 22  0.05052 -3.42666e+00 | 23  0.09134 -1.49875e+00 | 24  0.03847  3.64232e+00
 25  0.07605  4.65506e+00 | 26  0.07736 -1.64687e+00 | 27  0.03118 -2.59687e+00
 28  0.04111 -9.01918e-01 | 29  0.04001 -3.52188e-01 | 30  0.04670  8.88526e-01
 31  0.05968 -8.72729e-01 | 32  0.02279 -1.96309e+00 | 33 -0.01288 -2.33496e+00
 34 -0.03317 -2.83955e+00 | 35 -0.01452 -5.59923e+00 | 36  0.01622 -1.39643e+01
 37 -0.02066 -9.35496e+00 | 38 -0.03579 -3.96811e+00 | 39 -0.04172  5.07784e-01
 40  0.00477 -4.71546e+00 | 41  0.00209 -9.04747e+00 | 42 -0.05935 -4.00417e+00
 43 -0.07574 -1.42081e+00 | 44 -0.05781 -3.14583e+00 | 45 -0.05687 -9.94749e-01
 46  0.01893  3.77818e-01 | 47  0.05897  6.44196e-01 | 48  0.02241  2.41165e-01
 49  0.07165  5.46102e+00 | 50  0.00408  2.95686e+00 | 51  0.02522  7.71804e+00
 52  0.08538  1.76176e+01 | 53  0.13811  2.58219e+01 | 54  0.08044  1.59419e+01
 55 -0.06007  4.23239e+00 | 56 -0.04197  6.24614e+00 | 57 -0.06014  2.33251e+00
 58 -0.06117  9.13284e-01 | 59 -0.10343  2.45768e+00 | 60 -0.12489  2.88551e+00
 61 -0.11511 -1.62273e-01 | 62 -0.09693 -1.95124e+00 | 63 -0.09760 -3.73106e-01
 64 -0.02100 -1.64367e-01 | 65  0.00000  0.00000e+00 | 66 -0.94326 -1.48399e+02
 67 -0.87032  4.84021e+01 | 68 -0.85575 -9.40698e+00 | 69 -0.75898 -1.51206e+01
 70 -0.81367  6.38033e+00 | 71 -0.85622  6.26484e+00 | 72 -0.82388 -1.07463e+01
 73 -0.84484  2.65325e+01 | 74 -0.88149 -1.12624e+01 | 75 -0.88672  1.77882e+01
 76 -0.79457  1.70025e+01 | 77 -0.77701  9.49143e+00 | 78 -0.73799  4.46730e+00
 79 -0.61404  2.52491e+00 | 80 -0.60116  1.23127e+00 | 81 -0.59363  1.96473e-01
 82 -0.65415  6.98360e-01 | 83 -0.68590  1.86528e+00 | 84 -0.63087  6.69033e-01
 85 -0.59030  4.56060e-01 | 86 -0.54160  3.86997e-01 | 87 -0.53392  7.35529e-01
 88 -0.52234  9.23307e-01 | 89 -0.58543  2.12838e-01 | 90 -0.58216  1.91655e-01
 91 -0.61716  1.15087e-01 | 92 -0.62646  1.57031e+00 | 93 -0.64612  8.31475e-01
 94 -0.61938 -3.51584e+00 | 95 -0.62928 -2.98357e+00 | 96 -0.66306  1.68602e+00
 97 -0.59136  1.81393e+00 | 98 -0.68242  1.96402e+00 | 99 -0.63578  3.39101e+00
100 -0.70630  9.39328e-01 |101 -0.69100  8.44509e-01 |102 -0.69012  5.46639e-01
103 -0.63038  1.61562e+00 |104 -0.60439  2.29028e+00 |105 -0.62047  3.73775e+00
106 -0.56465 -2.81198e+00 |107 -0.76451  3.25724e+00 |108 -0.74593 -5.11361e+00
109 -0.78851 -4.47582e+00 |110 -0.73690 -3.35696e+00 |111 -0.69912 -8.61625e+00
112 -0.73168 -3.25382e+00 |113 -0.72884 -5.48848e+00 |114 -0.89523 -1.67185e+01
115 -0.77534 -1.07648e+00 |116 -0.74088 -1.38503e+01 |117 -0.59755 -3.32987e+00
118 -0.67777 -5.79281e+00 |119 -0.72106 -1.89460e+01 |120 -0.69309 -1.79916e+00
121 -0.76543 -1.27517e+01 |122 -0.76587 -4.65644e+01 |123 -0.70650 -2.21432e+01
124 -0.84879  6.52235e-01 |125 -0.89596 -6.31777e+01 |126 -0.89507 -8.94391e+00
127 -0.86171  3.96092e+00 |128 -0.85528 -9.68892e+00 |129 -0.78232 -7.08285e+00
130 -0.83139  7.77732e-01 |131 -0.85309 -3.13549e+00 |132 -0.81188 -1.17933e+01
133 -0.80901  4.39389e+00 |134 -0.77149  8.22121e+00 |135 -0.75882 -3.32017e-01
136 -0.70977  1.47232e+00 |137 -0.69999 -8.12014e-01 |138 -0.70474 -6.40211e-01
139 -0.64471 -3.85373e-01 |140 -0.68499  2.06207e+00 |141 -0.68492  1.08181e-01
142 -0.76829 -7.83289e-01 |143 -0.72468 -2.04378e+00 |144 -0.66857 -6.86003e-01
145 -0.62869 -3.01007e+00 |146 -0.60035 -1.77068e+00 |147 -0.59457 -5.85898e-01
148 -0.61344 -1.97114e-01 |149 -0.65683 -1.29251e+00 |150 -0.71596  2.79261e+00
151 -0.65638 -2.28828e+00 |152 -0.61603 -1.78153e+00 |153 -0.64310  5.01755e-01
154 -0.62544  1.63422e+00 |155 -0.76599  3.10180e+00 |156 -0.76760  7.21934e-01
157 -0.85080 -9.18432e+00 |158 -0.73961 -3.75737e-01 |159 -0.71333 -5.31803e+00
160 -0.70487 -8.63873e-01 |161 -0.70759  2.51027e+00 |162 -0.95445  7.08544e+01
163 -0.93448 -6.89947e+01 |164 -0.96647  3.77144e+02 |165 -0.86922 -2.67160e+01
166 -0.81276 -1.00155e+01 |167 -0.80548  4.92737e+00 |168 -0.80530 -9.50858e-01
169 -0.81276  3.15402e+00 |170 -0.75016  9.45742e-01 |171 -0.77211  7.91551e-02
172 -0.70666 -3.38984e+00 |173 -0.64272 -7.32072e-01 |174 -0.50906 -1.82647e+00
175 -0.52169 -2.86240e+00 |176 -0.64512 -4.49552e+00 |177 -0.59490 -1.92627e+00
178 -0.56675 -1.91987e+00 |179 -0.53107 -4.20415e-01 |180 -0.54283 -8.18711e-01
181 -0.52720 -1.45504e+00 |182 -0.47774 -1.47666e+00 |183 -0.44738 -1.40341e+00
184 -0.50304 -1.56640e+00 |185 -0.43936 -1.54846e+00 |186 -0.40164 -1.21868e+00
187 -0.49978 -7.85420e-01 |188 -0.56730 -3.09056e-01 |189 -0.47235 -5.90308e-01
190 -0.33821 -1.28831e+00 |191 -0.26255 -2.23307e+00 |192 -0.32173  2.68685e+00
193 -0.64878  6.62050e+00 |194 -0.65338  4.46972e+00 |195 -0.83626  1.73869e+01
196 -0.68262  7.08214e+00 |197 -0.63867  6.16955e+00 |198 -0.69239  6.61147e+00
199 -0.64762  6.29305e+00 |200  0.01064  1.22621e+01 |201  0.00528  1.54122e+02
202  0.08146  6.96868e+00 |203  0.03239 -5.10954e+00 |204  0.01880  1.98713e-04
205  0.33948  2.13588e+00 |206 -0.01850  1.22642e-05 |207  0.26363  8.17466e+01
208 -0.00253 -6.04716e-05 |209  0.34305 -1.90880e+02 |210  0.33123  5.79412e+01
211 -0.31182 -8.09930e-04 |212  0.33144 -1.26197e+02 |213 -0.11772  1.14963e+00
214 -0.00142  5.91413e+00 |215  0.15186  1.12923e+00 |216 -0.30475 -1.25021e-03
217  0.35933 -9.44263e-01 |218 -0.01755  6.27231e-01 |219  0.06615 -4.29311e-01
220 -0.07619  1.27163e+00 |221  0.22697 -1.80044e+01 |222 -0.33245 -1.08623e-04
223  0.30729  2.47804e+01 |224 -0.04994  2.29231e+00 |225 -0.03240  3.59765e+00
226  0.43417 -2.22281e+01 |227  0.42351  3.88430e+00 |228  0.37371 -2.04073e+01
229  0.23575  5.44381e-05 |230  0.00289  2.16180e-06 |231  0.00992  3.33818e-04
232  0.00476 -4.78437e-05 |233  0.40335  9.22123e+01 |234  0.41268 -7.87620e+00
235  0.40668  7.61334e+01 |236  0.42051 -9.97273e+01 |237  0.01350 -1.48324e-05
238  0.02029 -2.03843e-05 |239  0.10040  1.95171e-03 |240  0.03371 -2.93843e-05
241  0.37461 -8.51676e+00 |242  0.28006 -3.68169e+00 |243  0.35280  3.13374e+01
244  0.39986  6.96015e+00 |245  0.20680 -3.31827e-04 |246 -0.00451  1.84805e-06
247 -0.00488  2.04961e-05 |248  0.01319 -3.52636e-05 |249  0.36449  3.21699e+01
250  0.34927  1.11374e+01 |251  0.35769 -9.13136e+01 |252  0.37206 -1.90087e+01
253  0.40365 -4.97408e+01 |254  0.91019  2.20847e-02 |255  0.36013  1.36487e+02
256  0.22045  4.10008e-01 |257  0.11016 -5.48012e-01 |258  0.03558  6.83657e-04
259  0.05377  9.00772e-05 |260  0.41521 -1.63625e+00 |261  0.36256  1.49076e+00
262 -0.10073  8.54166e-04 |263 -0.10295  9.41495e-05 |264  0.09897 -9.42665e-01
265  0.14452  3.96158e+00 |266 -0.03110  9.26210e+00 |267 -0.01656 -5.39624e+00
268  0.00024  2.23998e+00 |269  0.03675  1.13254e+01 |270 -0.02466 -2.73105e+00
271 -0.01845 -2.58606e+00 |272  0.00490  9.67354e-01 |273 -0.02584 -1.31106e+01
274  0.04705  6.87960e+00 |275 -0.00801 -2.42193e+00 |276 -0.00137 -6.61040e+00
277  0.00265 -7.87062e+00 |278  0.03505 -2.85130e+00 |279 -0.02083 -3.32899e+00
280  0.00135  2.74766e+00 |281 -0.00062 -1.32622e+00 |282  0.00876 -5.12996e+00
283 -0.02549  1.03862e+00 |284  0.00203  1.55746e+00 |285 -0.01350 -1.15654e-01
286 -0.05435  3.91035e+00 |287  0.02531 -8.00701e+00 |288  0.03641  1.36137e+00
289  0.00249  3.18089e+00 |290 -0.00931  4.89661e+00 |291  0.04795  1.77308e+00
292 -0.00000  1.15719e-06 |293 -0.00000 -1.05575e-06 |294  0.00000  2.39764e-07
295  0.00000  9.00209e-07 |296 -0.00000 -4.19152e-07 |297  0.00000 -2.36869e-07
298  0.00000  4.80188e-07 |299  0.00000 -9.02313e-07 |300 -0.00000  2.41049e-07
301  0.00000 -6.50753e-07 |302 -0.00000 -4.20107e-07 |303  0.00000 -5.07926e-07
304 -0.00000 -1.82620e-07 |305 -0.02848 -6.25007e-01 |306 -0.02680  2.13136e+01
307  0.00257  9.74694e+00 |308 -0.03430  1.53535e+01 |309 -0.04538  1.46963e+01
310 -0.04045  2.49758e+01 |311  0.00174  5.40779e+00 |312  0.09057  1.04593e+02
313  0.08273  6.78284e+01 |314 -0.00026 -3.36837e-01 |315 -0.01189  1.89971e+01
316 -0.00208  2.31182e+00 |317 -0.01371  1.69958e-01 |318 -0.01583 -1.50736e+01
319  0.01524 -7.17299e+00 |320 -0.02903 -5.53650e+00 |321 -0.03012 -5.33450e+00
322 -0.04699 -1.12735e+01 |323  0.00369 -6.12288e-01 |324  0.06064 -1.09617e+02
325  0.05438 -6.48344e+01 |326 -0.00051  3.56448e-03 |327 -0.00913 -7.51900e+00
328 -0.00078 -1.27175e+00 |

Intermediate statistics: 328 variables; iteration 20; function evaluation 22; phase 6
Function value 2.0654349e+03; maximum gradient component mag 5.1102e+02
Var    Value     Gradient |Var    Value     Gradient |Var    Value     Gradient
  1 -0.30760  7.26831e+01 |  2 -0.99952  7.17765e-02 |  3 -0.01137  5.11019e+02
  4 -0.42103 -8.76274e+01 |  5 -0.14435  1.63107e+01 |  6 -0.25173 -1.24273e+02
  7 -0.06226 -4.67166e+01 |  8 -0.05848 -1.07928e+00 |  9 -0.03747 -7.13792e-01
 10 -0.03445 -8.80454e-01 | 11 -0.01958 -1.36700e+00 | 12  0.00489 -2.23393e+00
 13  0.01974 -5.93492e+00 | 14  0.11386 -7.60325e+00 | 15  0.01169 -3.76519e+00
 16 -0.02591 -6.19103e-02 | 17  0.02646  3.87061e-01 | 18  0.10861 -3.96475e+00
 19 -0.02889 -4.29387e+00 | 20 -0.02903 -4.97963e+00 | 21  0.04308 -6.90503e+00
 22  0.05087 -7.21261e+00 | 23  0.09260 -1.07033e+01 | 24  0.03835 -6.97372e+00
 25  0.07700 -7.76028e+00 | 26  0.07953 -4.59438e+00 | 27  0.03199 -3.21740e+00
 28  0.04243 -4.80534e+00 | 29  0.04168 -4.37658e+00 | 30  0.04800 -4.08909e+00
 31  0.06127 -2.04116e+00 | 32  0.02425  9.34148e-01 | 33 -0.01122  1.30755e+00
 34 -0.03164 -2.95889e-01 | 35 -0.01297 -1.02497e+00 | 36  0.01855  2.08764e+00
 37 -0.01876  5.51040e+00 | 38 -0.03375  8.04028e+00 | 39 -0.04022  6.26468e+00
 40  0.00683  4.52690e+00 | 41  0.00406 -4.05576e+00 | 42 -0.05799 -5.56157e+00
 43 -0.07362 -1.69699e+00 | 44 -0.05545  4.82846e-01 | 45 -0.05504 -4.21458e+00
 46  0.02064 -1.14543e+01 | 47  0.06048 -1.25480e+01 | 48  0.02364 -3.42173e+00
 49  0.07173 -3.20127e+00 | 50  0.00171 -6.16276e+00 | 51  0.02028 -1.39550e+01
 52  0.07661 -1.39814e+01 | 53  0.12770 -4.39813e+00 | 54  0.06754 -3.49248e+00
 55 -0.06699  8.15842e+00 | 56 -0.04971  6.59627e-01 | 57 -0.06291 -4.26791e+00
 58 -0.05901  5.26274e+00 | 59 -0.10165  8.39323e+00 | 60 -0.12352  4.10319e+00
 61 -0.11405  1.60284e+00 | 62 -0.09618  3.62696e-01 | 63 -0.09774  5.19651e-01
 64 -0.02107  1.55544e-01 | 65  0.00000  0.00000e+00 | 66 -0.94271 -2.07773e+01
 67 -0.87104 -3.82067e+01 | 68 -0.85522  1.02153e+00 | 69 -0.75700  1.39770e+01
 70 -0.81221  1.88456e+01 | 71 -0.85542 -1.00188e+01 | 72 -0.82203  1.35972e+01
 73 -0.84373  1.54691e+01 | 74 -0.88030  2.77169e+00 | 75 -0.88594  1.97527e+01
 76 -0.79360  8.66366e+00 | 77 -0.77599  1.61312e+00 | 78 -0.73706  5.07180e+00
 79 -0.61342 -2.35849e+00 | 80 -0.60061 -1.64613e+00 | 81 -0.59306 -1.16484e+00
 82 -0.65379 -1.65372e+00 | 83 -0.68577 -2.18464e+00 | 84 -0.63071 -1.92364e+00
 85 -0.59024 -2.35863e+00 | 86 -0.54150 -1.63301e+00 | 87 -0.53384 -1.32061e+00
 88 -0.52225 -1.64072e+00 | 89 -0.58538 -2.27687e+00 | 90 -0.58212 -2.36550e+00
 91 -0.61691 -1.05634e+00 | 92 -0.62624 -8.36658e-01 | 93 -0.64578 -3.26768e-01
 94 -0.61878  1.66127e+00 | 95 -0.62894  1.05451e+00 | 96 -0.66347  2.84206e+00
 97 -0.59196  3.10410e+00 | 98 -0.68292  5.21704e-01 | 99 -0.63627 -4.44346e-01
100 -0.70606 -3.23151e+00 |101 -0.68985 -3.36836e+00 |102 -0.68754 -5.02056e+00
103 -0.62747 -9.76856e+00 |104 -0.60308 -6.69100e+00 |105 -0.62118  1.02345e-01
106 -0.56641  3.34561e+00 |107 -0.76530  1.13917e+01 |108 -0.74725 -7.52786e+00
109 -0.78922  1.83532e+00 |110 -0.73788 -4.14446e+00 |111 -0.69965 -3.58402e+00
112 -0.73195  3.42425e+00 |113 -0.72883  2.94448e+00 |114 -0.89501 -2.64727e+01
115 -0.77438  6.72920e+00 |116 -0.74010 -5.79164e+00 |117 -0.59770 -5.00593e+00
118 -0.67657 -5.05331e+00 |119 -0.71859 -6.40834e+00 |120 -0.69150 -5.84457e+00
121 -0.76409 -1.03322e+01 |122 -0.76362 -2.39650e+01 |123 -0.70573 -1.35551e+01
124 -0.84827 -1.02769e+01 |125 -0.89519 -3.55292e+01 |126 -0.89459 -2.58975e+00
127 -0.86152 -2.92226e+00 |128 -0.85469  1.43638e+01 |129 -0.78217 -8.72221e+00
130 -0.83129  1.24272e-01 |131 -0.85286  7.65111e+00 |132 -0.81191 -1.33895e+01
133 -0.80914  7.83113e-01 |134 -0.77135  1.40453e+01 |135 -0.75888  1.48045e+00
136 -0.70985  2.61487e+00 |137 -0.70003  1.03935e+00 |138 -0.70472  2.19084e+00
139 -0.64448  3.09004e+00 |140 -0.68476  5.80762e+00 |141 -0.68457  4.73612e+00
142 -0.76799 -5.19289e+00 |143 -0.72420 -2.22145e+00 |144 -0.66900  1.13960e+00
145 -0.62898  1.92283e+00 |146 -0.60096 -1.10736e-01 |147 -0.59523 -2.33542e+00
148 -0.61372 -4.85960e+00 |149 -0.65606 -5.75030e+00 |150 -0.71415 -3.19253e+00
151 -0.65445 -1.08090e+01 |152 -0.61613 -9.62012e+00 |153 -0.64490 -4.03585e+00
154 -0.62764  2.92573e+00 |155 -0.76693  5.44218e+00 |156 -0.76872 -9.78630e-01
157 -0.85105  1.25040e+01 |158 -0.74073 -5.77309e+00 |159 -0.71400 -3.81740e+00
160 -0.70525  2.91746e+00 |161 -0.70776  6.81651e+00 |162 -0.95423  7.45716e+01
163 -0.93428 -9.39417e+01 |164 -0.96673 -6.75979e+01 |165 -0.86840  1.19090e+01
166 -0.81231 -6.35850e+00 |167 -0.80512  7.75951e+00 |168 -0.80510 -1.35985e+00
169 -0.81277 -2.95804e+00 |170 -0.74992  2.27293e+00 |171 -0.77196  7.73097e-01
172 -0.70632 -1.75539e-01 |173 -0.64252  4.02658e-01 |174 -0.50840  6.23838e-01
175 -0.52099  5.94838e-01 |176 -0.64471  6.50124e-01 |177 -0.59456  9.52551e-01
178 -0.56606  2.39881e+00 |179 -0.53083  4.81768e-01 |180 -0.54257 -9.84789e-02
181 -0.52676  4.40257e-01 |182 -0.47724  1.66121e+00 |183 -0.44703  2.21090e+00
184 -0.50277  1.75169e+00 |185 -0.43888  2.83207e-01 |186 -0.40109 -2.58393e+00
187 -0.49868 -6.63299e+00 |188 -0.56498 -1.10473e+01 |189 -0.47014 -1.37362e+01
190 -0.33699 -7.65827e+00 |191 -0.26118 -8.73098e-01 |192 -0.32212  7.87881e+00
193 -0.65043  5.61332e-01 |194 -0.65528 -3.93216e+00 |195 -0.83694  5.77499e+00
196 -0.68415 -5.95079e+00 |197 -0.63975 -4.80955e-01 |198 -0.69296  2.67882e+00
199 -0.64800  3.60018e+00 |200  0.01108  4.38101e+00 |201  0.00506 -2.27818e+02
202  0.08318 -9.93329e+00 |203  0.03199 -5.43800e+00 |204  0.01880  2.88115e-04
205  0.33935 -1.05761e+00 |206 -0.01850  3.19376e-05 |207  0.26227  3.57121e+01
208 -0.00253 -5.50325e-05 |209  0.34240 -6.66091e+01 |210  0.32970 -2.30436e+01
211 -0.31182 -2.02203e-03 |212  0.33150  3.77134e+01 |213 -0.11651 -4.93967e+00
214 -0.00178 -2.13256e+00 |215  0.15121 -4.79596e-01 |216 -0.30475 -1.30530e-03
217  0.35962  1.38776e+00 |218 -0.01801  1.73824e-01 |219  0.06672 -9.88256e-01
220 -0.07720  6.52303e-01 |221  0.22595  1.16132e+01 |222 -0.33245 -1.05218e-03
223  0.30721 -2.40945e+01 |224 -0.05022 -6.34614e+00 |225 -0.03320 -8.00644e+00
226  0.43248  3.27619e+01 |227  0.42305 -6.66970e-01 |228  0.37108  1.56221e+01
229  0.23575  9.60025e-05 |230  0.00289  4.46519e-06 |231  0.00992  3.40259e-04
232  0.00476 -3.28008e-05 |233  0.40279 -1.22472e+02 |234  0.41281  1.76113e+00
235  0.40683 -2.91364e+01 |236  0.42155  2.97785e+00 |237  0.01350 -1.28859e-05
238  0.02029 -4.36240e-06 |239  0.10039  2.00197e-03 |240  0.03371  7.78838e-05
241  0.37322 -2.44457e+01 |242  0.27974  6.33812e+00 |243  0.35039  5.66626e+01
244  0.39902  3.92224e+00 |245  0.20680 -1.81015e-04 |246 -0.00451  2.74788e-06
247 -0.00488  2.25312e-05 |248  0.01319 -2.68625e-05 |249  0.36442  6.90667e+01
250  0.34879 -1.18564e+01 |251  0.35764 -1.38536e+02 |252  0.37240  7.23743e-01
253  0.40288 -7.01742e-01 |254  0.91017  2.20804e-02 |255  0.35965  1.03952e+01
256  0.22045 -1.10325e+00 |257  0.10945 -1.31169e+00 |258  0.03558  6.92494e-04
259  0.05377  9.72163e-05 |260  0.41598  1.93109e+00 |261  0.36393  6.51084e+00
262 -0.10073  8.73701e-04 |263 -0.10295  1.25978e-04 |264  0.09962 -4.24029e-01
265  0.14746 -2.37692e+00 |266 -0.03119  7.17556e-01 |267 -0.01694  4.26981e+00
268  0.00025 -4.60464e-01 |269  0.03639 -1.53917e+01 |270 -0.02510 -7.85003e+00
271 -0.01841  2.22506e+00 |272  0.00484 -5.92908e+00 |273 -0.02564  2.89615e+00
274  0.04768  1.50000e+01 |275 -0.00830 -3.14451e+00 |276 -0.00153 -4.14379e+00
277  0.00269  1.42916e+00 |278  0.03472 -3.63011e+00 |279 -0.02072 -2.53739e-01
280  0.00140 -1.65791e+00 |281 -0.00057  2.21390e-01 |282  0.00832  8.26972e+00
283 -0.02538  2.89818e+00 |284  0.00201 -1.36110e+00 |285 -0.01355  2.15546e+00
286 -0.05439 -2.11475e+00 |287  0.02564 -1.51207e+01 |288  0.03667  2.26262e+00
289  0.00249  2.07727e+00 |290 -0.01014 -1.23141e+00 |291  0.04823  2.61353e+00
292 -0.00000  1.93077e-07 |293 -0.00000  9.79232e-07 |294  0.00000  7.69843e-09
295  0.00000 -5.52154e-07 |296 -0.00000 -1.03153e-06 |297  0.00000  3.01696e-07
298  0.00000 -7.47845e-07 |299  0.00000 -4.50767e-07 |300 -0.00000 -5.52512e-07
301  0.00000 -7.01376e-07 |302 -0.00000  2.54270e-07 |303  0.00000 -1.26247e-07
304 -0.00000 -1.64467e-07 |305 -0.02844 -5.08878e+00 |306 -0.02712  2.90109e+00
307  0.00174  7.76688e+00 |308 -0.03506  2.60875e+00 |309 -0.04589  1.54243e+00
310 -0.04093  1.08835e+01 |311  0.00123 -7.25381e-01 |312  0.09163  4.59081e+01
313  0.08246  3.24594e+01 |314 -0.00043  4.80127e+00 |315 -0.01184  1.07741e+01
316 -0.00191  4.43756e-01 |317 -0.01341  1.91847e+00 |318 -0.01535 -2.07182e+00
319  0.01517 -4.48166e+00 |320 -0.02955 -3.27758e-01 |321 -0.03042 -8.02077e-01
322 -0.04734 -5.74600e+00 |323  0.00354  3.70550e+00 |324  0.06214 -3.62647e+01
325  0.05496 -2.68344e+01 |326 -0.00034 -2.05627e+00 |327 -0.00914 -4.32341e+00
328 -0.00055 -4.58139e-01 |
328 variables; iteration 40; function evaluation 43; phase 6
Function value 2.0644411e+03; maximum gradient component mag 4.8714e+02
Var    Value     Gradient |Var    Value     Gradient |Var    Value     Gradient
  1 -0.30986  1.40995e+02 |  2 -0.99977  2.58194e-02 |  3 -0.01137  4.87140e+02
  4 -0.42087 -2.29404e+02 |  5 -0.16952  4.35241e+01 |  6 -0.25678 -2.33217e+02
  7 -0.06284 -5.09361e+01 |  8 -0.06019 -1.30088e+00 |  9 -0.03826 -8.51424e-01
 10 -0.03568 -1.06737e+00 | 11 -0.02124 -1.76856e+00 | 12  0.00224 -2.49797e+00
 13  0.02434 -4.14874e+00 | 14  0.11314 -7.32411e+00 | 15  0.01586 -3.23593e+00
 16 -0.02628 -1.31867e+00 | 17  0.02636 -1.99629e+00 | 18  0.10758 -1.48762e+01
 19 -0.02746 -5.32789e+00 | 20 -0.02857 -7.78401e+00 | 21  0.04349 -1.97388e+01
 22  0.05267 -1.95610e+01 | 23  0.09464 -2.73832e+01 | 24  0.03979 -1.62850e+01
 25  0.07986 -9.92446e+00 | 26  0.08156  2.77671e-01 | 27  0.03384  1.82023e+00
 28  0.04491  3.61486e+00 | 29  0.04352  4.00281e+00 | 30  0.05019  6.04377e+00
 31  0.06366  7.29221e+00 | 32  0.02666  4.47674e+00 | 33 -0.00903  1.22874e+00
 34 -0.02909 -1.28358e+00 | 35 -0.01047 -3.37488e+00 | 36  0.02097 -3.49921e+00
 37 -0.01611  6.18453e-01 | 38 -0.03111  3.21563e+00 | 39 -0.03754  2.31229e+00
 40  0.00960  4.94113e-01 | 41  0.00725 -1.18360e-01 | 42 -0.05389  2.50918e+00
 43 -0.07039  4.09974e+00 | 44 -0.05248  3.38573e+00 | 45 -0.05274 -3.41393e+00
 46  0.02206 -1.13557e+01 | 47  0.06044 -1.30662e+01 | 48  0.02217 -6.51398e+00
 49  0.06919 -2.30498e+00 | 50 -0.00226 -6.07507e+00 | 51  0.01552 -1.37350e+01
 52  0.06986 -2.22487e+01 | 53  0.11878 -1.60186e+01 | 54  0.05759 -1.08411e+01
 55 -0.08081 -4.93028e+00 | 56 -0.05497 -7.43535e+00 | 57 -0.06638 -1.48869e+01
 58 -0.05749 -6.35666e+00 | 59 -0.10125  8.52779e-01 | 60 -0.12384 -2.94705e+00
 61 -0.11502 -2.22479e+00 | 62 -0.09682 -6.02294e-01 | 63 -0.09956  4.16610e-01
 64 -0.02158  1.65117e-01 | 65  0.00000  0.00000e+00 | 66 -0.94187 -3.13581e+01
 67 -0.86941 -4.74352e+01 | 68 -0.85277  2.87846e+01 | 69 -0.75399 -1.03689e+00
 70 -0.80947 -2.68403e+00 | 71 -0.85292 -5.79630e-01 | 72 -0.81952 -5.72809e+00
 73 -0.84188 -1.95510e+00 | 74 -0.87889  1.59310e+01 | 75 -0.88561 -4.21411e+01
 76 -0.79206  8.55756e+00 | 77 -0.77468  9.37571e+00 | 78 -0.73587  4.29744e+00
 79 -0.61209 -6.57422e-01 | 80 -0.59935 -6.28891e-01 | 81 -0.59189 -1.02346e+00
 82 -0.65281 -9.53958e-01 | 83 -0.68487  3.26607e-01 | 84 -0.62978 -1.09179e-01
 85 -0.58937 -9.81801e-01 | 86 -0.54082 -1.32838e+00 | 87 -0.53333 -1.33483e+00
 88 -0.52183 -1.63493e+00 | 89 -0.58508 -2.56440e+00 | 90 -0.58190 -2.40570e+00
 91 -0.61688 -1.50868e+00 | 92 -0.62638 -9.10403e-01 | 93 -0.64629 -1.27372e+00
 94 -0.61993 -7.36976e-02 | 95 -0.63049 -4.53989e-01 | 96 -0.66594 -3.33299e-01
 97 -0.59499 -1.53917e+00 | 98 -0.68411 -3.35149e+00 | 99 -0.63536 -2.39827e+00
100 -0.70299 -2.61076e+00 |101 -0.68403 -1.08702e+00 |102 -0.67915 -3.62090e-01
103 -0.61681 -1.86032e+00 |104 -0.59648 -2.76149e+00 |105 -0.62052 -5.43979e-02
106 -0.56840  1.36499e+00 |107 -0.76625  7.58228e+00 |108 -0.74788 -8.54398e+00
109 -0.78945 -6.57368e-01 |110 -0.73788 -9.75376e+00 |111 -0.69873 -4.86855e+00
112 -0.73056 -1.14490e+00 |113 -0.72631  2.30842e+00 |114 -0.89325 -5.46590e+00
115 -0.77134  1.41002e-02 |116 -0.73635 -1.22782e+00 |117 -0.59230 -4.27140e+00
118 -0.67059  1.02813e+00 |119 -0.71379 -6.67586e+00 |120 -0.68597 -4.07960e+00
121 -0.75999 -8.17761e+00 |122 -0.75949 -2.70268e+00 |123 -0.70075 -1.83642e+01
124 -0.84752 -2.67465e+01 |125 -0.89518 -1.01749e+02 |126 -0.89407 -7.67375e+00
127 -0.86122 -1.18638e+01 |128 -0.85455 -3.23135e+00 |129 -0.78142 -5.44849e+00
130 -0.83081 -1.96837e-01 |131 -0.85263 -1.17095e+00 |132 -0.81112 -3.15935e-01
133 -0.80866  3.51395e+00 |134 -0.77099  1.19598e+01 |135 -0.75846  1.03927e+00
136 -0.70950  4.31736e-01 |137 -0.69960  2.35404e-01 |138 -0.70441  7.68688e-01
139 -0.64442  3.30481e-01 |140 -0.68490  2.00540e+00 |141 -0.68500  7.97151e-01
142 -0.76835 -1.07877e+00 |143 -0.72494  1.19476e+00 |144 -0.67102 -1.21637e+00
145 -0.63146 -2.85068e+00 |146 -0.60232 -3.66830e+00 |147 -0.59396 -4.29233e+00
148 -0.60911 -3.73193e+00 |149 -0.64899 -2.65898e+00 |150 -0.70625 -1.03208e+00
151 -0.64399 -3.22481e+00 |152 -0.60879 -5.31564e+00 |153 -0.64361 -4.83849e+00
154 -0.63295 -9.33471e-01 |155 -0.76951  3.97728e+00 |156 -0.77067 -1.51563e+00
157 -0.85245 -7.73493e+00 |158 -0.74247 -8.97727e+00 |159 -0.71508 -3.47035e+00
160 -0.70568 -1.14010e+00 |161 -0.70713  2.35750e+00 |162 -0.95391  8.32575e+01
163 -0.93403 -1.19221e+02 |164 -0.96659 -5.50487e+01 |165 -0.86789  1.28519e+01
166 -0.81137  1.68200e+00 |167 -0.80444  4.85203e+00 |168 -0.80412  5.87403e+00
169 -0.81176  9.31148e+00 |170 -0.74905  3.33684e+00 |171 -0.77123  1.50839e+00
172 -0.70532  1.82703e+00 |173 -0.64132  2.28938e+00 |174 -0.50728  6.76883e-02
175 -0.52000  1.16599e-02 |176 -0.64410 -2.07578e-01 |177 -0.59393  1.36431e+00
178 -0.56575  2.05176e+00 |179 -0.53093 -1.38132e-01 |180 -0.54323 -8.36517e-01
181 -0.52828 -1.29280e+00 |182 -0.47973 -2.19256e+00 |183 -0.44941 -2.53929e+00
184 -0.50272 -1.82997e+00 |185 -0.43475 -1.47023e+00 |186 -0.39013  8.16073e-01
187 -0.48458  2.80648e+00 |188 -0.55011 -1.69441e+00 |189 -0.44899  4.33836e+00
190 -0.31892  3.13660e+00 |191 -0.25693 -1.32650e+00 |192 -0.33404  2.90320e-01
193 -0.65391  1.37371e+00 |194 -0.65774 -1.58080e+00 |195 -0.83806  8.76866e-01
196 -0.68553 -2.51577e+00 |197 -0.64107 -2.52729e+00 |198 -0.69314 -9.88295e-01
199 -0.64668  2.66947e+00 |200  0.01154 -5.84189e+01 |201  0.00564 -2.85761e+02
202  0.07765 -2.32985e+01 |203  0.03242  5.82036e+00 |204  0.01880  1.50847e-04
205  0.33956 -4.07162e+00 |206 -0.01850 -1.71210e-05 |207  0.26131  4.68953e+01
208 -0.00253 -5.78828e-05 |209  0.34186 -8.58826e+01 |210  0.32959 -2.24594e+01
211 -0.31181 -6.63716e-04 |212  0.33160  4.58431e+01 |213 -0.11032  2.23711e+00
214 -0.00414  3.08269e+00 |215  0.15090  6.10318e-01 |216 -0.30475 -1.33900e-03
217  0.35909 -1.27420e+00 |218 -0.01843 -1.70495e-01 |219  0.06842 -1.65746e-01
220 -0.07855 -1.44935e-01 |221  0.22514 -1.04343e+01 |222 -0.33245 -1.00795e-03
223  0.30722  1.88901e+01 |224 -0.04622 -5.62476e+00 |225 -0.03499 -9.33729e+00
226  0.43124  2.52540e+01 |227  0.42294 -5.80053e-01 |228  0.36561  3.92455e+00
229  0.23575  1.41214e-04 |230  0.00289  3.99140e-06 |231  0.00992  3.44578e-04
232  0.00476 -2.42636e-05 |233  0.40271 -9.71925e+01 |234  0.41314  6.34621e+00
235  0.40632 -2.05081e+01 |236  0.42202 -4.12489e+01 |237  0.01350 -1.04439e-05
238  0.02029 -7.38039e-06 |239  0.10039  2.06116e-03 |240  0.03371  1.37536e-04
241  0.37220 -1.71158e+00 |242  0.27911 -2.92668e+00 |243  0.34812  3.97170e+01
244  0.38832  5.33317e+00 |245  0.20680 -1.91148e-04 |246 -0.00451  3.21527e-06
247 -0.00488  2.29966e-05 |248  0.01319 -3.48499e-05 |249  0.36400  4.33288e+00
250  0.34923  8.53201e+00 |251  0.35751 -1.02835e+02 |252  0.37002 -1.38145e+01
253  0.39479 -1.23755e+00 |254  0.91011  2.20629e-02 |255  0.35787  7.69889e+00
256  0.22130  3.49123e+00 |257  0.10335  9.49628e+00 |258  0.03558  7.13067e-04
259  0.05377 -1.51347e-04 |260  0.41552 -8.30043e+00 |261  0.36103 -8.36578e+00
262 -0.10073  9.08235e-04 |263 -0.10295 -8.15362e-05 |264  0.10072 -2.50288e+00
265  0.15329 -1.29969e-01 |266 -0.03099  1.28381e+00 |267 -0.01741  5.44843e+00
268  0.00010 -7.95565e+00 |269  0.03624  1.68287e+00 |270 -0.02471  3.98417e-01
271 -0.01818  4.60289e-01 |272  0.00539  1.19510e+01 |273 -0.02530  1.87504e+01
274  0.04760 -1.23334e+01 |275 -0.00838  6.49107e+00 |276 -0.00115 -2.93173e+00
277  0.00252 -5.94460e+00 |278  0.03489 -2.30493e+00 |279 -0.02046 -4.05901e-01
280  0.00110 -2.46877e+00 |281 -0.00035  4.52647e+00 |282  0.00825 -1.24834e+00
283 -0.02573 -8.94671e-02 |284  0.00210 -4.56845e-01 |285 -0.01354 -7.12979e+00
286 -0.05429 -8.27348e+00 |287  0.02594  8.72325e+00 |288  0.03627 -4.14945e+00
289  0.00221  1.25212e+00 |290 -0.00962  3.11854e+00 |291  0.04836  1.87548e+00
292 -0.00000 -1.51217e-07 |293 -0.00000  1.14678e-06 |294  0.00000 -6.41855e-07
295  0.00000 -5.66665e-09 |296 -0.00000  1.32124e-07 |297  0.00000  1.81841e-08
298  0.00000  5.69710e-07 |299  0.00000 -3.09553e-07 |300 -0.00000 -5.22747e-07
301  0.00000  1.24683e-06 |302 -0.00000 -5.89107e-07 |303  0.00000 -4.89292e-07
304 -0.00000 -2.63213e-07 |305 -0.02749  5.62710e-01 |306 -0.02705  2.33605e+00
307  0.00097  4.85236e+00 |308 -0.03499 -6.01996e+00 |309 -0.04495  4.86459e+00
310 -0.03964  4.36347e+01 |311  0.00244  1.03908e+01 |312  0.09181 -4.80796e+00
313  0.08384  6.22179e+01 |314 -0.00027  1.31581e+01 |315 -0.01162  3.10444e+01
316 -0.00122  2.30318e+00 |317 -0.01214 -7.78931e-01 |318 -0.01488 -1.22795e+00
319  0.01475 -3.14672e+00 |320 -0.02962  2.33718e+00 |321 -0.02930 -1.92031e+00
322 -0.04610 -1.95213e+01 |323  0.00446 -6.11271e+00 |324  0.06243  9.35314e+00
325  0.05556 -6.28130e+01 |326 -0.00016 -5.41902e+00 |327 -0.00904 -1.22344e+01
328 -0.00007 -1.01504e+00 |
328 variables; iteration 60; function evaluation 63; phase 6
Function value 2.0640681e+03; maximum gradient component mag -5.0833e+02
Var    Value     Gradient |Var    Value     Gradient |Var    Value     Gradient
  1 -0.31721  3.41283e+02 |  2 -1.00033 -1.72186e-02 |  3 -0.01137  4.33027e+02
  4 -0.42082 -5.08327e+02 |  5 -0.17747  5.88730e+01 |  6 -0.26641 -4.80107e+02
  7 -0.06617 -1.65470e+02 |  8 -0.06209 -3.55689e+00 |  9 -0.03916 -2.29939e+00
 10 -0.03645 -3.13831e+00 | 11 -0.02227 -4.95501e+00 | 12 -0.00046 -7.94441e+00
 13  0.02806 -1.09981e+01 | 14  0.11242 -2.49962e+01 | 15  0.01989 -1.07401e+01
 16 -0.02607 -6.49366e+00 | 17  0.02585 -7.83862e+00 | 18  0.10532 -2.75056e+01
 19 -0.03063 -9.67943e+00 | 20 -0.03175 -1.25507e+01 | 21  0.04068 -2.55638e+01
 22  0.05135 -2.35225e+01 | 23  0.09363 -3.20261e+01 | 24  0.04072 -1.88712e+01
 25  0.07889 -1.42473e+01 | 26  0.08234 -2.46377e+00 | 27  0.03443  5.67453e-01
 28  0.04569  1.33277e+00 | 29  0.04404  6.50925e-01 | 30  0.05141  2.76132e+00
 31  0.06446  1.13106e+00 | 32  0.02772 -9.87200e-01 | 33 -0.00764 -3.32337e+00
 34 -0.02779 -6.71983e+00 | 35 -0.00908 -1.03457e+01 | 36  0.02247 -1.03560e+01
 37 -0.01475 -2.55123e+00 | 38 -0.02991  1.47372e+00 | 39 -0.03633  2.15247e-01
 40  0.01040 -2.01532e+00 | 41  0.00810 -6.64524e-01 | 42 -0.05359  6.43122e-01
 43 -0.06943  6.30213e-01 | 44 -0.05154 -1.05008e+00 | 45 -0.05162 -6.61217e+00
 46  0.02340 -2.14050e+01 | 47  0.06128 -2.83565e+01 | 48  0.02413 -1.50490e+01
 49  0.07002 -1.81360e+01 | 50 -0.00054 -1.42822e+01 | 51  0.01674 -1.87212e+01
 52  0.07212 -2.19682e+01 | 53  0.11940 -2.15176e+01 | 54  0.05775 -1.46174e+01
 55 -0.08302 -9.31283e+00 | 56 -0.05472 -1.26761e+01 | 57 -0.06602 -1.70115e+01
 58 -0.05584 -1.01429e+01 | 59 -0.10067 -2.92890e+00 | 60 -0.12139 -4.49418e-01
 61 -0.11450 -3.12288e+00 | 62 -0.09555 -1.85681e+00 | 63 -0.10060 -9.41814e-01
 64 -0.02343 -4.63241e-01 | 65  0.00000  0.00000e+00 | 66 -0.93963 -5.35488e+01
 67 -0.86456 -5.04773e+01 | 68 -0.84716  7.05155e+00 | 69 -0.74425 -8.32428e+00
 70 -0.80244 -7.44034e-01 | 71 -0.84778 -1.66013e+00 | 72 -0.81328 -6.81270e+00
 73 -0.83661  3.96939e-01 | 74 -0.87522  1.61441e+01 | 75 -0.88281 -3.85927e+01
 76 -0.78771  2.48374e+00 | 77 -0.77059  3.44196e+00 | 78 -0.73155  2.32526e+00
 79 -0.60677 -2.44200e+00 | 80 -0.59416 -1.89997e+00 | 81 -0.58673 -1.92315e+00
 82 -0.64865 -1.38956e+00 | 83 -0.68153 -1.44215e+00 | 84 -0.62599 -5.64517e-01
 85 -0.58532 -1.35385e+00 | 86 -0.53628 -9.52255e-01 | 87 -0.52860 -1.17832e+00
 88 -0.51665 -2.17574e+00 | 89 -0.58007 -2.69627e+00 | 90 -0.57659 -2.31804e+00
 91 -0.61190 -1.73888e+00 | 92 -0.62124 -1.17609e+00 | 93 -0.64113 -1.74984e+00
 94 -0.61516  1.86101e-01 | 95 -0.62540  5.39953e-01 | 96 -0.65880  2.85866e-01
 97 -0.58537  1.09663e+00 | 98 -0.67657 -1.25057e+00 | 99 -0.62700 -2.35267e+00
100 -0.69641 -4.72099e+00 |101 -0.67708 -1.75956e+00 |102 -0.67261 -2.09147e+00
103 -0.60962 -2.82415e+00 |104 -0.58950 -2.55043e+00 |105 -0.61452 -4.67291e-02
106 -0.56459 -2.51862e+00 |107 -0.76373  7.63699e+00 |108 -0.74519 -6.95574e+00
109 -0.78742  2.71274e-01 |110 -0.73550 -8.31838e+00 |111 -0.69633 -8.07980e+00
112 -0.72839 -3.68828e+00 |113 -0.72419 -1.69289e+00 |114 -0.88960 -1.75759e+01
115 -0.76301 -5.74289e+00 |116 -0.72704 -7.49194e+00 |117 -0.57480 -2.16257e+00
118 -0.65779 -1.73417e-01 |119 -0.70361 -4.55173e+00 |120 -0.67543 -9.04359e+00
121 -0.75198 -1.18402e+01 |122 -0.75108 -9.84855e+00 |123 -0.69186 -2.33090e+01
124 -0.84461 -1.73009e+01 |125 -0.89331 -9.93062e+01 |126 -0.89265 -3.08519e+01
127 -0.85922 -9.68105e+00 |128 -0.85260 -1.53156e+00 |129 -0.77861 -5.14231e+00
130 -0.82875  6.44683e-01 |131 -0.85122 -1.37378e+01 |132 -0.80941 -8.67036e+00
133 -0.80673  5.53507e+00 |134 -0.76893  8.49720e+00 |135 -0.75614 -8.25402e-01
136 -0.70632  2.32344e-01 |137 -0.69605 -1.62421e+00 |138 -0.70068 -3.01288e-01
139 -0.63960  8.15911e-01 |140 -0.68043  2.22297e+00 |141 -0.68026  8.23559e-01
142 -0.76442  1.23126e+00 |143 -0.71998  5.01931e+00 |144 -0.66409 -5.14811e-02
145 -0.62286 -5.19154e-01 |146 -0.59281 -1.84157e+00 |147 -0.58457 -3.53425e+00
148 -0.60022 -3.16284e+00 |149 -0.64119 -1.68041e+00 |150 -0.70002  1.54635e+00
151 -0.63757 -5.73886e+00 |152 -0.60237 -5.59811e+00 |153 -0.63829 -3.97452e+00
154 -0.62982 -2.69541e+00 |155 -0.76736  4.38443e-01 |156 -0.76822  3.62045e+00
157 -0.85109 -4.92968e+00 |158 -0.74030 -6.79200e+00 |159 -0.71283 -3.76087e+00
160 -0.70336 -1.25910e+00 |161 -0.70489  1.47270e+00 |162 -0.95291  7.06858e+01
163 -0.93278 -1.25526e+02 |164 -0.96600 -4.83194e+01 |165 -0.86564  2.19629e+01
166 -0.80845  3.88081e+00 |167 -0.80154  4.69794e+00 |168 -0.80115  1.11450e+01
169 -0.80913  1.38529e+01 |170 -0.74586  3.64908e+00 |171 -0.76836  4.32461e+00
172 -0.70193  2.87686e-01 |173 -0.63685  2.49704e+00 |174 -0.50030  6.15425e-01
175 -0.51269  3.57159e-01 |176 -0.63866  3.86567e-01 |177 -0.58746  2.18682e+00
178 -0.55855  1.79740e+00 |179 -0.52220  1.92245e+00 |180 -0.53428  1.95775e+00
181 -0.51871  1.65511e+00 |182 -0.46843  1.77293e+00 |183 -0.43673  8.44519e-01
184 -0.49165  7.81572e-01 |185 -0.42248  6.49239e-01 |186 -0.37687  2.75999e+00
187 -0.47494  2.76811e-02 |188 -0.54102  2.20469e+00 |189 -0.44071 -2.31376e-02
190 -0.30932  2.06505e+00 |191 -0.24834 -3.10406e+00 |192 -0.32878  3.63512e-01
193 -0.65133 -3.05542e+00 |194 -0.65494 -3.46796e+00 |195 -0.83674  4.69234e+00
196 -0.68363 -4.88099e+00 |197 -0.63875 -2.87603e+00 |198 -0.69097  6.97843e-01
199 -0.64450  1.02891e+00 |200  0.01306 -4.93320e+01 |201  0.00674 -4.67928e+02
202  0.06975 -3.58811e+01 |203  0.03255  1.65164e+01 |204  0.01880  1.55057e-04
205  0.33948 -1.74288e+01 |206 -0.01850 -1.97918e-05 |207  0.25814  5.67549e+01
208 -0.00253 -6.51486e-05 |209  0.34149 -1.03976e+02 |210  0.33039 -2.59738e+01
211 -0.31180 -5.16432e-04 |212  0.33192  4.88522e+01 |213 -0.11466  2.16671e+00
214 -0.00398  7.96806e+00 |215  0.15021  1.20152e+00 |216 -0.30474 -1.35467e-03
217  0.35924 -2.11132e+00 |218 -0.01761 -1.78068e-01 |219  0.07028 -4.88835e-01
220 -0.07859  8.23881e-03 |221  0.22359  1.65348e-01 |222 -0.33245 -1.32975e-03
223  0.30682  4.70733e+00 |224 -0.03752 -5.95948e+00 |225 -0.03617 -1.19233e+01
226  0.42961  2.10877e+01 |227  0.41683 -2.70670e-01 |228  0.37079  9.29008e+00
229  0.23575  1.18354e-04 |230  0.00289  3.52880e-06 |231  0.00991  3.34032e-04
232  0.00476 -2.16853e-05 |233  0.40272 -8.67817e+01 |234  0.41166 -5.32500e+00
235  0.40753 -1.96195e+01 |236  0.42263 -4.30105e+01 |237  0.01350 -1.21619e-05
238  0.02029 -1.34285e-05 |239  0.10037  1.97138e-03 |240  0.03371  1.54995e-04
241  0.37109 -1.98699e+00 |242  0.27828 -6.73505e+00 |243  0.35100  4.14735e+01
244  0.38682  5.26554e+00 |245  0.20680 -2.21293e-04 |246 -0.00451  3.75122e-06
247 -0.00488  2.08435e-05 |248  0.01319 -3.34170e-05 |249  0.36395  6.50813e+00
250  0.34910  1.38524e+01 |251  0.35826 -1.07041e+02 |252  0.37005 -9.78468e+00
253  0.39170 -4.17724e+00 |254  0.90987  2.20041e-02 |255  0.35742  1.66442e+01
256  0.22087  2.48040e+00 |257  0.09171  4.28439e+00 |258  0.03557  7.02929e-04
259  0.05378 -5.11466e-04 |260  0.41656 -4.96845e+00 |261  0.35428 -1.03632e+01
262 -0.10074  8.93851e-04 |263 -0.10295 -4.23940e-04 |264  0.10260 -1.69993e+00
265  0.15791 -1.02242e+00 |266 -0.03063  3.94317e+00 |267 -0.01787  6.12010e+00
268  0.00093 -2.09270e+00 |269  0.03643  1.00158e+01 |270 -0.02457  4.41463e-02
271 -0.01845  4.24568e-01 |272  0.00526  1.31318e+01 |273 -0.02504  2.08210e+01
274  0.04781 -1.31855e+01 |275 -0.00880  6.10393e+00 |276 -0.00108 -2.71173e-01
277  0.00217 -1.41014e+00 |278  0.03445 -1.39353e+00 |279 -0.02014 -1.44104e+00
280  0.00109 -2.91492e+00 |281 -0.00076  1.19537e+00 |282  0.00817 -5.68823e+00
283 -0.02545 -7.08457e-03 |284  0.00210 -4.56798e-01 |285 -0.01366 -7.98568e+00
286 -0.05395 -9.29593e+00 |287  0.02605  9.05466e+00 |288  0.03613 -4.16870e+00
289  0.00227 -4.21399e-02 |290 -0.01010  3.47707e-01 |291  0.04825  8.56873e-01
292 -0.00000  7.60830e-07 |293 -0.00000  1.21923e-06 |294  0.00000 -1.84356e-07
295  0.00000  5.02678e-07 |296 -0.00000 -7.35234e-08 |297  0.00000  1.32964e-09
298  0.00000  4.05730e-07 |299  0.00000 -3.99541e-07 |300 -0.00000 -6.04483e-08
301  0.00000  1.20912e-06 |302 -0.00000 -5.93820e-07 |303  0.00000 -2.36050e-07
304 -0.00000 -1.83771e-07 |305 -0.02634  8.69326e-01 |306 -0.02776  1.21100e+01
307  0.00251 -1.51657e+00 |308 -0.03323 -6.66055e+00 |309 -0.04432 -1.14582e+00
310 -0.03881  4.46965e+01 |311  0.00359  1.18003e+01 |312  0.09356  1.21725e+01
313  0.08535  7.56633e+01 |314 -0.00053  8.38930e+00 |315 -0.01131  3.02080e+01
316 -0.00081  9.64978e+00 |317 -0.01087  4.10888e-01 |318 -0.01652 -8.10548e+00
319  0.01550  3.94985e+00 |320 -0.02785  4.07691e+00 |321 -0.02904  9.29941e-01
322 -0.04578 -1.90592e+01 |323  0.00494 -5.64300e+00 |324  0.06300 -4.56605e+00
325  0.05605 -7.35615e+01 |326  0.00008 -3.43351e+00 |327 -0.00902 -1.18070e+01
328  0.00034 -3.78598e+00 |
328 variables; iteration 80; function evaluation 83; phase 6
Function value 2.0639919e+03; maximum gradient component mag -6.6583e+02
Var    Value     Gradient |Var    Value     Gradient |Var    Value     Gradient
  1 -0.31946  4.61808e+02 |  2 -1.00087 -1.63898e-02 |  3 -0.01137  3.96074e+02
  4 -0.42081 -6.65831e+02 |  5 -0.17916  7.23851e+01 |  6 -0.27001 -6.28590e+02
  7 -0.06678 -2.13400e+02 |  8 -0.06278 -4.50872e+00 |  9 -0.03949 -2.90026e+00
 10 -0.03679 -4.01356e+00 | 11 -0.02261 -6.23057e+00 | 12 -0.00107 -9.93107e+00
 13  0.02961 -1.37010e+01 | 14  0.11258 -3.16648e+01 | 15  0.02104 -1.40215e+01
 16 -0.02592 -8.84728e+00 | 17  0.02623 -1.07813e+01 | 18  0.10436 -4.45138e+01
 19 -0.03098 -1.54517e+01 | 20 -0.03282 -1.69326e+01 | 21  0.03973 -3.03874e+01
 22  0.05017 -2.67785e+01 | 23  0.09268 -3.59009e+01 | 24  0.03968 -2.08252e+01
 25  0.07864 -1.58970e+01 | 26  0.08243 -4.40215e+00 | 27  0.03489 -1.26046e+00
 28  0.04551 -2.86579e+00 | 29  0.04475 -3.31929e+00 | 30  0.05137 -3.58975e+00
 31  0.06500 -3.63870e+00 | 32  0.02848 -3.35828e+00 | 33 -0.00704 -5.44081e+00
 34 -0.02693 -8.41175e+00 | 35 -0.00814 -1.24820e+01 | 36  0.02325 -1.40971e+01
 37 -0.01385 -6.44111e+00 | 38 -0.02902 -1.92611e+00 | 39 -0.03526 -1.23601e+00
 40  0.01159 -4.52949e+00 | 41  0.00912 -4.44812e+00 | 42 -0.05231 -5.58264e-01
 43 -0.06826  2.90122e-01 | 44 -0.05032 -2.19082e+00 | 45 -0.05052 -8.68789e+00
 46  0.02451 -2.32515e+01 | 47  0.06249 -2.92020e+01 | 48  0.02511 -1.42623e+01
 49  0.07106 -1.81650e+01 | 50  0.00013 -1.44577e+01 | 51  0.01772 -2.03424e+01
 52  0.07259 -2.64818e+01 | 53  0.12009 -2.73136e+01 | 54  0.05747 -2.17846e+01
 55 -0.08153 -9.27732e+00 | 56 -0.05570 -1.74503e+01 | 57 -0.06553 -2.04911e+01
 58 -0.05610 -1.55694e+01 | 59 -0.10002 -3.89005e+00 | 60 -0.12179 -2.81285e+00
 61 -0.11335 -9.44590e-01 | 62 -0.09527 -1.69291e+00 | 63 -0.09967 -9.37607e-01
 64 -0.02232 -1.37600e-01 | 65  0.00000  0.00000e+00 | 66 -0.93904 -6.13719e+01
 67 -0.86328 -5.20386e+01 | 68 -0.84542  5.97046e+00 | 69 -0.74188 -1.01107e+01
 70 -0.80014 -2.43523e+00 | 71 -0.84606 -1.01654e+01 | 72 -0.81125 -1.77334e+01
 73 -0.83472 -6.25912e+00 | 74 -0.87370  1.32271e+01 | 75 -0.88147 -4.21985e+01
 76 -0.78524  4.95188e+00 | 77 -0.76803  3.55508e+00 | 78 -0.72872  2.31195e+00
 79 -0.60231 -1.35787e+00 | 80 -0.58968 -6.74258e-01 | 81 -0.58221 -7.31381e-01
 82 -0.64503 -9.25438e-01 | 83 -0.67845 -5.59932e-01 | 84 -0.62275 -8.27978e-01
 85 -0.58176 -4.61324e-01 | 86 -0.53240 -1.59512e-01 | 87 -0.52464 -4.12432e-01
 88 -0.51230 -1.09016e+00 | 89 -0.57631 -2.03737e+00 | 90 -0.57299 -1.90620e+00
 91 -0.60883 -1.61469e+00 | 92 -0.61842 -9.65324e-01 | 93 -0.63869 -1.71611e+00
 94 -0.61257  2.77760e-01 | 95 -0.62313  5.96701e-01 | 96 -0.65763  3.35616e-01
 97 -0.58397  5.57686e-01 | 98 -0.67543 -2.16389e+00 | 99 -0.62552 -2.25454e+00
100 -0.69510 -4.14035e+00 |101 -0.67561 -1.63338e+00 |102 -0.67097 -1.43939e+00
103 -0.60730 -8.54557e-01 |104 -0.58674 -8.93035e-01 |105 -0.61174 -6.48565e-01
106 -0.56010 -9.86313e-01 |107 -0.76124  7.85252e+00 |108 -0.74258 -7.25323e+00
109 -0.78540 -1.18416e+00 |110 -0.73306 -7.53963e+00 |111 -0.69353 -7.19333e+00
112 -0.72588 -2.54309e+00 |113 -0.72175 -1.39731e+00 |114 -0.88881 -2.14619e+01
115 -0.76082 -6.66960e+00 |116 -0.72481 -1.15833e+01 |117 -0.57062 -2.08031e+00
118 -0.65384 -2.60907e+00 |119 -0.70016 -6.55690e+00 |120 -0.67139 -8.01192e+00
121 -0.74900 -1.27439e+01 |122 -0.74829 -1.27020e+01 |123 -0.68804 -2.39826e+01
124 -0.84303 -1.84428e+01 |125 -0.89224 -1.01550e+02 |126 -0.89182 -3.29130e+01
127 -0.85767 -4.28433e+00 |128 -0.85106  1.41996e+00 |129 -0.77646 -6.53172e+00
130 -0.82704  3.31985e+00 |131 -0.84992 -1.56790e+01 |132 -0.80779 -6.52065e+00
133 -0.80536  2.02502e+00 |134 -0.76718  9.24988e+00 |135 -0.75435 -1.45260e+00
136 -0.70402  1.36687e-02 |137 -0.69361 -1.92268e+00 |138 -0.69839 -9.60359e-01
139 -0.63700  2.35027e-01 |140 -0.67829  1.48449e+00 |141 -0.67828  5.42413e-01
142 -0.76335  2.37641e+00 |143 -0.71907  2.15269e+00 |144 -0.66303 -8.05942e-01
145 -0.62167 -1.65535e+00 |146 -0.59136 -2.40541e+00 |147 -0.58296 -3.66348e+00
148 -0.59858 -3.37263e+00 |149 -0.63972 -3.07367e+00 |150 -0.69869  3.12596e-01
151 -0.63547 -3.80935e+00 |152 -0.59985 -5.18005e+00 |153 -0.63564 -4.38108e+00
154 -0.62582 -1.34316e+00 |155 -0.76467  3.46498e+00 |156 -0.76590 -1.81945e-01
157 -0.84963 -7.75331e+00 |158 -0.73782 -6.80302e+00 |159 -0.71015 -4.47149e+00
160 -0.70055 -1.39761e+00 |161 -0.70216  1.47195e+00 |162 -0.95239  5.80423e+01
163 -0.93208 -1.30032e+02 |164 -0.96567 -5.20945e+01 |165 -0.86441  2.43945e+01
166 -0.80692  6.19249e-01 |167 -0.79982  7.48605e+00 |168 -0.79973  6.78188e+00
169 -0.80787  9.67686e+00 |170 -0.74421  3.32684e+00 |171 -0.76706  1.86051e+00
172 -0.70016  5.72670e-01 |173 -0.63486  1.21546e+00 |174 -0.49730  1.85769e-01
175 -0.50972 -2.98180e-01 |176 -0.63654 -4.39358e-01 |177 -0.58526  1.10565e+00
178 -0.55631  1.63175e+00 |179 -0.52022  1.07797e+00 |180 -0.53268  6.16968e-01
181 -0.51720  8.41575e-01 |182 -0.46694  7.39627e-01 |183 -0.43454  1.49826e+00
184 -0.48957  9.08551e-01 |185 -0.42005  2.74416e-01 |186 -0.37481  1.74745e-01
187 -0.47182  2.07697e+00 |188 -0.53911 -2.80247e-01 |189 -0.43689  2.61380e+00
190 -0.30547  5.11882e-01 |191 -0.23995  1.21095e+00 |192 -0.32146  1.68577e-01
193 -0.64708  5.33640e-03 |194 -0.65087 -5.22571e-01 |195 -0.83519 -1.73509e+00
196 -0.68043 -3.47087e+00 |197 -0.63512 -1.97729e+00 |198 -0.68801  2.09851e-01
199 -0.64110  1.04322e+00 |200  0.01399 -5.15421e+01 |201  0.00722 -5.83563e+02
202  0.06702 -4.42866e+01 |203  0.03263  2.04805e+01 |204  0.01880  8.48075e-05
205  0.33946 -2.28037e+01 |206 -0.01850 -5.11223e-05 |207  0.25587  6.20873e+01
208 -0.00253 -6.87967e-05 |209  0.34149 -1.12924e+02 |210  0.33072 -2.58793e+01
211 -0.31179 -7.46988e-04 |212  0.33206  5.03526e+01 |213 -0.11668  8.08648e-01
214 -0.00304  4.24109e+00 |215  0.14957  1.02119e+00 |216 -0.30472 -1.33733e-03
217  0.35903 -1.39244e+00 |218 -0.01581  2.17421e-02 |219  0.07080 -4.80596e-01
220 -0.07797  2.83144e-01 |221  0.22321  4.95615e+00 |222 -0.33244 -1.63720e-03
223  0.30673 -3.98490e+00 |224 -0.03610 -7.81477e+00 |225 -0.03548 -1.49901e+01
226  0.43246  2.22980e+01 |227  0.42006 -2.31418e+00 |228  0.37073  7.64061e+00
229  0.23575  9.20890e-05 |230  0.00289  3.24888e-06 |231  0.00991  3.33678e-04
232  0.00476 -2.41991e-05 |233  0.40327 -8.46530e+01 |234  0.41258  6.41373e+00
235  0.40761 -1.75166e+01 |236  0.42255 -4.51092e+01 |237  0.01350 -1.30545e-05
238  0.02029 -1.40529e-05 |239  0.10034  1.96727e-03 |240  0.03370  1.36337e-04
241  0.37285  3.56583e-01 |242  0.27865 -6.07711e+00 |243  0.35087  4.07043e+01
244  0.38759  4.85707e+00 |245  0.20680 -2.70352e-04 |246 -0.00451  3.18993e-06
247 -0.00488  1.97287e-05 |248  0.01319 -3.50849e-05 |249  0.36440  4.29253e+00
250  0.34927  1.30534e+01 |251  0.35829 -1.05685e+02 |252  0.37020 -1.08944e+01
253  0.39267 -5.47770e+00 |254  0.90964  2.19482e-02 |255  0.35764  1.75151e+01
256  0.22031  2.29696e+00 |257  0.09613  5.07529e+00 |258  0.03556  7.07055e-04
259  0.05378 -3.65461e-04 |260  0.41577 -5.26653e+00 |261  0.35723 -7.85569e+00
262 -0.10075  8.99036e-04 |263 -0.10295 -2.89271e-04 |264  0.10388 -1.25898e+00
265  0.15739 -2.07556e+00 |266 -0.03082  3.89558e+00 |267 -0.01809  6.39195e+00
268  0.00157 -1.72302e+00 |269  0.03604  1.00048e+01 |270 -0.02466  9.77009e-02
271 -0.01838  2.48601e+00 |272  0.00514  1.97477e+01 |273 -0.02530  1.77847e+01
274  0.04777 -9.14262e+00 |275 -0.00898  6.49286e+00 |276 -0.00125 -1.70889e+00
277  0.00245 -9.97094e-01 |278  0.03488 -1.03612e+00 |279 -0.02007 -1.38668e+00
280  0.00101 -3.15012e+00 |281 -0.00111  9.92650e-01 |282  0.00805 -5.45527e+00
283 -0.02536  4.45317e-02 |284  0.00228 -1.44141e+00 |285 -0.01382 -1.15428e+01
286 -0.05412 -7.95008e+00 |287  0.02602  5.43358e+00 |288  0.03617 -4.25569e+00
289  0.00236  7.24675e-01 |290 -0.00981  4.34792e-01 |291  0.04836  6.52128e-01
292 -0.00000  1.16904e-06 |293 -0.00000  1.24315e-06 |294  0.00000 -1.49613e-07
295  0.00000  4.71469e-07 |296 -0.00000  2.37259e-07 |297  0.00000  3.39246e-07
298  0.00000  7.50064e-07 |299  0.00000 -4.39965e-08 |300 -0.00000 -4.64656e-08
301  0.00000  1.29315e-06 |302 -0.00000 -3.76961e-07 |303  0.00000 -2.36814e-07
304 -0.00000 -2.11915e-07 |305 -0.02589  2.62214e+00 |306 -0.02767  1.30249e+01
307  0.00271 -2.15389e+00 |308 -0.03268  5.19908e-01 |309 -0.04364 -5.51982e-01
310 -0.03839  4.30038e+01 |311  0.00407  1.16834e+01 |312  0.09413  1.69462e+01
313  0.08615  7.87119e+01 |314 -0.00033  9.02355e+00 |315 -0.01103  3.09461e+01
316 -0.00093  1.02473e+01 |317 -0.01111 -9.46253e-01 |318 -0.01700 -8.38331e+00
319  0.01517  4.34251e+00 |320 -0.02830  4.14278e-01 |321 -0.02888  1.01787e+00
322 -0.04615 -1.91980e+01 |323  0.00483 -5.56373e+00 |324  0.06300 -7.80830e+00
325  0.05617 -7.51695e+01 |326 -0.00008 -3.71048e+00 |327 -0.00946 -1.21330e+01
328  0.00016 -4.07057e+00 |
Maximum number of function evaluations exceeded

 - final statistics:
328 variables; iteration 98; function evaluation 100
Function value 2.0640e+03; maximum gradient component mag -6.4196e+02
Exit code = 3;  converg criter 1.0000e+00
Var    Value     Gradient |Var    Value     Gradient |Var    Value     Gradient
  1 -0.31997  4.46109e+02 |  2 -1.00259 -6.44801e-02 |  3 -0.01137  3.87012e+02
  4 -0.42082 -6.41964e+02 |  5 -0.17984  7.31918e+01 |  6 -0.27056 -6.10294e+02
  7 -0.06636 -1.82714e+02 |  8 -0.06291 -3.92250e+00 |  9 -0.03952 -2.51886e+00
 10 -0.03684 -3.50323e+00 | 11 -0.02272 -5.48807e+00 | 12 -0.00105 -8.69786e+00
 13  0.02907 -1.16923e+01 | 14  0.11357 -2.69369e+01 | 15  0.02091 -1.18502e+01
 16 -0.02605 -7.58508e+00 | 17  0.02564 -9.27475e+00 | 18  0.10522 -3.88987e+01
 19 -0.03045 -1.39298e+01 | 20 -0.03201 -1.51981e+01 | 21  0.04022 -2.79156e+01
 22  0.04999 -2.51937e+01 | 23  0.09211 -3.46822e+01 | 24  0.03912 -2.03363e+01
 25  0.07861 -1.56213e+01 | 26  0.08240 -4.40227e+00 | 27  0.03467 -1.39313e+00
 28  0.04558 -2.61699e+00 | 29  0.04456 -4.02257e+00 | 30  0.05137 -4.39781e+00
 31  0.06492 -5.39121e+00 | 32  0.02839 -5.23343e+00 | 33 -0.00705 -6.68430e+00
 34 -0.02696 -9.65344e+00 | 35 -0.00825 -1.40047e+01 | 36  0.02329 -1.50258e+01
 37 -0.01390 -6.93418e+00 | 38 -0.02915 -2.68857e+00 | 39 -0.03531 -1.79051e+00
 40  0.01144 -4.27121e+00 | 41  0.00923 -2.89300e+00 | 42 -0.05225 -1.83160e-01
 43 -0.06828 -3.18016e-01 | 44 -0.05044 -2.66687e+00 | 45 -0.05045 -8.22989e+00
 46  0.02451 -2.35564e+01 | 47  0.06242 -3.05557e+01 | 48  0.02510 -1.44081e+01
 49  0.07100 -1.75547e+01 | 50  0.00008 -1.37458e+01 | 51  0.01768 -1.95367e+01
 52  0.07253 -2.66720e+01 | 53  0.11988 -2.90773e+01 | 54  0.05737 -2.15824e+01
 55 -0.08164 -9.21258e+00 | 56 -0.05586 -1.80410e+01 | 57 -0.06553 -2.04394e+01
 58 -0.05598 -1.49707e+01 | 59 -0.09993 -3.48937e+00 | 60 -0.12140 -2.06721e+00
 61 -0.11344 -2.12470e+00 | 62 -0.09477 -1.12582e+00 | 63 -0.09887 -1.16339e-01
 64 -0.02230 -1.52093e-01 | 65  0.00000  0.00000e+00 | 66 -0.93925 -5.63302e+01
 67 -0.86376 -4.94493e+01 | 68 -0.84613  7.94703e+00 | 69 -0.74298 -8.60819e+00
 70 -0.80075 -2.07854e+00 | 71 -0.84655 -1.02132e+01 | 72 -0.81184 -1.55319e+01
 73 -0.83516 -5.93488e+00 | 74 -0.87407  1.33909e+01 | 75 -0.88143 -4.13767e+01
 76 -0.78502  5.72655e+00 | 77 -0.76783  2.65305e+00 | 78 -0.72853  2.04022e+00
 79 -0.60194 -1.13671e+00 | 80 -0.58932 -7.61987e-01 | 81 -0.58180 -6.34909e-01
 82 -0.64461 -4.07758e-02 | 83 -0.67828 -1.78579e+00 | 84 -0.62239 -2.61818e-01
 85 -0.58140 -1.78312e-01 | 86 -0.53205 -1.84261e-01 | 87 -0.52428 -5.53705e-01
 88 -0.51188 -1.15485e+00 | 89 -0.57593 -2.30770e+00 | 90 -0.57258 -2.24968e+00
 91 -0.60843 -2.08002e+00 | 92 -0.61804 -1.85901e+00 | 93 -0.63826 -1.84863e+00
 94 -0.60955  1.18677e+00 | 95 -0.62044  1.03619e+00 | 96 -0.65720 -1.59233e-01
 97 -0.58331  6.92988e-01 | 98 -0.67488 -1.85558e+00 | 99 -0.62486 -1.87546e+00
100 -0.69460 -4.36180e+00 |101 -0.67510 -2.28807e+00 |102 -0.67032 -4.47757e-01
103 -0.60654 -1.18810e-01 |104 -0.58601 -5.56870e-01 |105 -0.61119 -1.10540e+00
106 -0.55954 -7.60763e-01 |107 -0.76097  7.75409e+00 |108 -0.74233 -7.34081e+00
109 -0.78523 -1.18905e+00 |110 -0.73290 -7.26497e+00 |111 -0.69346 -7.66308e+00
112 -0.72582 -2.02353e+00 |113 -0.72180 -1.69028e+00 |114 -0.88953 -1.82098e+01
115 -0.76172 -4.87853e+00 |116 -0.72601 -9.69389e+00 |117 -0.57294 -1.88698e+00
118 -0.65512 -2.06775e+00 |119 -0.70120 -6.97969e+00 |120 -0.67241 -6.63705e+00
121 -0.75004 -1.20913e+01 |122 -0.74988 -9.95280e+00 |123 -0.69003 -2.24141e+01
124 -0.84306 -1.70060e+01 |125 -0.89216 -9.84170e+01 |126 -0.89181 -3.18376e+01
127 -0.85754 -4.53102e+00 |128 -0.85091  1.96904e+00 |129 -0.77618 -5.13798e+00
130 -0.82685  4.13376e+00 |131 -0.84976 -1.41619e+01 |132 -0.80762 -6.61626e+00
133 -0.80521  1.00955e+00 |134 -0.76698  8.98532e+00 |135 -0.75410 -1.06449e+00
136 -0.70378 -8.88700e-01 |137 -0.69330 -2.35739e+00 |138 -0.69807 -1.38163e+00
139 -0.63652  3.57130e-01 |140 -0.67785  1.34032e+00 |141 -0.67785  3.55284e-01
142 -0.76297  2.82341e+00 |143 -0.71868  2.19631e+00 |144 -0.66266 -9.72716e-01
145 -0.62112 -9.71658e-01 |146 -0.59081 -2.17252e+00 |147 -0.58249 -4.10400e+00
148 -0.59805 -3.50989e+00 |149 -0.63918 -2.77075e+00 |150 -0.69825  4.35735e-01
151 -0.63498 -4.03307e+00 |152 -0.59929 -4.86866e+00 |153 -0.63519 -4.32365e+00
154 -0.62537 -8.79873e-01 |155 -0.76446  2.57720e+00 |156 -0.76571 -7.70786e-01
157 -0.84954 -8.84825e+00 |158 -0.73770 -6.71902e+00 |159 -0.71006 -4.17926e+00
160 -0.70057 -1.64610e+00 |161 -0.70224  1.09084e+00 |162 -0.95236  5.40807e+01
163 -0.93198 -1.27799e+02 |164 -0.96562 -5.12076e+01 |165 -0.86424  2.40148e+01
166 -0.80669  3.40014e-01 |167 -0.79960  6.38357e+00 |168 -0.79946  7.11806e+00
169 -0.80765  9.15782e+00 |170 -0.74390  3.68945e+00 |171 -0.76683  9.65902e-01
172 -0.69986  1.34352e-01 |173 -0.63439  1.66918e+00 |174 -0.49667  1.18236e-01
175 -0.50908 -4.17945e-01 |176 -0.63597  1.86794e-01 |177 -0.58463  1.07780e+00
178 -0.55561  1.40850e+00 |179 -0.51940  1.07341e+00 |180 -0.53196  8.14937e-01
181 -0.51654  1.18113e+00 |182 -0.46623  8.47248e-01 |183 -0.43368  1.62531e+00
184 -0.48880  9.97416e-01 |185 -0.41911  4.90079e-01 |186 -0.37394 -1.88733e-01
187 -0.47091  2.21877e+00 |188 -0.53849 -9.98734e-01 |189 -0.43577  3.38187e+00
190 -0.30428  8.17600e-01 |191 -0.23867  1.52560e+00 |192 -0.32030  9.86311e-01
193 -0.64665  2.32424e-01 |194 -0.65051 -2.83482e-01 |195 -0.83506 -2.13641e+00
196 -0.68028 -3.73673e+00 |197 -0.63503 -2.22184e+00 |198 -0.68799  1.69250e-01
199 -0.64120  5.29227e-01 |200  0.01411 -4.92097e+01 |201  0.00732 -5.97748e+02
202  0.06646 -4.53903e+01 |203  0.03231  1.81274e+01 |204  0.01879  6.61330e-05
205  0.33937 -2.02895e+01 |206 -0.01850 -5.25392e-05 |207  0.25222  5.34095e+01
208 -0.00253 -6.73477e-05 |209  0.34120 -9.50429e+01 |210  0.33087 -2.46960e+01
211 -0.31176 -7.25356e-04 |212  0.33211  4.94413e+01 |213 -0.11700  7.21663e-01
214 -0.00312  3.32525e+00 |215  0.14886  1.48958e+00 |216 -0.30468 -1.29806e-03
217  0.35868 -1.78077e+00 |218 -0.01237  3.31112e-01 |219  0.07123 -3.68963e-01
220 -0.07901  3.29715e-01 |221  0.22322  7.18632e+00 |222 -0.33242 -1.67407e-03
223  0.30675 -6.21683e+00 |224 -0.03583 -8.26584e+00 |225 -0.03558 -1.63197e+01
226  0.43222  2.11080e+01 |227  0.42678 -1.24586e+00 |228  0.37124  8.05061e+00
229  0.23574  9.28060e-05 |230  0.00289  4.72825e-06 |231  0.00990  3.33458e-04
232  0.00476 -2.45023e-05 |233  0.40324 -8.10648e+01 |234  0.41395  7.19732e+00
235  0.40773 -1.70009e+01 |236  0.42256 -4.36561e+01 |237  0.01350 -1.30632e-05
238  0.02029 -8.78216e-07 |239  0.10028  1.96269e-03 |240  0.03370  1.34053e-04
241  0.37278  2.77814e-01 |242  0.27919 -5.46330e+00 |243  0.35086  3.91016e+01
244  0.38742  4.53492e+00 |245  0.20681 -2.66043e-04 |246 -0.00451  3.14588e-06
247 -0.00488  1.94176e-05 |248  0.01320 -3.57105e-05 |249  0.36438  3.86983e+00
250  0.34946  1.22483e+01 |251  0.35829 -1.02845e+02 |252  0.37016 -1.05376e+01
253  0.39258 -6.01736e+00 |254  0.90897  2.17846e-02 |255  0.35760  1.71734e+01
256  0.22139  2.49676e+00 |257  0.09547  4.45400e+00 |258  0.03554  7.11592e-04
259  0.05379 -3.78192e-04 |260  0.41640 -5.05203e+00 |261  0.35683 -7.81706e+00
262 -0.10078  9.04858e-04 |263 -0.10294 -3.03476e-04 |264  0.10345 -1.23556e+00
265  0.15751 -2.82743e+00 |266 -0.03077  3.51071e+00 |267 -0.01808  6.13934e+00
268  0.00123 -2.31403e+00 |269  0.03590  7.79928e+00 |270 -0.02461  2.01504e-02
271 -0.01838  2.62103e+00 |272  0.00514  1.84365e+01 |273 -0.02546  1.72000e+01
274  0.04751 -1.03369e+01 |275 -0.00921  6.45207e+00 |276 -0.00119 -1.90983e+00
277  0.00257 -4.70162e-01 |278  0.03479 -1.09663e+00 |279 -0.01997 -1.25269e+00
280  0.00110 -3.00406e+00 |281 -0.00086  1.34283e+00 |282  0.00797 -4.18700e+00
283 -0.02532  7.79042e-02 |284  0.00229 -1.60269e+00 |285 -0.01373 -1.09389e+01
286 -0.05428 -7.82151e+00 |287  0.02603  6.34579e+00 |288  0.03592 -4.38566e+00
289  0.00223  7.40883e-01 |290 -0.00977  1.52765e-01 |291  0.04834  6.10318e-01
292 -0.00000  3.08254e-07 |293 -0.00000  1.13269e-06 |294  0.00000 -1.51853e-07
295  0.00000  4.33218e-07 |296 -0.00000  1.92991e-07 |297  0.00000  3.59518e-07
298  0.00000  7.62991e-07 |299  0.00000 -4.21095e-08 |300 -0.00000 -1.59087e-07
301  0.00000  1.24108e-06 |302 -0.00000 -2.31005e-07 |303  0.00000 -1.97639e-07
304 -0.00000 -9.94507e-09 |305 -0.02500  2.05173e+00 |306 -0.02741  1.04567e+01
307  0.00305 -4.26874e+00 |308 -0.03191 -1.08998e+00 |309 -0.04279 -7.26659e-01
310 -0.03750  4.04949e+01 |311  0.00462  9.16829e+00 |312  0.09457  1.03655e+01
313  0.08634  7.05419e+01 |314  0.00018  8.33269e+00 |315 -0.01043  2.99876e+01
316 -0.00051  9.94075e+00 |317 -0.01089 -6.26463e-01 |318 -0.01750 -6.93767e+00
319  0.01488  5.92714e+00 |320 -0.02836  8.21490e-01 |321 -0.02881  1.09356e+00
322 -0.04595 -1.80526e+01 |323  0.00481 -3.78881e+00 |324  0.06313 -2.75495e+00
325  0.05616 -6.72745e+01 |326 -0.00042 -3.44380e+00 |327 -0.00995 -1.18183e+01
328 -0.00026 -3.98954e+00 |

Initial statistics: 328 variables; iteration 0; function evaluation 0; phase 7
Function value 2.0639711e+03; maximum gradient component mag -6.4196e+02
Var    Value     Gradient |Var    Value     Gradient |Var    Value     Gradient
  1 -0.31997  4.46109e+02 |  2 -0.99741  6.44801e-02 |  3 -0.01137  3.87012e+02
  4 -0.42082 -6.41964e+02 |  5 -0.17984  7.31918e+01 |  6 -0.27056 -6.10294e+02
  7 -0.06636 -1.82714e+02 |  8 -0.06291 -3.92250e+00 |  9 -0.03952 -2.51886e+00
 10 -0.03684 -3.50323e+00 | 11 -0.02272 -5.48807e+00 | 12 -0.00105 -8.69786e+00
 13  0.02907 -1.16923e+01 | 14  0.11357 -2.69369e+01 | 15  0.02091 -1.18502e+01
 16 -0.02605 -7.58508e+00 | 17  0.02564 -9.27475e+00 | 18  0.10522 -3.88987e+01
 19 -0.03045 -1.39298e+01 | 20 -0.03201 -1.51981e+01 | 21  0.04022 -2.79156e+01
 22  0.04999 -2.51937e+01 | 23  0.09211 -3.46822e+01 | 24  0.03912 -2.03363e+01
 25  0.07861 -1.56213e+01 | 26  0.08240 -4.40227e+00 | 27  0.03467 -1.39313e+00
 28  0.04558 -2.61699e+00 | 29  0.04456 -4.02257e+00 | 30  0.05137 -4.39781e+00
 31  0.06492 -5.39121e+00 | 32  0.02839 -5.23343e+00 | 33 -0.00705 -6.68430e+00
 34 -0.02696 -9.65344e+00 | 35 -0.00825 -1.40047e+01 | 36  0.02329 -1.50258e+01
 37 -0.01390 -6.93418e+00 | 38 -0.02915 -2.68857e+00 | 39 -0.03531 -1.79051e+00
 40  0.01144 -4.27121e+00 | 41  0.00923 -2.89300e+00 | 42 -0.05225 -1.83160e-01
 43 -0.06828 -3.18016e-01 | 44 -0.05044 -2.66687e+00 | 45 -0.05045 -8.22989e+00
 46  0.02451 -2.35564e+01 | 47  0.06242 -3.05557e+01 | 48  0.02510 -1.44081e+01
 49  0.07100 -1.75547e+01 | 50  0.00008 -1.37458e+01 | 51  0.01768 -1.95367e+01
 52  0.07253 -2.66720e+01 | 53  0.11988 -2.90773e+01 | 54  0.05737 -2.15824e+01
 55 -0.08164 -9.21258e+00 | 56 -0.05586 -1.80410e+01 | 57 -0.06553 -2.04394e+01
 58 -0.05598 -1.49707e+01 | 59 -0.09993 -3.48937e+00 | 60 -0.12140 -2.06721e+00
 61 -0.11344 -2.12470e+00 | 62 -0.09477 -1.12582e+00 | 63 -0.09887 -1.16339e-01
 64 -0.02230 -1.52093e-01 | 65  0.00000  0.00000e+00 | 66 -0.93925 -5.63302e+01
 67 -0.86376 -4.94493e+01 | 68 -0.84613  7.94703e+00 | 69 -0.74298 -8.60819e+00
 70 -0.80075 -2.07854e+00 | 71 -0.84655 -1.02132e+01 | 72 -0.81184 -1.55319e+01
 73 -0.83516 -5.93488e+00 | 74 -0.87407  1.33909e+01 | 75 -0.88143 -4.13767e+01
 76 -0.78502  5.72655e+00 | 77 -0.76783  2.65305e+00 | 78 -0.72853  2.04022e+00
 79 -0.60194 -1.13671e+00 | 80 -0.58932 -7.61987e-01 | 81 -0.58180 -6.34909e-01
 82 -0.64461 -4.07758e-02 | 83 -0.67828 -1.78579e+00 | 84 -0.62239 -2.61818e-01
 85 -0.58140 -1.78312e-01 | 86 -0.53205 -1.84261e-01 | 87 -0.52428 -5.53705e-01
 88 -0.51188 -1.15485e+00 | 89 -0.57593 -2.30770e+00 | 90 -0.57258 -2.24968e+00
 91 -0.60843 -2.08002e+00 | 92 -0.61804 -1.85901e+00 | 93 -0.63826 -1.84863e+00
 94 -0.60955  1.18677e+00 | 95 -0.62044  1.03619e+00 | 96 -0.65720 -1.59233e-01
 97 -0.58331  6.92988e-01 | 98 -0.67488 -1.85558e+00 | 99 -0.62486 -1.87546e+00
100 -0.69460 -4.36180e+00 |101 -0.67510 -2.28807e+00 |102 -0.67032 -4.47757e-01
103 -0.60654 -1.18810e-01 |104 -0.58601 -5.56870e-01 |105 -0.61119 -1.10540e+00
106 -0.55954 -7.60763e-01 |107 -0.76097  7.75409e+00 |108 -0.74233 -7.34081e+00
109 -0.78523 -1.18905e+00 |110 -0.73290 -7.26497e+00 |111 -0.69346 -7.66308e+00
112 -0.72582 -2.02353e+00 |113 -0.72180 -1.69028e+00 |114 -0.88953 -1.82098e+01
115 -0.76172 -4.87853e+00 |116 -0.72601 -9.69389e+00 |117 -0.57294 -1.88698e+00
118 -0.65512 -2.06775e+00 |119 -0.70120 -6.97969e+00 |120 -0.67241 -6.63705e+00
121 -0.75004 -1.20913e+01 |122 -0.74988 -9.95280e+00 |123 -0.69003 -2.24141e+01
124 -0.84306 -1.70060e+01 |125 -0.89216 -9.84170e+01 |126 -0.89181 -3.18376e+01
127 -0.85754 -4.53102e+00 |128 -0.85091  1.96904e+00 |129 -0.77618 -5.13798e+00
130 -0.82685  4.13376e+00 |131 -0.84976 -1.41619e+01 |132 -0.80762 -6.61626e+00
133 -0.80521  1.00955e+00 |134 -0.76698  8.98532e+00 |135 -0.75410 -1.06449e+00
136 -0.70378 -8.88700e-01 |137 -0.69330 -2.35739e+00 |138 -0.69807 -1.38163e+00
139 -0.63652  3.57130e-01 |140 -0.67785  1.34032e+00 |141 -0.67785  3.55284e-01
142 -0.76297  2.82341e+00 |143 -0.71868  2.19631e+00 |144 -0.66266 -9.72716e-01
145 -0.62112 -9.71658e-01 |146 -0.59081 -2.17252e+00 |147 -0.58249 -4.10400e+00
148 -0.59805 -3.50989e+00 |149 -0.63918 -2.77075e+00 |150 -0.69825  4.35735e-01
151 -0.63498 -4.03307e+00 |152 -0.59929 -4.86866e+00 |153 -0.63519 -4.32365e+00
154 -0.62537 -8.79873e-01 |155 -0.76446  2.57720e+00 |156 -0.76571 -7.70786e-01
157 -0.84954 -8.84825e+00 |158 -0.73770 -6.71902e+00 |159 -0.71006 -4.17926e+00
160 -0.70057 -1.64610e+00 |161 -0.70224  1.09084e+00 |162 -0.95236  5.40807e+01
163 -0.93198 -1.27799e+02 |164 -0.96562 -5.12076e+01 |165 -0.86424  2.40148e+01
166 -0.80669  3.40014e-01 |167 -0.79960  6.38357e+00 |168 -0.79946  7.11806e+00
169 -0.80765  9.15782e+00 |170 -0.74390  3.68945e+00 |171 -0.76683  9.65902e-01
172 -0.69986  1.34352e-01 |173 -0.63439  1.66918e+00 |174 -0.49667  1.18236e-01
175 -0.50908 -4.17945e-01 |176 -0.63597  1.86794e-01 |177 -0.58463  1.07780e+00
178 -0.55561  1.40850e+00 |179 -0.51940  1.07341e+00 |180 -0.53196  8.14937e-01
181 -0.51654  1.18113e+00 |182 -0.46623  8.47248e-01 |183 -0.43368  1.62531e+00
184 -0.48880  9.97416e-01 |185 -0.41911  4.90079e-01 |186 -0.37394 -1.88733e-01
187 -0.47091  2.21877e+00 |188 -0.53849 -9.98734e-01 |189 -0.43577  3.38187e+00
190 -0.30428  8.17600e-01 |191 -0.23867  1.52560e+00 |192 -0.32030  9.86311e-01
193 -0.64665  2.32424e-01 |194 -0.65051 -2.83482e-01 |195 -0.83506 -2.13641e+00
196 -0.68028 -3.73673e+00 |197 -0.63503 -2.22184e+00 |198 -0.68799  1.69250e-01
199 -0.64120  5.29227e-01 |200  0.01411 -4.92097e+01 |201  0.00732 -5.97748e+02
202  0.06646 -4.53903e+01 |203  0.03231  1.81274e+01 |204  0.01879  6.61330e-05
205  0.33937 -2.02895e+01 |206 -0.01850 -5.25392e-05 |207  0.25222  5.34095e+01
208 -0.00253 -6.73477e-05 |209  0.34120 -9.50429e+01 |210  0.33087 -2.46960e+01
211 -0.31176 -7.25356e-04 |212  0.33211  4.94413e+01 |213 -0.11700  7.21663e-01
214 -0.00312  3.32525e+00 |215  0.14886  1.48958e+00 |216 -0.30468 -1.29806e-03
217  0.35868 -1.78077e+00 |218 -0.01237  3.31112e-01 |219  0.07123 -3.68963e-01
220 -0.07901  3.29715e-01 |221  0.22322  7.18632e+00 |222 -0.33242 -1.67407e-03
223  0.30675 -6.21683e+00 |224 -0.03583 -8.26584e+00 |225 -0.03558 -1.63197e+01
226  0.43222  2.11080e+01 |227  0.42678 -1.24586e+00 |228  0.37124  8.05061e+00
229  0.23574  9.28060e-05 |230  0.00289  4.72825e-06 |231  0.00990  3.33458e-04
232  0.00476 -2.45023e-05 |233  0.40324 -8.10648e+01 |234  0.41395  7.19732e+00
235  0.40773 -1.70009e+01 |236  0.42256 -4.36561e+01 |237  0.01350 -1.30632e-05
238  0.02029 -8.78216e-07 |239  0.10028  1.96269e-03 |240  0.03370  1.34053e-04
241  0.37278  2.77814e-01 |242  0.27919 -5.46330e+00 |243  0.35086  3.91016e+01
244  0.38742  4.53492e+00 |245  0.20681 -2.66043e-04 |246 -0.00451  3.14588e-06
247 -0.00488  1.94176e-05 |248  0.01320 -3.57105e-05 |249  0.36438  3.86983e+00
250  0.34946  1.22483e+01 |251  0.35829 -1.02845e+02 |252  0.37016 -1.05376e+01
253  0.39258 -6.01736e+00 |254  0.90897  2.17846e-02 |255  0.35760  1.71734e+01
256  0.22139  2.49676e+00 |257  0.09547  4.45400e+00 |258  0.03554  7.11592e-04
259  0.05379 -3.78192e-04 |260  0.41640 -5.05203e+00 |261  0.35683 -7.81706e+00
262 -0.10078  9.04858e-04 |263 -0.10294 -3.03476e-04 |264  0.10345 -1.23556e+00
265  0.15751 -2.82743e+00 |266 -0.03077  3.51071e+00 |267 -0.01808  6.13934e+00
268  0.00123 -2.31403e+00 |269  0.03590  7.79928e+00 |270 -0.02461  2.01504e-02
271 -0.01838  2.62103e+00 |272  0.00514  1.84365e+01 |273 -0.02546  1.72000e+01
274  0.04751 -1.03369e+01 |275 -0.00921  6.45207e+00 |276 -0.00119 -1.90983e+00
277  0.00257 -4.70162e-01 |278  0.03479 -1.09663e+00 |279 -0.01997 -1.25269e+00
280  0.00110 -3.00406e+00 |281 -0.00086  1.34283e+00 |282  0.00797 -4.18700e+00
283 -0.02532  7.79042e-02 |284  0.00229 -1.60269e+00 |285 -0.01373 -1.09389e+01
286 -0.05428 -7.82151e+00 |287  0.02603  6.34579e+00 |288  0.03592 -4.38566e+00
289  0.00223  7.40883e-01 |290 -0.00977  1.52765e-01 |291  0.04834  6.10318e-01
292 -0.00000  3.08254e-07 |293 -0.00000  1.13269e-06 |294  0.00000 -1.51853e-07
295  0.00000  4.33218e-07 |296 -0.00000  1.92991e-07 |297  0.00000  3.59518e-07
298  0.00000  7.62991e-07 |299  0.00000 -4.21095e-08 |300 -0.00000 -1.59087e-07
301  0.00000  1.24108e-06 |302 -0.00000 -2.31005e-07 |303  0.00000 -1.97639e-07
304 -0.00000 -9.94507e-09 |305 -0.02500  2.05173e+00 |306 -0.02741  1.04567e+01
307  0.00305 -4.26874e+00 |308 -0.03191 -1.08998e+00 |309 -0.04279 -7.26659e-01
310 -0.03750  4.04949e+01 |311  0.00462  9.16829e+00 |312  0.09457  1.03655e+01
313  0.08634  7.05419e+01 |314  0.00018  8.33269e+00 |315 -0.01043  2.99876e+01
316 -0.00051  9.94075e+00 |317 -0.01089 -6.26463e-01 |318 -0.01750 -6.93767e+00
319  0.01488  5.92714e+00 |320 -0.02836  8.21490e-01 |321 -0.02881  1.09356e+00
322 -0.04595 -1.80526e+01 |323  0.00481 -3.78881e+00 |324  0.06313 -2.75495e+00
325  0.05616 -6.72745e+01 |326 -0.00042 -3.44380e+00 |327 -0.00995 -1.18183e+01
328 -0.00026 -3.98954e+00 |

Intermediate statistics: 328 variables; iteration 20; function evaluation 22; phase 7
Function value 2.0635155e+03; maximum gradient component mag -3.1851e+02
Var    Value     Gradient |Var    Value     Gradient |Var    Value     Gradient
  1 -0.32121  2.04561e+02 |  2 -0.99766  2.30752e-01 |  3 -0.01143 -1.05326e+02
  4 -0.42078 -3.18514e+02 |  5 -0.18306  3.59080e+01 |  6 -0.27176 -2.90565e+02
  7 -0.06639 -4.00536e+01 |  8 -0.06305 -2.04755e-01 |  9 -0.03958 -2.35256e-01
 10 -0.03688 -4.30058e-01 | 11 -0.02270 -8.36362e-01 | 12 -0.00084 -1.67965e+00
 13  0.02848 -1.36913e+00 | 14  0.11382 -6.01787e+00 | 15  0.02069 -2.79384e+00
 16 -0.02576 -2.75004e+00 | 17  0.02596 -3.81497e+00 | 18  0.10522 -1.37212e+01
 19 -0.03042 -4.40352e+00 | 20 -0.03199 -5.62682e+00 | 21  0.04015 -1.08123e+01
 22  0.04993 -9.78837e+00 | 23  0.09211 -1.13534e+01 | 24  0.03886 -5.39769e+00
 25  0.07824 -3.26366e+00 | 26  0.08217 -2.00207e+00 | 27  0.03452 -2.33164e+00
 28  0.04510 -3.60235e+00 | 29  0.04428 -3.85674e+00 | 30  0.05110 -4.08250e+00
 31  0.06465 -3.71503e+00 | 32  0.02834 -2.48938e+00 | 33 -0.00703 -2.76059e+00
 34 -0.02691 -4.04125e+00 | 35 -0.00824 -5.99790e+00 | 36  0.02344 -6.43625e+00
 37 -0.01390 -4.37198e+00 | 38 -0.02920 -4.11803e+00 | 39 -0.03550 -5.03902e+00
 40  0.01138 -7.60697e+00 | 41  0.00908 -7.86335e+00 | 42 -0.05234 -4.18786e+00
 43 -0.06825 -3.23588e+00 | 44 -0.05040 -4.30800e+00 | 45 -0.05048 -7.09793e+00
 46  0.02477 -1.17152e+01 | 47  0.06279 -1.31360e+01 | 48  0.02501 -8.29747e+00
 49  0.07093 -9.96740e+00 | 50  0.00010 -5.34396e+00 | 51  0.01739 -9.28478e+00
 52  0.07171 -1.62972e+01 | 53  0.11851 -2.12837e+01 | 54  0.05606 -1.10467e+01
 55 -0.08244 -2.99302e+00 | 56 -0.05660 -5.77965e+00 | 57 -0.06520 -5.86690e+00
 58 -0.05625 -8.37826e+00 | 59 -0.09999 -2.92035e+00 | 60 -0.12117 -4.27027e-01
 61 -0.11324 -5.99572e-01 | 62 -0.09502 -9.17460e-01 | 63 -0.09916 -1.72727e-01
 64 -0.02229 -3.78363e-02 | 65  0.00000  0.00000e+00 | 66 -0.93905 -2.86375e+00
 67 -0.86304 -5.06102e+00 | 68 -0.84627 -3.75696e+00 | 69 -0.74242 -3.26784e+00
 70 -0.80051 -1.57254e+00 | 71 -0.84630 -4.84291e+00 | 72 -0.81147 -3.22571e+00
 73 -0.83493 -3.60906e+00 | 74 -0.87400  5.14153e+00 | 75 -0.88105 -1.99070e+01
 76 -0.78497  1.52226e-01 | 77 -0.76763 -1.47788e+00 | 78 -0.72840 -1.05486e+00
 79 -0.60188 -2.36147e+00 | 80 -0.58917 -1.91269e+00 | 81 -0.58165 -2.06963e+00
 82 -0.64454 -2.76166e+00 | 83 -0.67792 -1.24533e+00 | 84 -0.62226 -2.06477e+00
 85 -0.58130 -1.70706e+00 | 86 -0.53181 -8.57418e-01 | 87 -0.52397 -7.46221e-01
 88 -0.51164 -1.28482e+00 | 89 -0.57565 -1.35731e+00 | 90 -0.57232 -1.20694e+00
 91 -0.60821 -1.36865e+00 | 92 -0.61785 -1.59787e+00 | 93 -0.63808 -1.66659e+00
 94 -0.60950  3.88744e-01 | 95 -0.62038  5.30953e-01 | 96 -0.65716  1.87499e-01
 97 -0.58349 -1.78431e-01 | 98 -0.67494 -7.91300e-01 | 99 -0.62488 -5.38532e-01
100 -0.69439 -3.74478e-01 |101 -0.67488 -8.98023e-02 |102 -0.67020 -1.13387e+00
103 -0.60647 -1.49965e+00 |104 -0.58602 -1.14834e+00 |105 -0.61111 -1.37741e-01
106 -0.55957 -9.74707e-01 |107 -0.76141 -2.33754e+00 |108 -0.74223 -4.04439e+00
109 -0.78551 -4.79803e+00 |110 -0.73291 -4.61211e+00 |111 -0.69305 -6.13516e-01
112 -0.72593 -2.42240e+00 |113 -0.72193 -1.91313e+00 |114 -0.88926 -3.14751e-01
115 -0.76145 -2.66274e+00 |116 -0.72541 -2.41682e+00 |117 -0.57250 -1.15883e+00
118 -0.65486 -4.19607e+00 |119 -0.70026 -1.23464e+00 |120 -0.67213 -5.86717e+00
121 -0.74928 -3.23938e+00 |122 -0.74915 -6.52939e+00 |123 -0.68926 -1.01039e+01
124 -0.84273 -5.76128e+00 |125 -0.89128 -1.59889e+01 |126 -0.89147 -6.74727e+00
127 -0.85738 -8.16840e-01 |128 -0.85083 -5.20026e-01 |129 -0.77582 -1.56220e+00
130 -0.82677 -7.32709e-01 |131 -0.84934  2.33728e-01 |132 -0.80732 -2.90402e+00
133 -0.80508 -2.67988e-01 |134 -0.76714  1.34331e+00 |135 -0.75392 -1.89391e-01
136 -0.70361 -3.98763e-01 |137 -0.69298  1.85101e-01 |138 -0.69783  1.02560e-01
139 -0.63642 -3.62562e-01 |140 -0.67779 -3.40878e-01 |141 -0.67766  8.61150e-02
142 -0.76277 -9.31522e-01 |143 -0.71845 -1.34703e-01 |144 -0.66263 -1.74630e+00
145 -0.62119 -2.00174e+00 |146 -0.59090 -2.63654e+00 |147 -0.58228 -2.06088e+00
148 -0.59798 -2.78809e+00 |149 -0.63911 -3.09883e+00 |150 -0.69841 -4.34972e+00
151 -0.63458 -1.83609e+00 |152 -0.59902 -2.20984e+00 |153 -0.63516 -3.11408e+00
154 -0.62519  9.39568e-02 |155 -0.76454 -9.27452e-01 |156 -0.76579 -2.71139e+00
157 -0.84952 -2.87942e+00 |158 -0.73763 -3.27907e+00 |159 -0.70989 -1.09046e+00
160 -0.70051 -5.99965e-01 |161 -0.70246 -1.13297e+00 |162 -0.95238  2.71387e+01
163 -0.93171 -6.80707e+01 |164 -0.96545  1.01726e+02 |165 -0.86440  2.76806e+00
166 -0.80657 -2.87979e+00 |167 -0.79958 -8.98553e-01 |168 -0.79943 -7.43065e-01
169 -0.80766 -4.85059e-01 |170 -0.74383 -1.29685e+00 |171 -0.76670 -1.47940e+00
172 -0.69966 -4.73955e-01 |173 -0.63446 -1.52628e+00 |174 -0.49645 -7.44871e-01
175 -0.50881 -7.61370e-01 |176 -0.63591 -1.42147e+00 |177 -0.58466 -1.24332e+00
178 -0.55565 -1.24086e+00 |179 -0.51942 -1.11155e+00 |180 -0.53190 -9.60484e-01
181 -0.51661 -9.23491e-01 |182 -0.46622 -1.72694e-01 |183 -0.43390 -2.21860e-01
184 -0.48894 -8.71554e-01 |185 -0.41919 -7.33808e-01 |186 -0.37370 -5.32784e-01
187 -0.47146 -2.00346e+00 |188 -0.53777 -1.64994e-01 |189 -0.43651 -1.90897e+00
190 -0.30418 -4.56664e-01 |191 -0.23870 -8.87321e-02 |192 -0.31989  8.14422e-01
193 -0.64647  3.98051e-01 |194 -0.65040 -6.46092e-02 |195 -0.83514 -2.10034e+00
196 -0.68014 -6.31340e-01 |197 -0.63483  1.35319e-02 |198 -0.68809 -9.58829e-01
199 -0.64138 -5.32008e-01 |200  0.01441 -2.67660e+01 |201  0.00836 -7.18923e+01
202  0.06244 -1.09862e+01 |203  0.03214  7.01689e+00 |204  0.01879  1.60895e-04
205  0.33953 -6.97598e+00 |206 -0.01850 -1.71786e-05 |207  0.25242  2.59453e+01
208 -0.00253 -5.06504e-05 |209  0.34116 -5.58577e+01 |210  0.33043  3.17431e+01
211 -0.31176 -1.17768e-03 |212  0.33191 -7.49709e+01 |213 -0.11673 -1.34802e+00
214 -0.00282  1.97118e-01 |215  0.14848  1.15335e-01 |216 -0.30468 -1.32904e-03
217  0.35885  2.27721e-01 |218 -0.01257  1.34332e-01 |219  0.07131 -4.20595e-01
220 -0.07924  2.09888e-01 |221  0.22391 -6.73345e+01 |222 -0.33242 -7.69506e-04
223  0.30714  1.11942e+02 |224 -0.03763 -2.04443e+00 |225 -0.03676 -1.04114e+01
226  0.43143  2.40074e+01 |227  0.42619  7.49246e-02 |228  0.37006  7.61923e+00
229  0.23574  9.61490e-05 |230  0.00289  4.70700e-06 |231  0.00990  3.38152e-04
232  0.00476 -2.19889e-05 |233  0.40316 -9.00445e+01 |234  0.41384  3.03856e+00
235  0.40761 -2.42847e+01 |236  0.42283 -2.32162e+01 |237  0.01350 -1.30856e-05
238  0.02029 -1.10385e-06 |239  0.10028  1.99425e-03 |240  0.03370  1.53681e-04
241  0.37228  3.43977e-02 |242  0.27921  4.42669e-01 |243  0.35052  3.47353e+01
244  0.38745  2.51658e+00 |245  0.20681 -2.24309e-04 |246 -0.00451  2.96707e-06
247 -0.00488  2.03758e-05 |248  0.01320 -3.35134e-05 |249  0.36430  2.12209e+00
250  0.34923 -5.33523e-01 |251  0.35836 -8.83018e+01 |252  0.37031 -1.43359e+00
253  0.39247 -3.12274e+00 |254  0.90896  2.17821e-02 |255  0.35762  1.01429e+01
256  0.22121  1.19600e+00 |257  0.09567  1.84629e+00 |258  0.03554  7.14831e-04
259  0.05379 -3.40010e-04 |260  0.41660 -2.70432e+00 |261  0.35727 -3.91241e+00
262 -0.10078  9.11826e-04 |263 -0.10294 -2.62256e-04 |264  0.10353 -1.21247e+00
265  0.15764 -4.35028e+00 |266 -0.03067  3.93529e-01 |267 -0.01815  5.43598e-01
268  0.00124  9.80740e-01 |269  0.03603  4.16514e+00 |270 -0.02464 -8.09844e-02
271 -0.01845  7.14897e-01 |272  0.00488  2.13713e+00 |273 -0.02550  8.34359e+00
274  0.04768 -2.99827e+00 |275 -0.00922  3.06622e+00 |276 -0.00136 -2.19298e-01
277  0.00252  6.14877e-01 |278  0.03475 -1.62935e-02 |279 -0.02001 -1.84510e-01
280  0.00111 -2.08290e-01 |281 -0.00087 -5.31218e-01 |282  0.00782 -2.63224e+00
283 -0.02534  1.42178e-01 |284  0.00231 -2.72000e-01 |285 -0.01351 -1.10624e+00
286 -0.05423 -3.50313e+00 |287  0.02600  1.88692e+00 |288  0.03601 -2.07200e+00
289  0.00235  1.30847e-01 |290 -0.00988 -4.42613e-02 |291  0.04837  2.04004e-01
292 -0.00000 -5.30929e-07 |293 -0.00000  4.26691e-08 |294  0.00000  1.43295e-07
295  0.00000  1.78646e-07 |296 -0.00000  2.05639e-07 |297  0.00000  1.79203e-07
298  0.00000  8.19952e-08 |299  0.00000  9.57369e-08 |300 -0.00000 -4.45758e-08
301  0.00000  5.75853e-07 |302 -0.00000  3.46239e-07 |303  0.00000  8.98341e-08
304 -0.00000  2.09230e-07 |305 -0.02520  1.02000e+00 |306 -0.02748  5.27210e+00
307  0.00278 -9.24363e-01 |308 -0.03202  3.20919e+00 |309 -0.04277  3.16337e+00
310 -0.03790  1.87777e+01 |311  0.00456  7.12770e+00 |312  0.09477  1.30983e+01
313  0.08625  3.45805e+01 |314  0.00002  2.81785e+00 |315 -0.01042  4.95056e+00
316 -0.00062  2.05508e+00 |317 -0.01095 -7.63819e-02 |318 -0.01736 -3.85792e+00
319  0.01467  1.86537e+00 |320 -0.02835 -5.45274e-01 |321 -0.02894 -1.87345e+00
322 -0.04583 -7.93234e+00 |323  0.00480 -4.60872e+00 |324  0.06324 -1.13124e+01
325  0.05639 -3.45739e+01 |326 -0.00032 -1.19199e+00 |327 -0.00983 -2.17129e+00
328 -0.00018 -8.67988e-01 |
328 variables; iteration 40; function evaluation 42; phase 7
Function value 2.0633895e+03; maximum gradient component mag -3.6583e+02
Var    Value     Gradient |Var    Value     Gradient |Var    Value     Gradient
  1 -0.32453  2.32738e+02 |  2 -0.99960  3.42509e-02 |  3 -0.01143 -1.14679e+02
  4 -0.42069 -3.65830e+02 |  5 -0.19112  4.22052e+01 |  6 -0.27518 -3.36574e+02
  7 -0.06815 -4.27610e+01 |  8 -0.06463 -9.40407e-01 |  9 -0.04030 -5.94901e-01
 10 -0.03753 -8.48343e-01 | 11 -0.02298 -1.31728e+00 | 12  0.00019 -2.05026e+00
 13  0.02476 -2.93520e+00 | 14  0.11685 -5.83447e+00 | 15  0.02018 -2.63560e+00
 16 -0.02380 -1.76340e+00 | 17  0.02707 -2.68680e+00 | 18  0.10268 -1.31465e+01
 19 -0.03172 -4.09499e+00 | 20 -0.03381 -4.77557e+00 | 21  0.03792 -1.04620e+01
 22  0.04840 -8.92530e+00 | 23  0.09023 -1.18840e+01 | 24  0.03719 -6.00665e+00
 25  0.07771 -2.09966e+00 | 26  0.08173  8.37500e-01 | 27  0.03382 -1.25921e+00
 28  0.04462 -3.43432e+00 | 29  0.04388 -4.08818e+00 | 30  0.05059 -4.88531e+00
 31  0.06438 -5.40370e+00 | 32  0.02804 -4.02059e+00 | 33 -0.00722 -3.67834e+00
 34 -0.02698 -5.03124e+00 | 35 -0.00829 -7.51920e+00 | 36  0.02342 -8.10065e+00
 37 -0.01378 -4.89501e+00 | 38 -0.02913 -4.72621e+00 | 39 -0.03545 -5.89132e+00
 40  0.01148 -8.99356e+00 | 41  0.00936 -7.59235e+00 | 42 -0.05185 -4.08672e+00
 43 -0.06779 -3.77026e+00 | 44 -0.04988 -5.27908e+00 | 45 -0.05011 -8.67888e+00
 46  0.02492 -1.63835e+01 | 47  0.06266 -1.89016e+01 | 48  0.02454 -1.12100e+01
 49  0.07020 -1.29630e+01 | 50 -0.00125 -8.01394e+00 | 51  0.01598 -1.20089e+01
 52  0.06962 -2.06013e+01 | 53  0.11573 -2.60415e+01 | 54  0.05275 -1.40879e+01
 55 -0.08627 -6.30797e+00 | 56 -0.05914 -9.66133e+00 | 57 -0.06662 -9.41458e+00
 58 -0.05649 -1.10624e+01 | 59 -0.10031 -5.04936e+00 | 60 -0.12165 -2.66167e+00
 61 -0.11370 -2.01274e+00 | 62 -0.09522 -7.38192e-01 | 63 -0.10009 -5.17198e-01
 64 -0.02240  1.03441e-02 | 65  0.00000  0.00000e+00 | 66 -0.93821 -3.12902e+01
 67 -0.86116 -9.44204e+00 | 68 -0.84430 -6.12956e-01 | 69 -0.73857 -7.86650e-01
 70 -0.79747 -6.00668e+00 | 71 -0.84406 -9.28075e+00 | 72 -0.80866 -3.02613e+00
 73 -0.83261 -2.84466e+00 | 74 -0.87245 -3.55366e+00 | 75 -0.87949 -5.79759e+00
 76 -0.78261 -6.89136e-01 | 77 -0.76538  1.58362e+00 | 78 -0.72610  2.92013e-01
 79 -0.59894 -1.55989e+00 | 80 -0.58637 -1.09849e+00 | 81 -0.57894 -1.41378e+00
 82 -0.64238 -1.75929e+00 | 83 -0.67637 -2.42263e+00 | 84 -0.62050 -1.97071e+00
 85 -0.57955 -2.16674e+00 | 86 -0.52986 -8.69800e-01 | 87 -0.52203 -7.31111e-01
 88 -0.50967 -1.74377e+00 | 89 -0.57387 -1.78703e+00 | 90 -0.57058 -1.61811e+00
 91 -0.60670 -1.66390e+00 | 92 -0.61647 -1.83528e+00 | 93 -0.63690 -1.81566e+00
 94 -0.60978  4.72809e-01 | 95 -0.62087  4.94010e-01 | 96 -0.65741 -1.36959e+00
 97 -0.58405 -1.86812e+00 | 98 -0.67523 -2.47755e+00 | 99 -0.62484 -2.31463e+00
100 -0.69383 -2.48982e+00 |101 -0.67364 -1.54856e+00 |102 -0.66812 -2.80259e-01
103 -0.60391 -1.35397e+00 |104 -0.58416 -1.12697e+00 |105 -0.61028 -5.61754e-01
106 -0.55805 -8.88325e-01 |107 -0.76041 -4.91536e-01 |108 -0.74111 -1.47423e+00
109 -0.78467 -2.78023e+00 |110 -0.73197 -3.84942e+00 |111 -0.69210 -1.95663e+00
112 -0.72495 -2.27662e+00 |113 -0.72085 -1.15083e+00 |114 -0.88720  3.16960e+00
115 -0.75815 -3.04472e+00 |116 -0.72148 -8.58346e-01 |117 -0.56648  4.60972e-01
118 -0.64926 -2.41888e+00 |119 -0.69561 -1.15045e+00 |120 -0.66681 -1.12776e+00
121 -0.74536  2.62335e+00 |122 -0.74535 -7.21878e+00 |123 -0.68545 -1.38517e+01
124 -0.84099 -3.90297e+00 |125 -0.89031 -2.10166e+01 |126 -0.89058 -1.86502e+01
127 -0.85639  9.60693e-01 |128 -0.84988  8.35249e-01 |129 -0.77448 -1.19486e+00
130 -0.82582 -5.91954e-01 |131 -0.84861  5.19062e-01 |132 -0.80637  9.79859e-01
133 -0.80435 -1.77695e+00 |134 -0.76624  1.80516e+00 |135 -0.75302 -4.86707e-01
136 -0.70246 -4.26060e-01 |137 -0.69177 -4.07235e-01 |138 -0.69664 -9.47269e-02
139 -0.63502  2.08287e-02 |140 -0.67660  5.03155e-01 |141 -0.67665  2.05736e-01
142 -0.76214 -2.00747e+00 |143 -0.71786 -3.20640e-01 |144 -0.66259 -3.01550e+00
145 -0.62135 -3.64947e+00 |146 -0.59104 -4.79588e+00 |147 -0.58196 -4.24805e+00
148 -0.59692 -4.62736e+00 |149 -0.63735 -3.74975e+00 |150 -0.69625 -2.97631e+00
151 -0.63203 -2.81375e+00 |152 -0.59689 -2.57600e+00 |153 -0.63413 -4.31597e+00
154 -0.62496 -2.06919e+00 |155 -0.76401 -7.41930e-01 |156 -0.76524 -3.72263e+00
157 -0.84921 -4.91173e+00 |158 -0.73722 -4.75804e+00 |159 -0.70944 -2.48355e+00
160 -0.70000 -2.44312e+00 |161 -0.70184 -2.50127e+00 |162 -0.95188  2.78679e+01
163 -0.93108 -6.75334e+01 |164 -0.96519  9.83715e+01 |165 -0.86337  1.11250e+01
166 -0.80523  8.62510e-01 |167 -0.79834 -6.91538e-01 |168 -0.79831 -1.48130e+00
169 -0.80670 -1.45289e+00 |170 -0.74267 -1.84982e+00 |171 -0.76576 -2.98116e+00
172 -0.69844 -9.53685e-01 |173 -0.63283 -5.92843e-01 |174 -0.49399  3.32903e-01
175 -0.50647 -1.32659e-01 |176 -0.63441 -1.38069e+00 |177 -0.58303 -9.43465e-01
178 -0.55399 -6.92876e-01 |179 -0.51773 -2.64905e-01 |180 -0.53054 -2.17262e-01
181 -0.51564 -5.52467e-01 |182 -0.46559 -2.81091e-01 |183 -0.43334 -3.76599e-01
184 -0.48818 -1.22234e+00 |185 -0.41757 -9.85601e-01 |186 -0.37082 -7.40385e-01
187 -0.46764 -2.00878e-01 |188 -0.53382  1.27697e+00 |189 -0.43070  2.03968e+00
190 -0.29938 -4.39647e-02 |191 -0.23530 -4.02269e-01 |192 -0.31913  1.80415e-03
193 -0.64575 -7.92797e-01 |194 -0.64956 -9.71722e-01 |195 -0.83479 -4.03428e+00
196 -0.67960 -1.78258e+00 |197 -0.63421 -9.69757e-01 |198 -0.68742 -1.35679e+00
199 -0.64055 -1.24222e+00 |200  0.01517 -2.06831e+01 |201  0.00910 -1.26957e+02
202  0.05929 -1.45768e+01 |203  0.03190  3.10295e+00 |204  0.01879  1.38968e-04
205  0.33962 -1.07122e+00 |206 -0.01850 -3.03376e-05 |207  0.25470  2.15855e+01
208 -0.00253 -4.98564e-05 |209  0.34097 -5.57412e+01 |210  0.33000  3.13798e+01
211 -0.31176 -6.23540e-04 |212  0.33187 -7.09717e+01 |213 -0.11145  1.80803e+00
214 -0.00426 -8.95646e-01 |215  0.14809  2.31109e-01 |216 -0.30467 -1.37328e-03
217  0.35859 -5.77852e-01 |218 -0.01298 -2.47418e-01 |219  0.07285  2.67085e-01
220 -0.07987 -4.47023e-01 |221  0.22449 -5.25388e+01 |222 -0.33241 -1.19943e-03
223  0.30750  8.98408e+01 |224 -0.04576 -6.65925e+00 |225 -0.03471 -8.75855e+00
226  0.43126  2.44744e+01 |227  0.42242 -1.27294e+00 |228  0.36691  6.13870e+00
229  0.23574  1.02449e-04 |230  0.00289  4.08716e-06 |231  0.00990  3.37352e-04
232  0.00476 -1.68531e-05 |233  0.40325 -9.05620e+01 |234  0.41319  4.72208e+00
235  0.40730 -2.70592e+01 |236  0.42311 -1.98716e+01 |237  0.01350 -1.27204e-05
238  0.02029 -6.89064e-06 |239  0.10027  2.01048e-03 |240  0.03370  1.87523e-04
241  0.37189 -4.73021e+00 |242  0.27885  6.55215e-01 |243  0.34903  4.25835e+01
244  0.38444  1.08464e+01 |245  0.20681 -2.14249e-04 |246 -0.00451  2.93352e-06
247 -0.00488  1.98087e-05 |248  0.01320 -3.50714e-05 |249  0.36433  1.41712e+01
250  0.34919 -1.24994e+00 |251  0.35811 -1.13065e+02 |252  0.36953 -3.03301e+01
253  0.39013  2.69056e+00 |254  0.90886  2.17566e-02 |255  0.35703 -7.51904e+00
256  0.22097  1.45831e+00 |257  0.09562  2.76287e+00 |258  0.03554  7.21822e-04
259  0.05379 -3.22748e-04 |260  0.41635 -2.91228e+00 |261  0.35762 -2.81527e+00
262 -0.10078  9.25211e-04 |263 -0.10294 -2.38852e-04 |264  0.10501 -5.31439e-01
265  0.15947 -2.71523e+00 |266 -0.03069  2.21042e+00 |267 -0.01823  1.03009e+00
268  0.00064 -3.43646e-02 |269  0.03610  1.18066e+00 |270 -0.02439  2.25901e+00
271 -0.01833  1.86633e+00 |272  0.00511  2.31536e+00 |273 -0.02542 -1.91475e+00
274  0.04796 -2.71353e-01 |275 -0.00905  6.89358e-01 |276 -0.00117  4.84056e-01
277  0.00244 -1.72802e+00 |278  0.03483 -2.50331e-01 |279 -0.01998 -7.91559e-01
280  0.00100 -4.67201e-01 |281 -0.00059  3.40188e-02 |282  0.00787 -7.71497e-01
283 -0.02569 -8.58300e-01 |284  0.00229 -1.01108e+00 |285 -0.01335 -7.74518e-01
286 -0.05396  1.39224e+00 |287  0.02621  1.98573e+00 |288  0.03616 -2.98744e-01
289  0.00209 -3.29969e-01 |290 -0.01017  5.53026e-01 |291  0.04825  9.73044e-02
292 -0.00000  4.58040e-07 |293 -0.00000  2.41935e-07 |294  0.00000  3.88359e-09
295  0.00000 -3.96413e-09 |296 -0.00000  3.14430e-07 |297  0.00000  3.15811e-07
298  0.00000  2.09020e-07 |299  0.00000  1.84223e-07 |300 -0.00000  5.73842e-08
301  0.00000  1.76127e-07 |302 -0.00000 -1.86190e-07 |303  0.00000 -6.84652e-08
304 -0.00000 -4.42376e-08 |305 -0.02633  1.84994e+00 |306 -0.02805  2.84530e+00
307  0.00153 -1.00067e+01 |308 -0.03277  1.18330e+00 |309 -0.04323 -1.92078e-01
310 -0.03842  1.02560e+01 |311  0.00411 -6.45777e+00 |312  0.09443  1.66585e+01
313  0.08568  4.95454e+01 |314 -0.00052  1.79534e+00 |315 -0.01070  6.24057e+00
316 -0.00077  5.86235e+00 |317 -0.01143 -1.23538e+00 |318 -0.01691 -1.69311e+00
319  0.01445  8.23369e+00 |320 -0.02848 -2.90046e-01 |321 -0.02833  2.63768e-01
322 -0.04522 -3.85599e+00 |323  0.00534  5.27739e+00 |324  0.06352 -1.63417e+01
325  0.05647 -5.16040e+01 |326  0.00007 -7.44758e-01 |327 -0.00869 -2.30690e+00
328  0.00014 -2.30814e+00 |
328 variables; iteration 60; function evaluation 62; phase 7
Function value 2.0632287e+03; maximum gradient component mag -6.3178e+02
Var    Value     Gradient |Var    Value     Gradient |Var    Value     Gradient
  1 -0.33122  4.45504e+02 |  2 -1.00480 -1.32517e-01 |  3 -0.01143 -1.80924e+02
  4 -0.42062 -6.31781e+02 |  5 -0.19789  5.79075e+01 |  6 -0.28352 -5.95585e+02
  7 -0.07178 -1.67305e+02 |  8 -0.06626 -3.64244e+00 |  9 -0.04107 -2.30259e+00
 10 -0.03806 -3.18787e+00 | 11 -0.02304 -4.72075e+00 | 12  0.00160 -7.23276e+00
 13  0.02130 -1.19748e+01 | 14  0.11957 -2.49181e+01 | 15  0.02012 -1.17336e+01
 16 -0.02176 -6.51293e+00 | 17  0.02836 -7.38572e+00 | 18  0.09933 -2.89896e+01
 19 -0.03609 -1.02468e+01 | 20 -0.03772 -1.11676e+01 | 21  0.03473 -1.83154e+01
 22  0.04638 -1.71153e+01 | 23  0.08910 -2.25792e+01 | 24  0.03660 -1.20317e+01
 25  0.07612 -9.19721e+00 | 26  0.08156 -6.21714e+00 | 27  0.03368 -6.82857e+00
 28  0.04437 -1.02775e+01 | 29  0.04388 -1.00474e+01 | 30  0.05069 -9.69928e+00
 31  0.06471 -8.61694e+00 | 32  0.02862 -6.68975e+00 | 33 -0.00645 -6.93339e+00
 34 -0.02602 -8.64635e+00 | 35 -0.00715 -1.18295e+01 | 36  0.02440 -1.34586e+01
 37 -0.01282 -9.48324e+00 | 38 -0.02813 -9.01726e+00 | 39 -0.03453 -1.06710e+01
 40  0.01239 -1.53134e+01 | 41  0.01016 -1.21795e+01 | 42 -0.05114 -5.61099e+00
 43 -0.06675 -4.53608e+00 | 44 -0.04873 -6.64474e+00 | 45 -0.04901 -1.02488e+01
 46  0.02621 -1.87435e+01 | 47  0.06374 -2.28938e+01 | 48  0.02593 -1.60593e+01
 49  0.07109 -2.31020e+01 | 50 -0.00002 -1.32644e+01 | 51  0.01693 -1.70934e+01
 52  0.07067 -2.73314e+01 | 53  0.11597 -3.45276e+01 | 54  0.05227 -1.96268e+01
 55 -0.08718 -8.09724e+00 | 56 -0.05938 -1.34093e+01 | 57 -0.06691 -1.49916e+01
 58 -0.05571 -1.74157e+01 | 59 -0.09965 -7.61929e+00 | 60 -0.12052 -3.55386e+00
 61 -0.11296 -2.30667e+00 | 62 -0.09413 -6.85693e-01 | 63 -0.10002 -7.10156e-01
 64 -0.02292 -1.74048e-01 | 65  0.00000  0.00000e+00 | 66 -0.93596 -5.25201e+01
 67 -0.85626 -2.36490e+01 | 68 -0.83880 -1.45141e+01 | 69 -0.72822 -2.01154e+00
 70 -0.79016 -6.23610e+00 | 71 -0.83841 -9.62969e+00 | 72 -0.80183 -7.58403e+00
 73 -0.82698 -5.51235e+00 | 74 -0.86843 -7.79140e+00 | 75 -0.87671 -2.14118e+01
 76 -0.77796 -2.54813e+00 | 77 -0.76099 -3.87146e+00 | 78 -0.72144 -2.27929e+00
 79 -0.59249 -1.90576e+00 | 80 -0.57993 -9.90814e-01 | 81 -0.57246 -1.26019e+00
 82 -0.63718 -2.47078e+00 | 83 -0.67191 -1.61430e+00 | 84 -0.61568 -1.73435e+00
 85 -0.57446 -1.59595e+00 | 86 -0.52450 -8.61751e-01 | 87 -0.51658 -8.46930e-01
 88 -0.50351 -9.24503e-01 | 89 -0.56832 -1.29466e+00 | 90 -0.56497 -9.58045e-01
 91 -0.60170 -1.41544e+00 | 92 -0.61160 -1.79769e+00 | 93 -0.63234 -2.27701e+00
 94 -0.60657  1.27287e+00 | 95 -0.61766  1.41826e+00 | 96 -0.65270 -9.06692e-01
 97 -0.57779 -2.71728e-01 | 98 -0.67036 -1.71330e+00 | 99 -0.61913 -9.44683e-01
100 -0.68916 -1.43152e+00 |101 -0.66867 -7.40806e-01 |102 -0.66345 -1.64007e+00
103 -0.59853 -1.73584e+00 |104 -0.57868 -1.37073e+00 |105 -0.60508 -3.32977e-01
106 -0.55280 -1.03310e+00 |107 -0.75735  5.39458e-01 |108 -0.73818 -4.36362e+00
109 -0.78234 -2.34997e+00 |110 -0.72947 -6.04216e+00 |111 -0.68917 -1.89084e+00
112 -0.72252 -3.49136e+00 |113 -0.71851 -2.52886e+00 |114 -0.88235 -1.24174e+01
115 -0.74962 -7.59190e+00 |116 -0.71154 -6.63900e+00 |117 -0.54777 -1.52942e+00
118 -0.63563 -2.43331e+00 |119 -0.68441 -2.42092e+00 |120 -0.65472 -2.77447e+00
121 -0.73591  9.33836e-01 |122 -0.73499 -1.14543e+01 |123 -0.67354 -1.56690e+01
124 -0.83689 -9.99735e+00 |125 -0.88818 -3.18768e+01 |126 -0.88812 -6.77193e+00
127 -0.85416 -2.57252e+00 |128 -0.84748  7.57115e+00 |129 -0.77118 -2.86213e+00
130 -0.82336 -2.40991e+00 |131 -0.84675 -7.26045e+00 |132 -0.80416 -3.95615e+00
133 -0.80202  1.31040e+00 |134 -0.76370  1.15474e+00 |135 -0.75034 -1.03986e+00
136 -0.69895 -2.08698e-01 |137 -0.68782  4.57096e-01 |138 -0.69277  2.10111e-01
139 -0.63036  4.77377e-01 |140 -0.67259 -3.06458e-01 |141 -0.67261 -2.44268e-01
142 -0.75919 -2.46509e-01 |143 -0.71436  1.48306e+00 |144 -0.65796 -2.55129e+00
145 -0.61576 -2.92210e+00 |146 -0.58471 -3.56466e+00 |147 -0.57547 -2.78910e+00
148 -0.59064 -3.55303e+00 |149 -0.63179 -3.23212e+00 |150 -0.69198 -4.92291e+00
151 -0.62709 -3.67233e+00 |152 -0.59175 -3.38766e+00 |153 -0.62948 -4.97955e+00
154 -0.62030 -1.61161e+00 |155 -0.76108 -3.78695e+00 |156 -0.76236 -3.32189e+00
157 -0.84753 -3.65308e+00 |158 -0.73468 -6.75898e+00 |159 -0.70667 -3.70185e+00
160 -0.69720 -2.70107e+00 |161 -0.69919 -2.76322e+00 |162 -0.95089  1.89081e+01
163 -0.92985 -7.55805e+01 |164 -0.96462  8.24904e+01 |165 -0.86124  1.11062e+01
166 -0.80251 -5.14820e+00 |167 -0.79547 -2.76473e+00 |168 -0.79547 -1.75848e+00
169 -0.80415  3.16336e-01 |170 -0.73954 -1.16547e+00 |171 -0.76304 -8.66804e-01
172 -0.69519 -1.04503e+00 |173 -0.62895 -1.31229e+00 |174 -0.48827 -6.89557e-01
175 -0.50035 -5.07285e-01 |176 -0.62990 -1.59987e+00 |177 -0.57789 -8.74004e-01
178 -0.54855 -1.14610e+00 |179 -0.51188 -1.03556e+00 |180 -0.52472 -5.52602e-01
181 -0.50956 -3.12278e-01 |182 -0.45866  5.60522e-01 |183 -0.42559  1.36079e-01
184 -0.48118 -8.18282e-01 |185 -0.40948 -3.74850e-01 |186 -0.36151  6.00669e-01
187 -0.46046 -9.69919e-01 |188 -0.52771  1.00954e+00 |189 -0.42419  4.06163e-02
190 -0.29139 -4.83461e-01 |191 -0.22653 -9.49023e-01 |192 -0.31028  8.08662e-01
193 -0.64124 -8.70564e-01 |194 -0.64534 -8.50116e-01 |195 -0.83296 -7.78758e-01
196 -0.67655 -2.19771e+00 |197 -0.63087 -1.95398e+00 |198 -0.68471 -2.64806e+00
199 -0.63753 -1.84566e+00 |200  0.01662 -1.97683e+01 |201  0.01039 -2.90761e+02
202  0.05324 -3.35634e+01 |203  0.03177  1.24442e+01 |204  0.01878  7.25885e-05
205  0.33982 -1.22468e+01 |206 -0.01850 -8.51280e-05 |207  0.26165  3.48906e+01
208 -0.00252 -5.59470e-05 |209  0.34122 -8.13303e+01 |210  0.33014  2.42037e+01
211 -0.31174 -9.91924e-04 |212  0.33204 -6.06987e+01 |213 -0.11375 -1.88104e-01
214 -0.00335 -2.17157e+00 |215  0.14725  2.53648e-01 |216 -0.30465 -1.38497e-03
217  0.35875 -2.73901e-01 |218 -0.01196 -1.29780e-01 |219  0.07411 -4.68368e-01
220 -0.07886  9.20349e-02 |221  0.22366 -3.58540e+01 |222 -0.33240 -1.36144e-03
223  0.30731  6.57615e+01 |224 -0.03983 -7.35815e+00 |225 -0.03597 -1.57221e+01
226  0.43172  2.28317e+01 |227  0.41782 -5.17938e+00 |228  0.36915  6.75907e+00
229  0.23574  6.97322e-05 |230  0.00289  3.10205e-06 |231  0.00989  3.32996e-04
232  0.00476 -1.65252e-05 |233  0.40354 -8.73722e+01 |234  0.41246  1.34389e+01
235  0.40798 -2.39251e+01 |236  0.42352 -1.94263e+01 |237  0.01350 -1.45586e-05
238  0.02029 -1.59101e-05 |239  0.10024  1.97193e-03 |240  0.03369  1.89617e-04
241  0.37214 -4.40999e+00 |242  0.27855 -3.88469e+00 |243  0.35044  4.43740e+01
244  0.38474  1.31465e+01 |245  0.20681 -2.56893e-04 |246 -0.00451  3.03611e-06
247 -0.00488  1.83932e-05 |248  0.01320 -3.45924e-05 |249  0.36455  1.54951e+01
250  0.34943  8.60122e+00 |251  0.35857 -1.16202e+02 |252  0.36991 -2.94070e+01
253  0.38984  2.93784e+00 |254  0.90849  2.16670e-02 |255  0.35721 -4.97561e+00
256  0.21974  8.84243e-01 |257  0.09065  1.72836e+00 |258  0.03553  7.13449e-04
259  0.05380 -4.82487e-04 |260  0.41633 -1.96180e+00 |261  0.35482 -3.85274e+00
262 -0.10080  9.13044e-04 |263 -0.10293 -3.81322e-04 |264  0.10718 -4.49423e-01
265  0.16265 -1.82015e+00 |266 -0.03093  3.51390e+00 |267 -0.01842  2.58329e+00
268  0.00057  3.78750e+00 |269  0.03647  3.01914e-01 |270 -0.02446  1.42722e+00
271 -0.01828  1.54017e+00 |272  0.00535  4.45571e+00 |273 -0.02495  1.81203e+00
274  0.04856  5.54704e+00 |275 -0.00877  3.38944e+00 |276 -0.00106  1.15849e+00
277  0.00250  1.83915e+00 |278  0.03495  6.83913e-01 |279 -0.02008 -1.26578e+00
280  0.00093 -1.08216e+00 |281 -0.00058 -2.14805e+00 |282  0.00793  5.29587e-01
283 -0.02542 -3.58888e-01 |284  0.00218 -6.52713e-01 |285 -0.01349 -1.72630e+00
286 -0.05381 -1.94184e-01 |287  0.02607 -3.76887e+00 |288  0.03620 -2.06230e+00
289  0.00218 -5.37835e-01 |290 -0.01032 -9.40709e-01 |291  0.04829 -2.39972e-01
292 -0.00000  1.07827e-06 |293 -0.00000  6.73983e-07 |294 -0.00000  2.97580e-07
295  0.00000  1.34500e-07 |296 -0.00000  3.46517e-07 |297  0.00000  3.14713e-07
298  0.00000  4.98874e-07 |299  0.00000  1.15610e-07 |300 -0.00000  5.66973e-08
301  0.00000  7.14664e-07 |302 -0.00000 -3.91249e-07 |303  0.00000  1.81548e-07
304 -0.00000  6.63794e-08 |305 -0.02860  2.08755e+00 |306 -0.03049  2.92105e+00
307  0.00111 -2.35988e-01 |308 -0.03401 -1.09606e+00 |309 -0.04505  6.92249e+00
310 -0.04023  7.87892e+00 |311  0.00309 -5.04807e+00 |312  0.09381  2.85936e+01
313  0.08555  5.90903e+01 |314 -0.00086  4.99240e+00 |315 -0.01196  9.84155e+00
316 -0.00114  2.04558e+00 |317 -0.01163 -6.79224e-01 |318 -0.01760 -7.15554e-01
319  0.01532  2.14515e+00 |320 -0.02747  1.34454e+00 |321 -0.02875 -4.25517e+00
322 -0.04533 -2.88408e+00 |323  0.00579  4.32912e+00 |324  0.06368 -2.72941e+01
325  0.05706 -5.92032e+01 |326  0.00035 -1.99627e+00 |327 -0.00789 -3.59808e+00
328  0.00046 -7.49089e-01 |
328 variables; iteration 80; function evaluation 82; phase 7
Function value 2.0632104e+03; maximum gradient component mag -6.4439e+02
Var    Value     Gradient |Var    Value     Gradient |Var    Value     Gradient
  1 -0.33239  4.60943e+02 |  2 -1.00775 -1.85470e-01 |  3 -0.01143 -1.83998e+02
  4 -0.42061 -6.44389e+02 |  5 -0.19959  6.17893e+01 |  6 -0.28572 -6.16806e+02
  7 -0.07137 -1.65968e+02 |  8 -0.06650 -3.62150e+00 |  9 -0.04114 -2.28294e+00
 10 -0.03817 -3.20031e+00 | 11 -0.02332 -4.81247e+00 | 12  0.00073 -7.42998e+00
 13  0.02217 -1.16801e+01 | 14  0.11982 -2.44626e+01 | 15  0.02066 -1.13949e+01
 16 -0.02178 -6.42185e+00 | 17  0.02833 -7.62241e+00 | 18  0.10002 -3.10495e+01
 19 -0.03496 -1.04565e+01 | 20 -0.03706 -1.13533e+01 | 21  0.03519 -1.96513e+01
 22  0.04637 -1.81608e+01 | 23  0.08900 -2.35095e+01 | 24  0.03655 -1.25646e+01
 25  0.07665 -9.62407e+00 | 26  0.08205 -6.75447e+00 | 27  0.03435 -7.66759e+00
 28  0.04487 -1.27718e+01 | 29  0.04438 -1.32823e+01 | 30  0.05137 -1.24712e+01
 31  0.06514 -1.16436e+01 | 32  0.02943 -6.82827e+00 | 33 -0.00570 -6.25829e+00
 34 -0.02535 -8.56423e+00 | 35 -0.00639 -1.16076e+01 | 36  0.02523 -1.32276e+01
 37 -0.01201 -1.02041e+01 | 38 -0.02732 -9.88332e+00 | 39 -0.03371 -1.07923e+01
 40  0.01323 -1.42106e+01 | 41  0.01111 -1.05346e+01 | 42 -0.05010 -4.82207e+00
 43 -0.06575 -4.09714e+00 | 44 -0.04781 -6.11955e+00 | 45 -0.04800 -8.70657e+00
 46  0.02712 -1.60820e+01 | 47  0.06468 -2.00918e+01 | 48  0.02676 -1.46933e+01
 49  0.07186 -2.34492e+01 | 50  0.00058 -1.39345e+01 | 51  0.01748 -1.83869e+01
 52  0.07110 -2.82592e+01 | 53  0.11634 -3.70378e+01 | 54  0.05227 -2.31251e+01
 55 -0.08687 -9.03536e+00 | 56 -0.05956 -1.43107e+01 | 57 -0.06604 -1.27348e+01
 58 -0.05525 -1.71462e+01 | 59 -0.09882 -7.21619e+00 | 60 -0.11992 -3.57424e+00
 61 -0.11210 -2.00148e+00 | 62 -0.09394 -1.71997e+00 | 63 -0.09910 -4.24526e-01
 64 -0.02236 -5.42590e-03 | 65  0.00000  0.00000e+00 | 66 -0.93592 -5.25948e+01
 67 -0.85621 -2.33502e+01 | 68 -0.83854 -1.48249e+01 | 69 -0.72837 -3.01078e+00
 70 -0.78982 -8.25968e+00 | 71 -0.83808 -4.58172e+00 | 72 -0.80157 -8.56123e+00
 73 -0.82664 -7.31107e+00 | 74 -0.86819 -8.51270e+00 | 75 -0.87626 -2.21816e+01
 76 -0.77708 -1.68956e+00 | 77 -0.76003 -2.87340e+00 | 78 -0.72038 -1.39700e+00
 79 -0.59094 -1.66447e+00 | 80 -0.57845 -1.18896e+00 | 81 -0.57094 -1.43571e+00
 82 -0.63586 -2.22345e+00 | 83 -0.67080 -1.65472e+00 | 84 -0.61443 -1.75201e+00
 85 -0.57309 -1.56327e+00 | 86 -0.52300 -9.22050e-01 | 87 -0.51483 -6.05828e-02
 88 -0.50178 -9.71834e-01 | 89 -0.56671 -9.05384e-01 | 90 -0.56352 -1.20265e+00
 91 -0.60046 -1.92426e+00 | 92 -0.61044 -2.22570e+00 | 93 -0.63126 -2.10217e+00
 94 -0.60387  1.12593e+00 | 95 -0.61529  1.20881e+00 | 96 -0.65217 -8.91496e-01
 97 -0.57720 -8.01974e-01 | 98 -0.66980 -1.46083e+00 | 99 -0.61842 -8.07753e-01
100 -0.68848 -8.65310e-01 |101 -0.66785 -3.89006e-01 |102 -0.66252 -1.20721e+00
103 -0.59728 -8.77508e-01 |104 -0.57740 -1.01515e+00 |105 -0.60394 -8.12009e-01
106 -0.55113 -5.15755e-01 |107 -0.75646 -8.11296e-01 |108 -0.73714 -3.72424e+00
109 -0.78159 -2.18901e+00 |110 -0.72866 -6.09037e+00 |111 -0.68829 -2.08324e+00
112 -0.72176 -3.62270e+00 |113 -0.71769 -1.62711e+00 |114 -0.88229 -1.25730e+01
115 -0.74959 -7.56694e+00 |116 -0.71151 -5.48877e+00 |117 -0.54831 -1.48536e+00
118 -0.63530 -2.76756e+00 |119 -0.68409 -3.72740e+00 |120 -0.65431 -3.41125e+00
121 -0.73571 -4.00703e-01 |122 -0.73505 -1.06103e+01 |123 -0.67369 -1.54558e+01
124 -0.83626 -1.09211e+01 |125 -0.88777 -3.32438e+01 |126 -0.88776 -7.69249e+00
127 -0.85356  1.33810e+00 |128 -0.84698  5.23991e+00 |129 -0.77040 -3.66770e+00
130 -0.82271 -1.19416e+00 |131 -0.84632 -1.19190e+01 |132 -0.80361 -5.85208e+00
133 -0.80139  2.55715e+00 |134 -0.76298  1.61769e+00 |135 -0.74954 -6.93894e-01
136 -0.69790  2.88096e-01 |137 -0.68669  7.44728e-01 |138 -0.69173  4.79229e-02
139 -0.62926 -3.10576e-01 |140 -0.67162 -7.19788e-01 |141 -0.67167 -1.35182e-01
142 -0.75862 -4.78017e-01 |143 -0.71383  5.21952e-01 |144 -0.65738 -2.59198e+00
145 -0.61508 -2.78999e+00 |146 -0.58389 -3.34972e+00 |147 -0.57459 -2.91794e+00
148 -0.58958 -2.84107e+00 |149 -0.63081 -3.04874e+00 |150 -0.69110 -4.72317e+00
151 -0.62591 -3.03399e+00 |152 -0.59051 -3.74412e+00 |153 -0.62821 -4.63552e+00
154 -0.61886 -1.59993e+00 |155 -0.76001 -2.05496e+00 |156 -0.76151 -5.97265e+00
157 -0.84695 -2.61868e+00 |158 -0.73381 -6.47258e+00 |159 -0.70567 -2.23237e+00
160 -0.69635 -3.19392e+00 |161 -0.69842 -3.90057e+00 |162 -0.95069  1.60852e+01
163 -0.92955 -7.71542e+01 |164 -0.96448  7.83027e+01 |165 -0.86070  1.30032e+01
166 -0.80179 -3.96812e+00 |167 -0.79478 -3.36819e+00 |168 -0.79483 -3.27495e+00
169 -0.80363 -3.38148e+00 |170 -0.73878 -1.98138e+00 |171 -0.76243 -2.88119e+00
172 -0.69429 -7.25387e-01 |173 -0.62778 -1.02964e+00 |174 -0.48603  1.72758e+00
175 -0.49857  6.25936e-02 |176 -0.62870 -1.33172e+00 |177 -0.57675 -1.85137e+00
178 -0.54732 -1.74853e+00 |179 -0.51040 -3.58467e-01 |180 -0.52352 -1.58835e-01
181 -0.50859 -3.97285e-01 |182 -0.45783 -1.58806e-01 |183 -0.42456 -1.59784e-01
184 -0.48005 -6.37003e-01 |185 -0.40795  5.94657e-03 |186 -0.35987  4.13561e-01
187 -0.45912 -1.80574e+00 |188 -0.52623  1.20472e+00 |189 -0.42289 -1.94982e+00
190 -0.28841  5.83200e-01 |191 -0.22287  4.24201e-01 |192 -0.30708  1.56584e+00
193 -0.63964 -4.41570e-01 |194 -0.64384 -7.71333e-01 |195 -0.83232 -7.10847e-01
196 -0.67546 -2.32631e+00 |197 -0.62962 -1.47176e+00 |198 -0.68373 -2.57663e+00
199 -0.63649 -2.23920e+00 |200  0.01701 -1.92978e+01 |201  0.01068 -3.29355e+02
202  0.05223 -3.74660e+01 |203  0.03180  1.21682e+01 |204  0.01878  6.79268e-05
205  0.33971 -1.18146e+01 |206 -0.01850 -8.74635e-05 |207  0.26176  3.37911e+01
208 -0.00252 -5.68112e-05 |209  0.34142 -7.82086e+01 |210  0.33043  2.23721e+01
211 -0.31173 -1.10874e-03 |212  0.33215 -5.75031e+01 |213 -0.11557 -1.20495e+00
214 -0.00313 -4.38594e+00 |215  0.14677  1.81688e-02 |216 -0.30463 -1.39153e-03
217  0.35859  5.63640e-03 |218 -0.01068 -1.55329e-01 |219  0.07468 -7.16431e-02
220 -0.07923 -5.92198e-02 |221  0.22370 -3.17686e+01 |222 -0.33240 -1.48573e-03
223  0.30736  5.99096e+01 |224 -0.04031 -8.56602e+00 |225 -0.03569 -1.77021e+01
226  0.43241  2.30671e+01 |227  0.42280 -3.52920e+00 |228  0.36919  6.10964e+00
229  0.23574  5.90922e-05 |230  0.00289  3.80497e-06 |231  0.00989  3.33198e-04
232  0.00476 -1.73695e-05 |233  0.40369 -8.56553e+01 |234  0.41347  1.18382e+01
235  0.40806 -2.22582e+01 |236  0.42355 -1.92556e+01 |237  0.01350 -1.50220e-05
238  0.02029 -8.72661e-06 |239  0.10022  1.97154e-03 |240  0.03369  1.83213e-04
241  0.37268 -3.75370e+00 |242  0.27896 -1.78159e+00 |243  0.35074  4.47291e+01
244  0.38499  1.29314e+01 |245  0.20682 -2.72889e-04 |246 -0.00451  2.81751e-06
247 -0.00488  1.86606e-05 |248  0.01320 -3.50683e-05 |249  0.36471  1.61240e+01
250  0.34948  3.95915e+00 |251  0.35870 -1.15203e+02 |252  0.36999 -2.93482e+01
253  0.39030  2.46477e+00 |254  0.90824  2.16079e-02 |255  0.35734 -4.59829e+00
256  0.21992  9.14161e-01 |257  0.09213  1.75582e+00 |258  0.03552  7.15750e-04
259  0.05380 -4.25391e-04 |260  0.41630 -2.24672e+00 |261  0.35589 -2.47758e+00
262 -0.10081  9.15677e-04 |263 -0.10293 -3.30256e-04 |264  0.10741 -5.23723e-01
265  0.16268 -1.87022e+00 |266 -0.03096  3.36659e+00 |267 -0.01859  2.72483e+00
268  0.00112  3.97818e+00 |269  0.03614  1.06317e+00 |270 -0.02435  2.79644e+00
271 -0.01841 -1.70370e-01 |272  0.00517  5.92008e+00 |273 -0.02521  1.79564e+00
274  0.04823  4.84744e+00 |275 -0.00910  3.42317e+00 |276 -0.00124  5.28264e-01
277  0.00251  6.29981e-01 |278  0.03493  1.15639e-01 |279 -0.01988 -1.15423e+00
280  0.00085 -1.30676e+00 |281 -0.00085 -2.22847e+00 |282  0.00783 -4.62729e-02
283 -0.02549 -9.51558e-01 |284  0.00241  4.82750e-01 |285 -0.01353 -2.87084e+00
286 -0.05395 -2.34429e-01 |287  0.02609 -3.22029e+00 |288  0.03611 -2.10093e+00
289  0.00218 -2.46418e-01 |290 -0.01013 -2.09728e-01 |291  0.04837  1.40759e-01
292 -0.00000  5.84695e-07 |293 -0.00000  5.95762e-07 |294  0.00000  3.72622e-07
295  0.00000  7.49350e-08 |296 -0.00000  5.84008e-07 |297  0.00000  1.38231e-07
298  0.00000  2.02990e-07 |299  0.00000  4.51167e-07 |300 -0.00000  2.48954e-07
301  0.00000  7.05952e-07 |302 -0.00000  8.75317e-08 |303  0.00000  2.00262e-07
304 -0.00000  1.12029e-07 |305 -0.02868  4.72229e-01 |306 -0.03085  6.41190e+00
307  0.00034 -1.13954e+00 |308 -0.03423 -2.41744e+00 |309 -0.04508  3.85713e+00
310 -0.04038  7.80033e+00 |311  0.00282 -4.76503e+00 |312  0.09350  2.72511e+01
313  0.08501  5.77347e+01 |314 -0.00084  5.47072e+00 |315 -0.01217  1.02964e+01
316 -0.00126  2.30876e+00 |317 -0.01160  4.88753e-01 |318 -0.01818 -3.95129e+00
319  0.01456  1.95543e+00 |320 -0.02783  1.98382e+00 |321 -0.02858 -1.91740e+00
322 -0.04553 -2.80401e+00 |323  0.00559  5.18982e+00 |324  0.06351 -2.65428e+01
325  0.05674 -5.80064e+01 |326  0.00022 -2.22279e+00 |327 -0.00849 -3.97683e+00
328  0.00033 -8.95076e-01 |
Maximum number of function evaluations exceeded

 - final statistics:
328 variables; iteration 99; function evaluation 100
Function value 2.0632e+03; maximum gradient component mag -5.6995e+02
Exit code = 3;  converg criter 1.0000e+00
Var    Value     Gradient |Var    Value     Gradient |Var    Value     Gradient
  1 -0.33313  4.22702e+02 |  2 -1.01560 -6.78855e-01 |  3 -0.01143 -1.64506e+02
  4 -0.42060 -5.68057e+02 |  5 -0.20058  5.94414e+01 |  6 -0.28597 -5.69946e+02
  7 -0.07142 -1.42800e+02 |  8 -0.06682 -3.18206e+00 |  9 -0.04139 -2.05024e+00
 10 -0.03853 -2.89533e+00 | 11 -0.02370 -4.29693e+00 | 12  0.00046 -6.48756e+00
 13  0.02267 -1.00958e+01 | 14  0.11993 -2.10149e+01 | 15  0.02136 -9.74224e+00
 16 -0.02218 -5.62286e+00 | 17  0.02828 -6.17907e+00 | 18  0.09996 -2.74012e+01
 19 -0.03517 -9.90207e+00 | 20 -0.03698 -1.04583e+01 | 21  0.03493 -1.80523e+01
 22  0.04572 -1.68186e+01 | 23  0.08804 -2.19119e+01 | 24  0.03580 -1.16271e+01
 25  0.07615 -8.67535e+00 | 26  0.08141 -6.29501e+00 | 27  0.03373 -7.37028e+00
 28  0.04439 -1.21261e+01 | 29  0.04371 -1.34215e+01 | 30  0.05084 -1.22143e+01
 31  0.06455 -1.17015e+01 | 32  0.02894 -6.95068e+00 | 33 -0.00620 -6.16314e+00
 34 -0.02583 -8.65489e+00 | 35 -0.00693 -1.13030e+01 | 36  0.02488 -1.11072e+01
 37 -0.01247 -8.61698e+00 | 38 -0.02788 -8.86018e+00 | 39 -0.03411 -9.46566e+00
 40  0.01266 -1.35901e+01 | 41  0.01062 -1.06729e+01 | 42 -0.05060 -4.97750e+00
 43 -0.06619 -3.82322e+00 | 44 -0.04836 -5.86563e+00 | 45 -0.04852 -7.83364e+00
 46  0.02670 -1.34452e+01 | 47  0.06418 -1.82103e+01 | 48  0.02630 -1.40431e+01
 49  0.07128 -2.30037e+01 | 50  0.00006 -1.37694e+01 | 51  0.01695 -1.75173e+01
 52  0.07059 -2.68321e+01 | 53  0.11569 -3.61157e+01 | 54  0.05155 -2.26907e+01
 55 -0.08755 -8.55778e+00 | 56 -0.06012 -1.33710e+01 | 57 -0.06667 -1.24472e+01
 58 -0.05567 -1.66985e+01 | 59 -0.09923 -6.52433e+00 | 60 -0.12015 -2.78271e+00
 61 -0.11275 -3.02923e+00 | 62 -0.09438 -2.05695e+00 | 63 -0.09936 -2.84690e-01
 64 -0.02288 -1.61061e-01 | 65  0.00000  0.00000e+00 | 66 -0.93599 -4.84233e+01
 67 -0.85641 -2.16269e+01 | 68 -0.83890 -1.35244e+01 | 69 -0.72895 -2.27397e+00
 70 -0.79004 -6.79803e+00 | 71 -0.83830 -3.79171e+00 | 72 -0.80189 -8.22161e+00
 73 -0.82683 -6.70910e+00 | 74 -0.86837 -7.16807e+00 | 75 -0.87618 -2.09356e+01
 76 -0.77687 -1.27185e+00 | 77 -0.75976 -2.39042e+00 | 78 -0.72016 -1.85215e+00
 79 -0.59064 -1.74825e+00 | 80 -0.57808 -1.07059e+00 | 81 -0.57050 -1.05478e+00
 82 -0.63552 -2.04120e+00 | 83 -0.67055 -1.80778e+00 | 84 -0.61410 -1.52813e+00
 85 -0.57282 -1.88713e+00 | 86 -0.52261 -7.25509e-01 | 87 -0.51453 -2.71904e-01
 88 -0.50151 -1.43598e+00 | 89 -0.56639 -8.88611e-01 | 90 -0.56313 -9.95041e-01
 91 -0.60010 -1.74665e+00 | 92 -0.61011 -2.33984e+00 | 93 -0.63091 -2.05448e+00
 94 -0.60282  1.32969e+00 | 95 -0.61435  1.00976e+00 | 96 -0.65166 -6.22899e-01
 97 -0.57657 -9.45697e-01 | 98 -0.66923 -6.87024e-01 | 99 -0.61773  1.74131e-02
100 -0.68797 -8.51471e-01 |101 -0.66731 -6.73257e-01 |102 -0.66187 -6.21575e-01
103 -0.59652 -2.92159e-01 |104 -0.57671 -3.86551e-01 |105 -0.60348 -9.59169e-01
106 -0.55078 -6.80149e-01 |107 -0.75626 -7.46223e-01 |108 -0.73697 -3.79572e+00
109 -0.78144 -1.20215e+00 |110 -0.72850 -5.15691e+00 |111 -0.68820 -2.26278e+00
112 -0.72167 -3.03200e+00 |113 -0.71765 -1.58048e+00 |114 -0.88269 -9.69636e+00
115 -0.74994 -6.13426e+00 |116 -0.71212 -4.31879e+00 |117 -0.54964 -1.46903e+00
118 -0.63594 -3.43593e+00 |119 -0.68448 -3.09056e+00 |120 -0.65485 -3.33039e+00
121 -0.73629 -1.99254e-01 |122 -0.73615 -9.49577e+00 |123 -0.67510 -1.47215e+01
124 -0.83625 -1.01766e+01 |125 -0.88765 -3.20544e+01 |126 -0.88777 -6.99143e+00
127 -0.85343  1.97721e+00 |128 -0.84686  4.52201e+00 |129 -0.77019 -3.82316e+00
130 -0.82252 -3.88331e-01 |131 -0.84618 -1.15457e+01 |132 -0.80341 -4.98511e+00
133 -0.80125  1.89032e+00 |134 -0.76279  1.62337e+00 |135 -0.74930  1.52831e-01
136 -0.69769 -2.38687e-01 |137 -0.68647  3.03233e-01 |138 -0.69146  4.12901e-02
139 -0.62883  2.93044e-01 |140 -0.67127 -5.64670e-01 |141 -0.67131 -2.38552e-01
142 -0.75829 -4.55854e-01 |143 -0.71346  3.78150e-01 |144 -0.65696 -2.94811e+00
145 -0.61447 -2.44727e+00 |146 -0.58320 -3.00166e+00 |147 -0.57383 -2.09586e+00
148 -0.58895 -2.94033e+00 |149 -0.63018 -2.94968e+00 |150 -0.69058 -4.87314e+00
151 -0.62528 -3.00248e+00 |152 -0.58996 -3.84545e+00 |153 -0.62777 -4.33065e+00
154 -0.61860 -7.06866e-01 |155 -0.75989 -2.05223e+00 |156 -0.76141 -5.82744e+00
157 -0.84691 -2.27890e+00 |158 -0.73377 -6.30173e+00 |159 -0.70564 -1.97222e+00
160 -0.69640 -3.65765e+00 |161 -0.69848 -4.23088e+00 |162 -0.95064  1.63685e+01
163 -0.92946 -7.41413e+01 |164 -0.96444  7.58966e+01 |165 -0.86055  1.21047e+01
166 -0.80151 -2.47707e+00 |167 -0.79454 -3.74266e+00 |168 -0.79454 -2.32166e+00
169 -0.80338 -3.04148e+00 |170 -0.73848 -2.02346e+00 |171 -0.76219 -3.34489e+00
172 -0.69392 -2.41122e-01 |173 -0.62728 -2.56834e-01 |174 -0.48547  1.50363e+00
175 -0.49796  1.34364e-01 |176 -0.62828 -1.46111e+00 |177 -0.57610 -1.02668e+00
178 -0.54666 -1.41316e+00 |179 -0.50957  3.26730e-01 |180 -0.52281 -3.58157e-02
181 -0.50794 -5.14429e-01 |182 -0.45705 -9.22952e-02 |183 -0.42355  1.42427e-01
184 -0.47913 -1.87053e-01 |185 -0.40703  4.18300e-02 |186 -0.35886  3.17959e-01
187 -0.45816 -1.65325e+00 |188 -0.52529  1.77051e+00 |189 -0.42175 -1.43792e+00
190 -0.28739  5.59160e-01 |191 -0.22193  4.80575e-01 |192 -0.30680  1.36429e+00
193 -0.63947 -7.77317e-01 |194 -0.64368 -9.57728e-01 |195 -0.83228 -9.58873e-01
196 -0.67537 -1.81372e+00 |197 -0.62957 -1.34982e+00 |198 -0.68375 -2.81264e+00
199 -0.63657 -2.60713e+00 |200  0.01714 -1.72142e+01 |201  0.01080 -3.34873e+02
202  0.05165 -3.92197e+01 |203  0.03144  1.00265e+01 |204  0.01877  5.60832e-05
205  0.33961 -9.83601e+00 |206 -0.01850 -8.76704e-05 |207  0.25888  3.11424e+01
208 -0.00252 -5.57249e-05 |209  0.34096 -7.25148e+01 |210  0.33050  2.06033e+01
211 -0.31169 -1.01407e-03 |212  0.33219 -5.23816e+01 |213 -0.11565 -7.66548e-01
214 -0.00326 -3.00184e+00 |215  0.14574  7.96384e-02 |216 -0.30458 -1.37703e-03
217  0.35808 -2.09294e-01 |218 -0.00754  3.71371e-04 |219  0.07531  1.51232e-01
220 -0.08024 -1.12961e-01 |221  0.22353 -2.92058e+01 |222 -0.33237 -1.42840e-03
223  0.30728  5.55582e+01 |224 -0.03886 -7.88271e+00 |225 -0.03610 -1.76005e+01
226  0.43203  2.16397e+01 |227  0.42422 -3.00838e+00 |228  0.36941  5.22510e+00
229  0.23573  7.17660e-05 |230  0.00289  4.13723e-06 |231  0.00987  3.33825e-04
232  0.00477 -1.62371e-05 |233  0.40366 -8.15501e+01 |234  0.41376  1.11983e+01
235  0.40813 -2.04742e+01 |236  0.42361 -1.80049e+01 |237  0.01350 -1.43344e-05
238  0.02029 -5.60501e-06 |239  0.10013  1.97405e-03 |240  0.03368  1.90556e-04
241  0.37253 -3.96806e+00 |242  0.27913 -1.51024e+00 |243  0.35087  4.27287e+01
244  0.38449  1.18000e+01 |245  0.20683 -2.60214e-04 |246 -0.00451  2.82786e-06
247 -0.00488  1.85688e-05 |248  0.01320 -3.51979e-05 |249  0.36469  1.62271e+01
250  0.34956  3.70489e+00 |251  0.35876 -1.09771e+02 |252  0.36989 -2.75009e+01
253  0.38993  2.14874e+00 |254  0.90734  2.13937e-02 |255  0.35728 -3.52609e+00
256  0.22048  1.10525e+00 |257  0.09094  1.19336e+00 |258  0.03549  7.18304e-04
259  0.05382 -4.61951e-04 |260  0.41668 -2.30553e+00 |261  0.35518 -2.71686e+00
262 -0.10085  9.19741e-04 |263 -0.10291 -3.61327e-04 |264  0.10733 -6.52832e-01
265  0.16308 -2.66434e+00 |266 -0.03097  2.88784e+00 |267 -0.01847  2.60373e+00
268  0.00087  3.54575e+00 |269  0.03610  4.53717e-01 |270 -0.02430  2.24421e+00
271 -0.01844 -5.78404e-01 |272  0.00517  5.19274e+00 |273 -0.02529  1.17831e+00
274  0.04809  3.57455e+00 |275 -0.00940  3.20390e+00 |276 -0.00120  3.47449e-01
277  0.00267  4.75910e-01 |278  0.03493  3.05992e-01 |279 -0.01997 -1.06390e+00
280  0.00102 -1.16301e+00 |281 -0.00083 -2.01644e+00 |282  0.00777  8.26581e-02
283 -0.02546 -7.52562e-01 |284  0.00244  6.98646e-01 |285 -0.01349 -2.57281e+00
286 -0.05406 -1.35423e-01 |287  0.02613 -2.38257e+00 |288  0.03591 -2.05595e+00
289  0.00218 -1.75286e-01 |290 -0.00996 -1.82011e-02 |291  0.04840 -3.80097e-02
292 -0.00000  1.63985e-06 |293 -0.00000  5.54476e-07 |294 -0.00000  2.71546e-07
295  0.00000  1.89090e-07 |296 -0.00000  3.20184e-07 |297  0.00000  1.12874e-07
298  0.00000  4.67103e-07 |299  0.00000  1.53774e-07 |300 -0.00000  6.58536e-08
301  0.00000  6.90149e-07 |302 -0.00000 -9.51505e-08 |303  0.00000  3.53024e-08
304 -0.00000  1.11560e-07 |305 -0.02788  9.88494e-02 |306 -0.03055  2.98055e+00
307  0.00066 -1.28333e+00 |308 -0.03356  1.02556e+00 |309 -0.04433  4.10850e+00
310 -0.03964  8.07726e+00 |311  0.00331 -4.43473e+00 |312  0.09390  2.41978e+01
313  0.08519  5.39126e+01 |314 -0.00046  5.13913e+00 |315 -0.01141  1.01692e+01
316 -0.00099  2.12107e+00 |317 -0.01113  7.72886e-01 |318 -0.01824 -1.61802e+00
319  0.01454  1.65091e+00 |320 -0.02771  3.21947e-01 |321 -0.02824 -1.92833e+00
322 -0.04515 -2.72161e+00 |323  0.00578  4.91569e+00 |324  0.06383 -2.39388e+01
325  0.05690 -5.46255e+01 |326  0.00009 -2.07233e+00 |327 -0.00824 -3.80965e+00
328  0.00033 -7.92250e-01 |

Initial statistics: 328 variables; iteration 0; function evaluation 0; phase 8
Function value 2.0631972e+03; maximum gradient component mag -5.6995e+02
Var    Value     Gradient |Var    Value     Gradient |Var    Value     Gradient
  1 -0.33313  4.22702e+02 |  2 -0.98440  6.78855e-01 |  3 -0.01143 -1.64506e+02
  4 -0.42060 -5.68057e+02 |  5 -0.20058  5.94414e+01 |  6 -0.28597 -5.69946e+02
  7 -0.07142 -1.42800e+02 |  8 -0.06682 -3.18206e+00 |  9 -0.04139 -2.05024e+00
 10 -0.03853 -2.89533e+00 | 11 -0.02370 -4.29693e+00 | 12  0.00046 -6.48756e+00
 13  0.02267 -1.00958e+01 | 14  0.11993 -2.10149e+01 | 15  0.02136 -9.74224e+00
 16 -0.02218 -5.62286e+00 | 17  0.02828 -6.17907e+00 | 18  0.09996 -2.74012e+01
 19 -0.03517 -9.90207e+00 | 20 -0.03698 -1.04583e+01 | 21  0.03493 -1.80523e+01
 22  0.04572 -1.68186e+01 | 23  0.08804 -2.19119e+01 | 24  0.03580 -1.16271e+01
 25  0.07615 -8.67535e+00 | 26  0.08141 -6.29501e+00 | 27  0.03373 -7.37028e+00
 28  0.04439 -1.21261e+01 | 29  0.04371 -1.34215e+01 | 30  0.05084 -1.22143e+01
 31  0.06455 -1.17015e+01 | 32  0.02894 -6.95068e+00 | 33 -0.00620 -6.16314e+00
 34 -0.02583 -8.65489e+00 | 35 -0.00693 -1.13030e+01 | 36  0.02488 -1.11072e+01
 37 -0.01247 -8.61698e+00 | 38 -0.02788 -8.86018e+00 | 39 -0.03411 -9.46566e+00
 40  0.01266 -1.35901e+01 | 41  0.01062 -1.06729e+01 | 42 -0.05060 -4.97750e+00
 43 -0.06619 -3.82322e+00 | 44 -0.04836 -5.86563e+00 | 45 -0.04852 -7.83364e+00
 46  0.02670 -1.34452e+01 | 47  0.06418 -1.82103e+01 | 48  0.02630 -1.40431e+01
 49  0.07128 -2.30037e+01 | 50  0.00006 -1.37694e+01 | 51  0.01695 -1.75173e+01
 52  0.07059 -2.68321e+01 | 53  0.11569 -3.61157e+01 | 54  0.05155 -2.26907e+01
 55 -0.08755 -8.55778e+00 | 56 -0.06012 -1.33710e+01 | 57 -0.06667 -1.24472e+01
 58 -0.05567 -1.66985e+01 | 59 -0.09923 -6.52433e+00 | 60 -0.12015 -2.78271e+00
 61 -0.11275 -3.02923e+00 | 62 -0.09438 -2.05695e+00 | 63 -0.09936 -2.84690e-01
 64 -0.02288 -1.61061e-01 | 65  0.00000  0.00000e+00 | 66 -0.93599 -4.84233e+01
 67 -0.85641 -2.16269e+01 | 68 -0.83890 -1.35244e+01 | 69 -0.72895 -2.27397e+00
 70 -0.79004 -6.79803e+00 | 71 -0.83830 -3.79171e+00 | 72 -0.80189 -8.22161e+00
 73 -0.82683 -6.70910e+00 | 74 -0.86837 -7.16807e+00 | 75 -0.87618 -2.09356e+01
 76 -0.77687 -1.27185e+00 | 77 -0.75976 -2.39042e+00 | 78 -0.72016 -1.85215e+00
 79 -0.59064 -1.74825e+00 | 80 -0.57808 -1.07059e+00 | 81 -0.57050 -1.05478e+00
 82 -0.63552 -2.04120e+00 | 83 -0.67055 -1.80778e+00 | 84 -0.61410 -1.52813e+00
 85 -0.57282 -1.88713e+00 | 86 -0.52261 -7.25509e-01 | 87 -0.51453 -2.71904e-01
 88 -0.50151 -1.43598e+00 | 89 -0.56639 -8.88611e-01 | 90 -0.56313 -9.95041e-01
 91 -0.60010 -1.74665e+00 | 92 -0.61011 -2.33984e+00 | 93 -0.63091 -2.05448e+00
 94 -0.60282  1.32969e+00 | 95 -0.61435  1.00976e+00 | 96 -0.65166 -6.22899e-01
 97 -0.57657 -9.45697e-01 | 98 -0.66923 -6.87024e-01 | 99 -0.61773  1.74131e-02
100 -0.68797 -8.51471e-01 |101 -0.66731 -6.73257e-01 |102 -0.66187 -6.21575e-01
103 -0.59652 -2.92159e-01 |104 -0.57671 -3.86551e-01 |105 -0.60348 -9.59169e-01
106 -0.55078 -6.80149e-01 |107 -0.75626 -7.46223e-01 |108 -0.73697 -3.79572e+00
109 -0.78144 -1.20215e+00 |110 -0.72850 -5.15691e+00 |111 -0.68820 -2.26278e+00
112 -0.72167 -3.03200e+00 |113 -0.71765 -1.58048e+00 |114 -0.88269 -9.69636e+00
115 -0.74994 -6.13426e+00 |116 -0.71212 -4.31879e+00 |117 -0.54964 -1.46903e+00
118 -0.63594 -3.43593e+00 |119 -0.68448 -3.09056e+00 |120 -0.65485 -3.33039e+00
121 -0.73629 -1.99254e-01 |122 -0.73615 -9.49577e+00 |123 -0.67510 -1.47215e+01
124 -0.83625 -1.01766e+01 |125 -0.88765 -3.20544e+01 |126 -0.88777 -6.99143e+00
127 -0.85343  1.97721e+00 |128 -0.84686  4.52201e+00 |129 -0.77019 -3.82316e+00
130 -0.82252 -3.88331e-01 |131 -0.84618 -1.15457e+01 |132 -0.80341 -4.98511e+00
133 -0.80125  1.89032e+00 |134 -0.76279  1.62337e+00 |135 -0.74930  1.52831e-01
136 -0.69769 -2.38687e-01 |137 -0.68647  3.03233e-01 |138 -0.69146  4.12901e-02
139 -0.62883  2.93044e-01 |140 -0.67127 -5.64670e-01 |141 -0.67131 -2.38552e-01
142 -0.75829 -4.55854e-01 |143 -0.71346  3.78150e-01 |144 -0.65696 -2.94811e+00
145 -0.61447 -2.44727e+00 |146 -0.58320 -3.00166e+00 |147 -0.57383 -2.09586e+00
148 -0.58895 -2.94033e+00 |149 -0.63018 -2.94968e+00 |150 -0.69058 -4.87314e+00
151 -0.62528 -3.00248e+00 |152 -0.58996 -3.84545e+00 |153 -0.62777 -4.33065e+00
154 -0.61860 -7.06866e-01 |155 -0.75989 -2.05223e+00 |156 -0.76141 -5.82744e+00
157 -0.84691 -2.27890e+00 |158 -0.73377 -6.30173e+00 |159 -0.70564 -1.97222e+00
160 -0.69640 -3.65765e+00 |161 -0.69848 -4.23088e+00 |162 -0.95064  1.63685e+01
163 -0.92946 -7.41413e+01 |164 -0.96444  7.58966e+01 |165 -0.86055  1.21047e+01
166 -0.80151 -2.47707e+00 |167 -0.79454 -3.74266e+00 |168 -0.79454 -2.32166e+00
169 -0.80338 -3.04148e+00 |170 -0.73848 -2.02346e+00 |171 -0.76219 -3.34489e+00
172 -0.69392 -2.41122e-01 |173 -0.62728 -2.56834e-01 |174 -0.48547  1.50363e+00
175 -0.49796  1.34364e-01 |176 -0.62828 -1.46111e+00 |177 -0.57610 -1.02668e+00
178 -0.54666 -1.41316e+00 |179 -0.50957  3.26730e-01 |180 -0.52281 -3.58157e-02
181 -0.50794 -5.14429e-01 |182 -0.45705 -9.22952e-02 |183 -0.42355  1.42427e-01
184 -0.47913 -1.87053e-01 |185 -0.40703  4.18300e-02 |186 -0.35886  3.17959e-01
187 -0.45816 -1.65325e+00 |188 -0.52529  1.77051e+00 |189 -0.42175 -1.43792e+00
190 -0.28739  5.59160e-01 |191 -0.22193  4.80575e-01 |192 -0.30680  1.36429e+00
193 -0.63947 -7.77317e-01 |194 -0.64368 -9.57728e-01 |195 -0.83228 -9.58873e-01
196 -0.67537 -1.81372e+00 |197 -0.62957 -1.34982e+00 |198 -0.68375 -2.81264e+00
199 -0.63657 -2.60713e+00 |200  0.01714 -1.72142e+01 |201  0.01080 -3.34873e+02
202  0.05165 -3.92197e+01 |203  0.03144  1.00265e+01 |204  0.01877  5.60832e-05
205  0.33961 -9.83601e+00 |206 -0.01850 -8.76704e-05 |207  0.25888  3.11424e+01
208 -0.00252 -5.57249e-05 |209  0.34096 -7.25148e+01 |210  0.33050  2.06033e+01
211 -0.31169 -1.01407e-03 |212  0.33219 -5.23816e+01 |213 -0.11565 -7.66548e-01
214 -0.00326 -3.00184e+00 |215  0.14574  7.96384e-02 |216 -0.30458 -1.37703e-03
217  0.35808 -2.09294e-01 |218 -0.00754  3.71371e-04 |219  0.07531  1.51232e-01
220 -0.08024 -1.12961e-01 |221  0.22353 -2.92058e+01 |222 -0.33237 -1.42840e-03
223  0.30728  5.55582e+01 |224 -0.03886 -7.88271e+00 |225 -0.03610 -1.76005e+01
226  0.43203  2.16397e+01 |227  0.42422 -3.00838e+00 |228  0.36941  5.22510e+00
229  0.23573  7.17660e-05 |230  0.00289  4.13723e-06 |231  0.00987  3.33825e-04
232  0.00477 -1.62371e-05 |233  0.40366 -8.15501e+01 |234  0.41376  1.11983e+01
235  0.40813 -2.04742e+01 |236  0.42361 -1.80049e+01 |237  0.01350 -1.43344e-05
238  0.02029 -5.60501e-06 |239  0.10013  1.97405e-03 |240  0.03368  1.90556e-04
241  0.37253 -3.96806e+00 |242  0.27913 -1.51024e+00 |243  0.35087  4.27287e+01
244  0.38449  1.18000e+01 |245  0.20683 -2.60214e-04 |246 -0.00451  2.82786e-06
247 -0.00488  1.85688e-05 |248  0.01320 -3.51979e-05 |249  0.36469  1.62271e+01
250  0.34956  3.70489e+00 |251  0.35876 -1.09771e+02 |252  0.36989 -2.75009e+01
253  0.38993  2.14874e+00 |254  0.90734  2.13937e-02 |255  0.35728 -3.52609e+00
256  0.22048  1.10525e+00 |257  0.09094  1.19336e+00 |258  0.03549  7.18304e-04
259  0.05382 -4.61951e-04 |260  0.41668 -2.30553e+00 |261  0.35518 -2.71686e+00
262 -0.10085  9.19741e-04 |263 -0.10291 -3.61327e-04 |264  0.10733 -6.52832e-01
265  0.16308 -2.66434e+00 |266 -0.03097  2.88784e+00 |267 -0.01847  2.60373e+00
268  0.00087  3.54575e+00 |269  0.03610  4.53717e-01 |270 -0.02430  2.24421e+00
271 -0.01844 -5.78404e-01 |272  0.00517  5.19274e+00 |273 -0.02529  1.17831e+00
274  0.04809  3.57455e+00 |275 -0.00940  3.20390e+00 |276 -0.00120  3.47449e-01
277  0.00267  4.75910e-01 |278  0.03493  3.05992e-01 |279 -0.01997 -1.06390e+00
280  0.00102 -1.16301e+00 |281 -0.00083 -2.01644e+00 |282  0.00777  8.26581e-02
283 -0.02546 -7.52562e-01 |284  0.00244  6.98646e-01 |285 -0.01349 -2.57281e+00
286 -0.05406 -1.35423e-01 |287  0.02613 -2.38257e+00 |288  0.03591 -2.05595e+00
289  0.00218 -1.75286e-01 |290 -0.00996 -1.82011e-02 |291  0.04840 -3.80097e-02
292 -0.00000  1.63985e-06 |293 -0.00000  5.54476e-07 |294 -0.00000  2.71546e-07
295  0.00000  1.89090e-07 |296 -0.00000  3.20184e-07 |297  0.00000  1.12874e-07
298  0.00000  4.67103e-07 |299  0.00000  1.53774e-07 |300 -0.00000  6.58536e-08
301  0.00000  6.90149e-07 |302 -0.00000 -9.51505e-08 |303  0.00000  3.53024e-08
304 -0.00000  1.11560e-07 |305 -0.02788  9.88494e-02 |306 -0.03055  2.98055e+00
307  0.00066 -1.28333e+00 |308 -0.03356  1.02556e+00 |309 -0.04433  4.10850e+00
310 -0.03964  8.07726e+00 |311  0.00331 -4.43473e+00 |312  0.09390  2.41978e+01
313  0.08519  5.39126e+01 |314 -0.00046  5.13913e+00 |315 -0.01141  1.01692e+01
316 -0.00099  2.12107e+00 |317 -0.01113  7.72886e-01 |318 -0.01824 -1.61802e+00
319  0.01454  1.65091e+00 |320 -0.02771  3.21947e-01 |321 -0.02824 -1.92833e+00
322 -0.04515 -2.72161e+00 |323  0.00578  4.91569e+00 |324  0.06383 -2.39388e+01
325  0.05690 -5.46255e+01 |326  0.00009 -2.07233e+00 |327 -0.00824 -3.80965e+00
328  0.00033 -7.92250e-01 |

Intermediate statistics: 328 variables; iteration 20; function evaluation 22; phase 8
Function value 2.0630569e+03; maximum gradient component mag -5.0057e+02
Var    Value     Gradient |Var    Value     Gradient |Var    Value     Gradient
  1 -0.33359  3.84471e+02 |  2 -0.98600  8.99101e-01 |  3 -0.01146 -3.86966e+02
  4 -0.42057 -4.95558e+02 |  5 -0.20060  4.66959e+01 |  6 -0.28642 -5.00569e+02
  7 -0.07146 -8.16705e+01 |  8 -0.06691 -1.60739e+00 |  9 -0.04140 -1.04397e+00
 10 -0.03851 -1.54898e+00 | 11 -0.02368 -2.33903e+00 | 12  0.00038 -3.46166e+00
 13  0.02300 -5.76124e+00 | 14  0.11955 -1.14170e+01 | 15  0.02154 -5.61647e+00
 16 -0.02204 -3.64560e+00 | 17  0.02823 -4.54248e+00 | 18  0.09972 -1.90565e+01
 19 -0.03517 -6.06710e+00 | 20 -0.03696 -5.42877e+00 | 21  0.03509 -9.17642e+00
 22  0.04578 -8.84829e+00 | 23  0.08803 -1.11470e+01 | 24  0.03574 -7.13021e+00
 25  0.07581 -1.03371e+01 | 26  0.08097 -1.35588e+01 | 27  0.03358 -1.11696e+01
 28  0.04427 -1.29723e+01 | 29  0.04363 -1.35799e+01 | 30  0.05054 -1.38002e+01
 31  0.06458 -1.40595e+01 | 32  0.02874 -1.06666e+01 | 33 -0.00640 -9.08315e+00
 34 -0.02564 -8.87602e+00 | 35 -0.00679 -1.16678e+01 | 36  0.02468 -1.53037e+01
 37 -0.01256 -1.13243e+01 | 38 -0.02790 -1.04497e+01 | 39 -0.03419 -1.11798e+01
 40  0.01265 -1.64800e+01 | 41  0.01058 -1.46637e+01 | 42 -0.05059 -8.15212e+00
 43 -0.06633 -7.60183e+00 | 44 -0.04838 -8.66185e+00 | 45 -0.04844 -8.82122e+00
 46  0.02663 -1.55799e+01 | 47  0.06417 -1.82668e+01 | 48  0.02629 -1.21091e+01
 49  0.07145 -1.67477e+01 | 50  0.00018 -9.60793e+00 | 51  0.01716 -1.20058e+01
 52  0.07079 -1.91466e+01 | 53  0.11593 -2.68443e+01 | 54  0.05155 -1.89342e+01
 55 -0.08734 -6.62536e+00 | 56 -0.05985 -1.08457e+01 | 57 -0.06702 -1.20565e+01
 58 -0.05549 -1.27132e+01 | 59 -0.09952 -6.95057e+00 | 60 -0.12049 -3.54997e+00
 61 -0.11246 -5.76242e-01 | 62 -0.09405 -1.87255e-01 | 63 -0.09940  2.55398e-02
 64 -0.02282 -1.00548e-01 | 65  0.00000  0.00000e+00 | 66 -0.93585 -2.00539e+01
 67 -0.85604 -4.86071e+00 | 68 -0.83864 -6.43480e+00 | 69 -0.72877 -5.10569e+00
 70 -0.78971 -3.30968e+00 | 71 -0.83805 -3.86707e+00 | 72 -0.80153 -2.44360e+00
 73 -0.82664 -4.05023e+00 | 74 -0.86827 -5.45411e+00 | 75 -0.87595 -6.83695e+00
 76 -0.77677 -2.17153e+00 | 77 -0.75959 -2.18887e+00 | 78 -0.72000 -1.32614e+00
 79 -0.59040 -4.75443e-01 | 80 -0.57774 -2.65061e-01 | 81 -0.57012 -3.35893e-01
 82 -0.63517 -9.20080e-01 | 83 -0.67033 -1.38640e+00 | 84 -0.61384 -6.29331e-01
 85 -0.57236  2.53109e-01 | 86 -0.52233  1.45101e-01 | 87 -0.51448 -1.90041e-01
 88 -0.50124  1.42008e-01 | 89 -0.56640 -9.14424e-01 | 90 -0.56307 -7.75284e-01
 91 -0.59998 -9.87209e-01 | 92 -0.60997 -1.07437e+00 | 93 -0.63091 -1.60773e+00
 94 -0.60281 -1.05626e+00 | 95 -0.61431 -8.87071e-01 | 96 -0.65162 -1.11208e+00
 97 -0.57637 -1.89284e-01 | 98 -0.66921 -1.53989e+00 | 99 -0.61774 -1.15174e+00
100 -0.68791 -1.34927e+00 |101 -0.66724 -9.98934e-01 |102 -0.66186 -9.41212e-01
103 -0.59652 -5.91390e-01 |104 -0.57668 -7.00592e-01 |105 -0.60329 -4.04611e-01
106 -0.55037  8.90372e-02 |107 -0.75611 -9.34047e-01 |108 -0.73672 -2.14698e+00
109 -0.78133 -1.49705e+00 |110 -0.72824 -2.90559e+00 |111 -0.68805 -2.38248e+00
112 -0.72147 -2.62822e+00 |113 -0.71757 -2.89711e+00 |114 -0.88263 -1.02408e+01
115 -0.74953 -2.39385e+00 |116 -0.71183 -3.11217e+00 |117 -0.54935 -2.76285e+00
118 -0.63525 -1.90249e+00 |119 -0.68403 -2.18406e+00 |120 -0.65430 -1.30985e+00
121 -0.73628 -4.08859e+00 |122 -0.73600 -7.52022e+00 |123 -0.67484 -5.71002e+00
124 -0.83605 -3.77387e+00 |125 -0.88737 -1.01589e+01 |126 -0.88767 -7.57584e+00
127 -0.85344 -5.33753e+00 |128 -0.84689 -4.89841e+00 |129 -0.76996 -3.66110e+00
130 -0.82238 -2.22289e+00 |131 -0.84584 -1.13064e+00 |132 -0.80322 -4.63173e+00
133 -0.80115 -5.67487e-01 |134 -0.76268 -3.14274e-01 |135 -0.74921 -1.32510e+00
136 -0.69760 -8.47985e-01 |137 -0.68639 -6.88760e-01 |138 -0.69133 -5.82576e-01
139 -0.62869 -4.00479e-01 |140 -0.67108 -4.91841e-01 |141 -0.67122 -7.69952e-01
142 -0.75822 -2.13726e+00 |143 -0.71342 -1.30001e+00 |144 -0.65686 -1.85810e+00
145 -0.61447 -2.08140e+00 |146 -0.58314 -1.93380e+00 |147 -0.57391 -2.30684e+00
148 -0.58875 -1.46669e+00 |149 -0.63008 -1.94974e+00 |150 -0.69041 -1.90102e+00
151 -0.62525 -1.89947e+00 |152 -0.58982 -2.02284e+00 |153 -0.62766 -2.67981e+00
154 -0.61858 -1.14835e+00 |155 -0.75974 -9.14295e-01 |156 -0.76120 -3.18208e+00
157 -0.84694 -6.08496e+00 |158 -0.73354 -3.07044e+00 |159 -0.70562 -2.70482e+00
160 -0.69617 -2.04947e+00 |161 -0.69821 -2.10729e+00 |162 -0.95064  1.11039e+01
163 -0.92925 -2.48356e+01 |164 -0.96440  9.34880e+01 |165 -0.86074 -1.00943e+01
166 -0.80134 -4.06751e+00 |167 -0.79435 -4.59168e+00 |168 -0.79435 -3.23267e+00
169 -0.80321 -3.73418e+00 |170 -0.73825 -1.96087e+00 |171 -0.76197 -3.16927e+00
172 -0.69377 -1.58534e+00 |173 -0.62721 -1.45010e+00 |174 -0.48601 -1.48962e+00
175 -0.49794 -8.77705e-01 |176 -0.62797 -7.91762e-01 |177 -0.57582 -8.78745e-01
178 -0.54631 -7.02953e-01 |179 -0.50975 -1.38434e+00 |180 -0.52286 -9.52013e-01
181 -0.50780 -4.05147e-01 |182 -0.45703 -5.16045e-01 |183 -0.42366 -6.34460e-01
184 -0.47922 -1.10731e+00 |185 -0.40703 -6.59314e-01 |186 -0.35878 -3.66633e-01
187 -0.45746  1.95532e-01 |188 -0.52588 -1.90662e+00 |189 -0.42110  3.94553e-01
190 -0.28742 -6.90060e-03 |191 -0.22168  2.30498e-01 |192 -0.30671  8.63729e-01
193 -0.63925 -3.29465e-01 |194 -0.64349 -6.61013e-01 |195 -0.83229 -3.92870e+00
196 -0.67530 -2.07560e+00 |197 -0.62952 -1.82955e+00 |198 -0.68355 -1.97616e+00
199 -0.63631 -1.76664e+00 |200  0.01725 -1.10588e+01 |201  0.01101 -2.62962e+02
202  0.05192 -2.42300e+01 |203  0.03144  6.35607e+00 |204  0.01877  1.39522e-04
205  0.33966 -6.55618e+00 |206 -0.01850 -4.89668e-05 |207  0.25864  1.98934e+01
208 -0.00252 -5.18552e-05 |209  0.34077 -4.54343e+01 |210  0.33036  2.27678e+01
211 -0.31169 -1.23606e-03 |212  0.33216 -5.77420e+01 |213 -0.11540 -1.94019e+00
214 -0.00320 -6.61946e+00 |215  0.14573 -2.59826e-02 |216 -0.30458 -1.38028e-03
217  0.35810 -9.68064e-02 |218 -0.00758  3.60238e-03 |219  0.07526 -1.62531e-01
220 -0.08022 -3.49266e-02 |221  0.22375  1.11310e+01 |222 -0.33237 -1.15996e-03
223  0.30717 -1.13653e+01 |224 -0.03997 -5.38301e+00 |225 -0.03582 -1.20839e+01
226  0.43142  4.54817e+00 |227  0.42411  1.10716e+00 |228  0.36926  4.65624e+00
229  0.23573  8.46797e-05 |230  0.00289  3.60912e-06 |231  0.00987  3.33099e-04
232  0.00477 -1.55273e-05 |233  0.40367 -2.41787e+01 |234  0.41360 -1.65522e+00
235  0.40815 -1.51643e+01 |236  0.42369 -4.82136e+00 |237  0.01350 -1.36879e-05
238  0.02029 -9.37895e-06 |239  0.10013  1.97173e-03 |240  0.03368  1.95251e-04
241  0.37217  4.93581e-01 |242  0.27912  7.27712e-01 |243  0.35061  2.35841e+01
244  0.38420  5.06186e+00 |245  0.20683 -2.91043e-04 |246 -0.00451  2.53620e-06
247 -0.00488  1.91878e-05 |248  0.01320 -3.46173e-05 |249  0.36456  3.90944e+00
250  0.34949 -8.32327e-01 |251  0.35883 -6.07869e+01 |252  0.36995 -7.71183e+00
253  0.38952  1.19741e+00 |254  0.90732  2.13908e-02 |255  0.35721 -3.16305e-01
256  0.22038  5.49538e-01 |257  0.09115  9.17354e-01 |258  0.03549  7.17728e-04
259  0.05382 -4.52869e-04 |260  0.41675 -9.60386e-01 |261  0.35527 -1.34526e+00
262 -0.10085  9.19032e-04 |263 -0.10291 -3.52412e-04 |264  0.10741 -4.58235e-01
265  0.16342  1.28102e-01 |266 -0.03089  1.26876e+00 |267 -0.01852  4.86470e-01
268  0.00086  1.60979e+00 |269  0.03618  5.42383e+00 |270 -0.02444  5.46133e-01
271 -0.01822  1.28533e+00 |272  0.00513  3.58896e-01 |273 -0.02529  7.97465e-01
274  0.04816  3.31371e+00 |275 -0.00939  9.75328e-01 |276 -0.00123  3.75911e-01
277  0.00262  2.61550e-01 |278  0.03483 -6.01447e-01 |279 -0.01996 -5.04292e-01
280  0.00101 -1.54660e-01 |281 -0.00081 -9.24883e-01 |282  0.00775 -2.97819e+00
283 -0.02541 -9.86666e-02 |284  0.00226 -9.01102e-01 |285 -0.01347 -8.21556e-02
286 -0.05409 -1.89949e-01 |287  0.02618 -2.07484e+00 |288  0.03593 -6.48726e-01
289  0.00221 -1.13949e-01 |290 -0.00999  1.36856e-01 |291  0.04849  8.18489e-01
292 -0.00000  8.57513e-07 |293 -0.00000  9.78872e-08 |294 -0.00000  1.05520e-07
295  0.00000  3.17926e-07 |296 -0.00000  1.56984e-07 |297  0.00000  1.14911e-07
298  0.00000  2.07028e-07 |299  0.00000 -1.23234e-08 |300 -0.00000 -7.77724e-09
301  0.00000  2.46634e-07 |302 -0.00000  1.92799e-08 |303  0.00000  2.85608e-08
304 -0.00000  8.14185e-08 |305 -0.02789  7.59184e-01 |306 -0.03059  4.15460e+00
307  0.00068  5.37561e+00 |308 -0.03359  2.21816e+00 |309 -0.04445  1.76078e+00
310 -0.03979  3.56838e+00 |311  0.00316  6.25915e+00 |312  0.09390  1.81251e+01
313  0.08520  1.64056e+01 |314 -0.00048  1.68793e+00 |315 -0.01143  3.25696e+00
316 -0.00097  2.22990e+00 |317 -0.01127 -4.15130e-01 |318 -0.01825 -3.06290e+00
319  0.01462 -3.67768e+00 |320 -0.02790 -1.11172e+00 |321 -0.02832 -1.14757e+00
322 -0.04540 -2.02964e+00 |323  0.00549 -4.56353e+00 |324  0.06398 -1.82016e+01
325  0.05735 -1.49605e+01 |326  0.00009 -6.45815e-01 |327 -0.00831 -1.17664e+00
328  0.00030 -8.34045e-01 |
328 variables; iteration 40; function evaluation 42; phase 8
Function value 2.0629710e+03; maximum gradient component mag -4.0088e+02
Var    Value     Gradient |Var    Value     Gradient |Var    Value     Gradient
  1 -0.33679  3.04643e+02 |  2 -1.00765 -7.73285e-01 |  3 -0.01146 -3.43096e+02
  4 -0.42041 -3.32130e+02 |  5 -0.20270  3.60471e+01 |  6 -0.29009 -4.00881e+02
  7 -0.07289 -6.39246e+01 |  8 -0.06876 -1.33971e+00 |  9 -0.04208 -7.59384e-01
 10 -0.03910 -1.06183e+00 | 11 -0.02447 -1.60540e+00 | 12 -0.00149 -2.60852e+00
 13  0.02678 -3.31060e+00 | 14  0.11815 -9.75035e+00 | 15  0.02431 -4.42106e+00
 16 -0.02114 -2.98669e+00 | 17  0.02823 -4.15766e+00 | 18  0.09781 -1.74984e+01
 19 -0.03621 -5.49097e+00 | 20 -0.03906 -4.58366e+00 | 21  0.03278 -6.05178e+00
 22  0.04422 -5.20632e+00 | 23  0.08645 -7.04811e+00 | 24  0.03476 -4.19830e+00
 25  0.07537 -5.21684e+00 | 26  0.08070 -8.07121e+00 | 27  0.03330 -7.73586e+00
 28  0.04404 -9.69559e+00 | 29  0.04335 -1.10330e+01 | 30  0.05044 -1.15236e+01
 31  0.06442 -1.33250e+01 | 32  0.02878 -1.01769e+01 | 33 -0.00622 -8.64901e+00
 34 -0.02569 -9.01864e+00 | 35 -0.00653 -1.01930e+01 | 36  0.02497 -1.25654e+01
 37 -0.01220 -9.50812e+00 | 38 -0.02755 -8.38055e+00 | 39 -0.03382 -7.75370e+00
 40  0.01303 -1.19125e+01 | 41  0.01090 -1.24037e+01 | 42 -0.05020 -7.74969e+00
 43 -0.06579 -6.65471e+00 | 44 -0.04781 -7.92865e+00 | 45 -0.04794 -7.71319e+00
 46  0.02715 -1.46814e+01 | 47  0.06471 -1.89244e+01 | 48  0.02693 -1.20167e+01
 49  0.07203 -1.58635e+01 | 50  0.00075 -8.68040e+00 | 51  0.01769 -9.86302e+00
 52  0.07131 -1.42776e+01 | 53  0.11631 -2.16342e+01 | 54  0.05164 -1.60190e+01
 55 -0.08719 -5.30472e+00 | 56 -0.06037 -8.10555e+00 | 57 -0.06675 -6.38298e+00
 58 -0.05560 -6.83465e+00 | 59 -0.09938 -3.83155e+00 | 60 -0.12039 -1.35842e+00
 61 -0.11239 -6.45965e-01 | 62 -0.09438 -1.35281e+00 | 63 -0.09936 -3.42108e-01
 64 -0.02222  1.12704e-01 | 65  0.00000  0.00000e+00 | 66 -0.93487 -1.58611e+01
 67 -0.85411 -8.34546e+00 | 68 -0.83636 -7.58725e+00 | 69 -0.72470 -5.77866e+00
 70 -0.78650 -4.45828e+00 | 71 -0.83570 -6.83896e+00 | 72 -0.79858 -6.02390e+00
 73 -0.82398 -2.49151e+00 | 74 -0.86630 -1.78406e+00 | 75 -0.87426  2.11902e+00
 76 -0.77412 -2.30362e+00 | 77 -0.75716 -1.88581e+00 | 78 -0.71745 -1.38738e+00
 79 -0.58698  1.97777e-01 | 80 -0.57446  2.27693e-01 | 81 -0.56692 -3.66057e-02
 82 -0.63271 -1.05420e+00 | 83 -0.66836 -1.57767e+00 | 84 -0.61172 -9.08608e-01
 85 -0.57013  2.71652e-02 | 86 -0.52000 -6.12505e-01 | 87 -0.51196 -3.34693e-01
 88 -0.49850  1.90020e-02 | 89 -0.56391 -6.43656e-01 | 90 -0.56073 -9.87441e-01
 91 -0.59798 -1.28050e+00 | 92 -0.60808 -1.09749e+00 | 93 -0.62918 -1.35932e+00
 94 -0.60190  8.95269e-01 | 95 -0.61356  6.72414e-01 | 96 -0.65057 -8.02677e-01
 97 -0.57519 -1.74696e-01 | 98 -0.66833 -1.41411e+00 | 99 -0.61674 -1.08492e+00
100 -0.68713 -1.96600e+00 |101 -0.66644 -1.50994e+00 |102 -0.66111 -1.51209e+00
103 -0.59561 -9.37414e-01 |104 -0.57548 -6.09217e-01 |105 -0.60173 -1.16814e-02
106 -0.54772 -8.81770e-02 |107 -0.75460 -2.14500e+00 |108 -0.73515 -3.14701e+00
109 -0.78017 -2.32994e+00 |110 -0.72689 -2.52897e+00 |111 -0.68654 -1.85616e+00
112 -0.72018 -1.97421e+00 |113 -0.71632 -2.65321e+00 |114 -0.88099 -1.06208e+00
115 -0.74584  5.37601e-01 |116 -0.70782 -2.46335e+00 |117 -0.54238 -6.03241e-02
118 -0.62941 -2.09506e+00 |119 -0.67913 -1.02985e+00 |120 -0.64903 -1.32422e+00
121 -0.73222 -3.43078e+00 |122 -0.73210 -6.48506e+00 |123 -0.67036 -5.95715e+00
124 -0.83410 -5.59880e-01 |125 -0.88627 -4.70300e+00 |126 -0.88660 -4.29597e+00
127 -0.85227 -9.55016e-01 |128 -0.84571  1.51178e+00 |129 -0.76832 -1.68369e+00
130 -0.82118  1.47873e+00 |131 -0.84492  1.86340e+00 |132 -0.80218 -3.11560e+00
133 -0.80023 -1.40699e+00 |134 -0.76158 -5.97868e-03 |135 -0.74803 -9.18669e-01
136 -0.69604 -7.37005e-02 |137 -0.68471 -3.21459e-01 |138 -0.68976 -5.70898e-01
139 -0.62687 -1.34734e-01 |140 -0.66957 -2.00534e-01 |141 -0.66977 -1.49303e-01
142 -0.75727 -2.87201e+00 |143 -0.71241 -2.36504e+00 |144 -0.65578 -1.74992e+00
145 -0.61329 -1.81420e+00 |146 -0.58192 -1.76758e+00 |147 -0.57273 -2.36345e+00
148 -0.58759 -1.55133e+00 |149 -0.62909 -2.00428e+00 |150 -0.68972 -2.78394e+00
151 -0.62440 -2.28455e+00 |152 -0.58864 -1.70721e+00 |153 -0.62611 -1.45535e+00
154 -0.61660  1.39244e-01 |155 -0.75837 -2.83588e-01 |156 -0.75988 -2.79770e+00
157 -0.84615 -1.96756e+00 |158 -0.73236 -9.71781e-01 |159 -0.70442 -1.69117e+00
160 -0.69492 -5.85640e-01 |161 -0.69699 -2.90106e-01 |162 -0.95009  1.87735e+01
163 -0.92857 -2.26509e+01 |164 -0.96411  9.93581e+01 |165 -0.85977 -9.43211e+00
166 -0.80001 -3.19563e+00 |167 -0.79299 -2.86294e+00 |168 -0.79313 -3.61303e+00
169 -0.80215 -3.73514e+00 |170 -0.73696 -1.97384e+00 |171 -0.76090 -3.55669e+00
172 -0.69246 -2.38704e+00 |173 -0.62548 -1.29368e+00 |174 -0.48285  1.02042e+00
175 -0.49527 -4.61871e-01 |176 -0.62625 -1.14294e+00 |177 -0.57401 -1.45721e+00
178 -0.54445 -9.31578e-01 |179 -0.50761 -5.54528e-01 |180 -0.52094 -4.88406e-01
181 -0.50605 -3.51500e-01 |182 -0.45530 -5.18133e-01 |183 -0.42173 -2.46055e-01
184 -0.47750 -5.67187e-01 |185 -0.40512 -2.86421e-01 |186 -0.35671 -1.21406e-01
187 -0.45645 -1.93160e+00 |188 -0.52455 -1.27717e+00 |189 -0.42039 -2.32566e+00
190 -0.28499  1.87201e-01 |191 -0.21761  1.05464e+00 |192 -0.30296  1.74927e+00
193 -0.63727 -6.12598e-02 |194 -0.64153 -2.60169e-01 |195 -0.83152 -2.74114e+00
196 -0.67397 -6.33139e-01 |197 -0.62807 -8.24542e-01 |198 -0.68233 -3.83103e-01
199 -0.63491 -1.25278e-01 |200  0.01795 -8.62173e+00 |201  0.01184 -2.60901e+02
202  0.04933 -2.49888e+01 |203  0.03149  1.34012e+01 |204  0.01877  1.56918e-04
205  0.33957 -1.96641e+01 |206 -0.01850 -2.86162e-05 |207  0.25782  1.36544e+01
208 -0.00252 -4.85203e-05 |209  0.34092 -3.80687e+01 |210  0.33003  2.15811e+01
211 -0.31168 -9.72066e-04 |212  0.33213 -5.25147e+01 |213 -0.11209 -1.76057e-01
214 -0.00381 -6.54432e+00 |215  0.14582  4.41952e-01 |216 -0.30456 -1.38511e-03
217  0.35829 -4.79327e-01 |218 -0.00784 -3.80156e-02 |219  0.07630  8.47142e-02
220 -0.08016 -1.44806e-01 |221  0.22439  7.12559e+00 |222 -0.33236 -1.47113e-03
223  0.30755 -4.55753e+00 |224 -0.04803 -8.57524e+00 |225 -0.03347 -8.02695e+00
226  0.43183  6.20739e+00 |227  0.42209 -2.91641e+00 |228  0.36844  1.40378e+00
229  0.23573  7.72674e-05 |230  0.00289  3.64756e-06 |231  0.00987  3.33580e-04
232  0.00477 -1.34584e-05 |233  0.40386 -2.67054e+01 |234  0.41342  9.52718e+00
235  0.40821 -2.04376e+00 |236  0.42381 -2.08367e+01 |237  0.01350 -1.39534e-05
238  0.02029 -1.02280e-05 |239  0.10011  1.98008e-03 |240  0.03368  2.08676e-04
241  0.37220 -6.06748e+00 |242  0.27862  2.41244e+00 |243  0.35022  1.80045e+01
244  0.38323 -9.12288e-01 |245  0.20683 -2.67154e-04 |246 -0.00451  2.52162e-06
247 -0.00488  1.92926e-05 |248  0.01320 -3.32657e-05 |249  0.36469  1.84638e+01
250  0.34928 -5.37739e+00 |251  0.35889 -4.46576e+01 |252  0.36987  5.07587e+00
253  0.38834 -7.68524e+00 |254  0.90714  2.13475e-02 |255  0.35708  1.89922e+01
256  0.21975  5.29978e-01 |257  0.09157  9.04772e-01 |258  0.03548  7.18140e-04
259  0.05382 -4.22444e-04 |260  0.41649 -8.09574e-01 |261  0.35580 -3.67046e-01
262 -0.10086  9.21404e-04 |263 -0.10291 -3.20961e-04 |264  0.10885  1.27548e-01
265  0.16422 -5.54827e-01 |266 -0.03062  1.29511e+00 |267 -0.01878  9.97957e-01
268  0.00107  2.00183e+00 |269  0.03616  7.86197e+00 |270 -0.02432  1.67854e+00
271 -0.01827  2.07327e+00 |272  0.00509  6.93757e+00 |273 -0.02526  9.14955e-01
274  0.04822  7.11137e+00 |275 -0.00921 -3.44844e-01 |276 -0.00103  1.14398e+00
277  0.00255  2.09564e+00 |278  0.03492  4.39498e-01 |279 -0.01968 -4.19942e-01
280  0.00090 -6.10861e-01 |281 -0.00074 -1.09878e+00 |282  0.00770 -4.78705e+00
283 -0.02548 -6.40261e-01 |284  0.00246 -1.25690e+00 |285 -0.01363 -4.21171e+00
286 -0.05399 -3.28047e-01 |287  0.02611 -7.31484e+00 |288  0.03605  1.59858e-01
289  0.00207 -6.30586e-01 |290 -0.01029 -1.60208e+00 |291  0.04834 -5.13106e-01
292 -0.00000 -7.45630e-07 |293 -0.00000  2.77254e-07 |294  0.00000  2.13336e-07
295  0.00000  1.58258e-07 |296 -0.00000  3.34358e-07 |297  0.00000  2.49474e-07
298  0.00000  3.16039e-08 |299  0.00000  2.34261e-07 |300 -0.00000  2.28772e-09
301  0.00000 -1.15340e-07 |302 -0.00000 -1.61961e-07 |303  0.00000  1.00182e-07
304 -0.00000  8.70106e-08 |305 -0.02752 -1.20923e+00 |306 -0.03031  3.14914e+00
307  0.00058 -2.58697e+00 |308 -0.03317  5.38769e+00 |309 -0.04397  2.27571e-01
310 -0.03958 -2.27729e+00 |311  0.00338  6.36669e+00 |312  0.09410  1.67775e+01
313  0.08542  1.95952e+01 |314 -0.00025  1.36164e-01 |315 -0.01159  1.27603e+00
316 -0.00057  1.34045e+00 |317 -0.01115  2.92911e-01 |318 -0.01810 -1.45082e+00
319  0.01425  1.46093e+00 |320 -0.02787 -2.41171e+00 |321 -0.02786  3.18450e-01
322 -0.04521  1.48346e+00 |323  0.00535 -4.51228e+00 |324  0.06379 -1.85038e+01
325  0.05711 -2.05266e+01 |326 -0.00010 -5.55571e-02 |327 -0.00894 -5.99582e-01
328 -0.00005 -5.33346e-01 |
328 variables; iteration 60; function evaluation 62; phase 8
Function value 2.0629066e+03; maximum gradient component mag -3.5894e+02
Var    Value     Gradient |Var    Value     Gradient |Var    Value     Gradient
  1 -0.34104  2.73849e+02 |  2 -1.01838 -2.31538e+00 |  3 -0.01145 -3.14115e+02
  4 -0.42033 -2.34206e+02 |  5 -0.20729  3.09969e+01 |  6 -0.29540 -3.58944e+02
  7 -0.07443 -8.41694e+01 |  8 -0.06899 -1.50677e+00 |  9 -0.04236 -1.02929e+00
 10 -0.03932 -1.41789e+00 | 11 -0.02455 -2.17151e+00 | 12 -0.00137 -3.62246e+00
 13  0.02507 -5.38913e+00 | 14  0.11957 -1.33605e+01 | 15  0.02468 -6.05757e+00
 16 -0.02105 -3.79838e+00 | 17  0.02896 -3.71315e+00 | 18  0.09635 -1.49047e+01
 19 -0.03861 -5.47682e+00 | 20 -0.04071 -4.62682e+00 | 21  0.03123 -6.28712e+00
 22  0.04330 -4.18963e+00 | 23  0.08591 -5.21162e+00 | 24  0.03430 -3.26267e+00
 25  0.07438 -4.49273e+00 | 26  0.08090 -6.97703e+00 | 27  0.03325 -6.54352e+00
 28  0.04414 -6.98472e+00 | 29  0.04353 -7.77337e+00 | 30  0.05059 -8.98994e+00
 31  0.06463 -1.18564e+01 | 32  0.02913 -9.85411e+00 | 33 -0.00548 -7.15153e+00
 34 -0.02475 -7.08236e+00 | 35 -0.00568 -8.80245e+00 | 36  0.02574 -1.23326e+01
 37 -0.01150 -1.07604e+01 | 38 -0.02690 -1.02461e+01 | 39 -0.03308 -8.98159e+00
 40  0.01363 -1.36631e+01 | 41  0.01166 -1.28128e+01 | 42 -0.04935 -7.70782e+00
 43 -0.06502 -6.72439e+00 | 44 -0.04702 -7.74102e+00 | 45 -0.04709 -5.14263e+00
 46  0.02810 -7.96461e+00 | 47  0.06551 -1.29118e+01 | 48  0.02764 -9.84729e+00
 49  0.07266 -1.24800e+01 | 50  0.00134 -7.52605e+00 | 51  0.01837 -6.80223e+00
 52  0.07201 -9.00347e+00 | 53  0.11640 -1.83681e+01 | 54  0.05131 -1.49531e+01
 55 -0.08779 -4.89107e+00 | 56 -0.06054 -6.33693e+00 | 57 -0.06664 -4.77613e+00
 58 -0.05513 -6.96532e+00 | 59 -0.09873 -3.77077e+00 | 60 -0.11955 -9.15442e-01
 61 -0.11176 -7.79772e-01 | 62 -0.09333 -4.69164e-01 | 63 -0.09881 -5.78056e-02
 64 -0.02265 -5.04796e-02 | 65  0.00000  0.00000e+00 | 66 -0.93376 -2.06944e+01
 67 -0.85171 -1.52164e+01 | 68 -0.83342 -8.55139e+00 | 69 -0.71938 -5.24310e+00
 70 -0.78245 -3.63411e+00 | 71 -0.83256 -5.72357e+00 | 72 -0.79472 -6.92733e+00
 73 -0.82071 -4.80049e-01 | 74 -0.86408 -3.11990e+00 | 75 -0.87250  5.11052e+00
 76 -0.77129 -1.72208e+00 | 77 -0.75444 -2.19000e+00 | 78 -0.71467 -2.14677e+00
 79 -0.58326 -9.81717e-01 | 80 -0.57074 -7.96396e-01 | 81 -0.56309 -5.23206e-01
 82 -0.62954 -8.45114e-01 | 83 -0.66556  5.18191e-01 | 84 -0.60880 -4.53996e-01
 85 -0.56711  1.09713e-01 | 86 -0.51668  9.68799e-02 | 87 -0.50873  6.99406e-02
 88 -0.49536 -9.77449e-01 | 89 -0.56082 -3.58083e-01 | 90 -0.55757 -5.15529e-01
 91 -0.59516 -1.08096e+00 | 92 -0.60535 -1.10320e+00 | 93 -0.62659 -1.00133e+00
 94 -0.59896  6.97779e-02 | 95 -0.61085 -2.27194e-01 | 96 -0.64818 -7.25090e-01
 97 -0.57202  4.47514e-03 | 98 -0.66570 -3.87894e-03 | 99 -0.61349  6.53263e-01
100 -0.68428  7.73687e-01 |101 -0.66339 -5.01389e-01 |102 -0.65802 -6.92544e-01
103 -0.59210 -5.96999e-01 |104 -0.57200 -1.99957e-01 |105 -0.59852  7.78238e-01
106 -0.54427  4.27044e-01 |107 -0.75264 -4.94820e-01 |108 -0.73323 -2.90412e+00
109 -0.77874 -1.30643e+00 |110 -0.72539 -3.16214e+00 |111 -0.68493 -2.88114e+00
112 -0.71878 -2.15712e+00 |113 -0.71495 -1.78760e+00 |114 -0.87900 -4.66422e+00
115 -0.74183 -3.29580e+00 |116 -0.70286 -2.56446e+00 |117 -0.53298  7.42122e-01
118 -0.62224 -1.71766e+00 |119 -0.67305 -1.87872e+00 |120 -0.64204 -1.94257e+00
121 -0.72680 -1.43252e+00 |122 -0.72616 -6.43967e+00 |123 -0.66352 -5.22019e+00
124 -0.83190  2.82439e-01 |125 -0.88499 -5.09071e+00 |126 -0.88548 -1.01846e+00
127 -0.85102 -5.58676e+00 |128 -0.84434  3.97443e+00 |129 -0.76640 -2.68412e+00
130 -0.81969  3.09843e+00 |131 -0.84372  3.84323e+00 |132 -0.80083 -4.31469e+00
133 -0.79883  1.16252e+00 |134 -0.76012 -7.89266e-01 |135 -0.74647 -5.56245e-01
136 -0.69416 -6.77730e-01 |137 -0.68254  1.65749e-01 |138 -0.68754  4.42746e-01
139 -0.62425  1.79488e-01 |140 -0.66731 -3.97001e-01 |141 -0.66751 -2.14020e-01
142 -0.75559 -2.69822e+00 |143 -0.71052 -2.39779e+00 |144 -0.65349 -1.66675e+00
145 -0.61053 -1.94974e+00 |146 -0.57871 -1.40014e+00 |147 -0.56918 -1.04740e+00
148 -0.58400 -8.25764e-01 |149 -0.62577 -1.67913e+00 |150 -0.68683 -7.66245e-01
151 -0.62117 -2.13332e+00 |152 -0.58536 -1.45732e+00 |153 -0.62323 -6.30876e-01
154 -0.61368  1.86378e+00 |155 -0.75661 -1.86762e+00 |156 -0.75808 -6.67429e-01
157 -0.84524 -3.91416e+00 |158 -0.73092 -1.14761e+00 |159 -0.70277 -4.56137e-02
160 -0.69344 -8.23656e-01 |161 -0.69568 -9.90211e-01 |162 -0.94950  1.88647e+01
163 -0.92779 -2.15513e+01 |164 -0.96375  1.00539e+02 |165 -0.85838 -4.24604e+00
166 -0.79818 -1.74508e+00 |167 -0.79116 -1.86376e+00 |168 -0.79134 -2.04002e+00
169 -0.80052 -9.68371e-01 |170 -0.73491 -2.31648e-01 |171 -0.75917 -2.38351e+00
172 -0.69034 -1.30125e+00 |173 -0.62302 -8.01602e-01 |174 -0.47969 -6.41055e-01
175 -0.49153 -2.09543e-01 |176 -0.62361 -1.71638e+00 |177 -0.57096 -1.77251e+00
178 -0.54123 -1.67828e+00 |179 -0.50392 -2.39533e-01 |180 -0.51754 -5.76937e-01
181 -0.50282 -1.05150e+00 |182 -0.45153 -3.85766e-01 |183 -0.41752 -5.46479e-01
184 -0.47352 -5.50530e-01 |185 -0.40025 -8.19144e-02 |186 -0.35098 -1.24004e-01
187 -0.45139 -1.64763e+00 |188 -0.51993  4.38754e-01 |189 -0.41512 -1.68004e+00
190 -0.27909  3.04426e-01 |191 -0.21121  1.20384e+00 |192 -0.29782  1.20954e+00
193 -0.63442  4.72332e-01 |194 -0.63893 -1.12245e-01 |195 -0.83055 -5.58480e+00
196 -0.67210  5.46979e-01 |197 -0.62599  4.45505e-01 |198 -0.68073  1.99365e-01
199 -0.63333 -6.10281e-01 |200  0.01885 -5.94873e+00 |201  0.01262 -2.74917e+02
202  0.04682 -2.81746e+01 |203  0.03164  1.49462e+01 |204  0.01877  1.63380e-04
205  0.33963 -2.18022e+01 |206 -0.01850 -4.25205e-05 |207  0.25790  1.75453e+01
208 -0.00252 -4.80334e-05 |209  0.34096 -4.35564e+01 |210  0.33037  1.97520e+01
211 -0.31167 -9.91487e-04 |212  0.33233 -4.60516e+01 |213 -0.11536 -3.97005e-01
214 -0.00313 -1.25247e+00 |215  0.14507 -9.74427e-03 |216 -0.30454 -1.40191e-03
217  0.35833  2.98699e-01 |218 -0.00736 -2.24367e-02 |219  0.07725 -1.85205e-01
220 -0.07936  2.31822e-01 |221  0.22358  7.20028e+00 |222 -0.33235 -1.20241e-03
223  0.30730 -1.33929e+00 |224 -0.03998 -5.68414e+00 |225 -0.03580 -1.27146e+01
226  0.43198  6.10617e+00 |227  0.42322 -1.70857e+00 |228  0.36926 -4.82249e-01
229  0.23573  8.04943e-05 |230  0.00289  3.54831e-06 |231  0.00987  3.34526e-04
232  0.00477 -1.18224e-05 |233  0.40404 -2.55603e+01 |234  0.41375  7.60522e+00
235  0.40854  4.50741e-01 |236  0.42405 -1.86494e+01 |237  0.01350 -1.36755e-05
238  0.02029 -1.02477e-05 |239  0.10008  1.97933e-03 |240  0.03368  2.18238e-04
241  0.37226 -6.91360e+00 |242  0.27912  2.33702e+00 |243  0.35062  1.47755e+01
244  0.38283 -1.93818e+00 |245  0.20683 -2.65423e-04 |246 -0.00451  2.55552e-06
247 -0.00488  1.90985e-05 |248  0.01320 -3.28709e-05 |249  0.36482  2.14365e+01
250  0.34963 -3.75718e+00 |251  0.35907 -4.02947e+01 |252  0.36993  8.20643e+00
253  0.38800 -7.45449e+00 |254  0.90677  2.12621e-02 |255  0.35714  1.97085e+01
256  0.21943  8.10892e-01 |257  0.08940  6.08992e-01 |258  0.03547  7.19358e-04
259  0.05383 -4.85154e-04 |260  0.41650 -1.56991e+00 |261  0.35459 -8.04480e-01
262 -0.10087  9.24428e-04 |263 -0.10291 -3.74433e-04 |264  0.11019 -1.95537e-01
265  0.16604 -3.12170e-01 |266 -0.03091  1.61752e+00 |267 -0.01883  2.12815e+00
268  0.00124  2.33384e+00 |269  0.03622  8.01061e+00 |270 -0.02437  1.53913e+00
271 -0.01851  1.59862e+00 |272  0.00517  7.69458e+00 |273 -0.02509  2.21509e+00
274  0.04838  7.38646e+00 |275 -0.00913 -6.74124e-01 |276 -0.00112  1.06026e+00
277  0.00232  2.31978e+00 |278  0.03471  7.99774e-01 |279 -0.01977 -6.56100e-01
280  0.00100 -1.09391e+00 |281 -0.00089 -1.30420e+00 |282  0.00766 -5.05683e+00
283 -0.02534 -5.59668e-01 |284  0.00227 -1.11818e+00 |285 -0.01356 -4.39207e+00
286 -0.05380 -8.45013e-01 |287  0.02617 -7.74223e+00 |288  0.03618  3.35807e-01
289  0.00204 -6.25801e-01 |290 -0.01055 -1.92692e+00 |291  0.04834 -8.17409e-01
292 -0.00000  1.00203e-06 |293 -0.00000  4.51447e-07 |294  0.00000  2.17028e-07
295  0.00000  2.59705e-07 |296 -0.00000  2.98832e-07 |297  0.00000  2.17019e-07
298  0.00000  3.93166e-07 |299  0.00000  2.52024e-08 |300 -0.00000  1.29268e-08
301  0.00000 -1.88185e-07 |302 -0.00000  3.00242e-08 |303  0.00000  1.71911e-07
304 -0.00000  1.75864e-07 |305 -0.02794  1.45370e+00 |306 -0.03102  3.99407e+00
307  0.00103 -4.29334e+00 |308 -0.03312  4.73089e+00 |309 -0.04428  7.17991e-01
310 -0.03938  9.86335e+00 |311  0.00387  2.33524e+00 |312  0.09490  1.92992e+01
313  0.08646  2.12765e+01 |314 -0.00001 -2.31714e-01 |315 -0.01141  1.56008e+00
316 -0.00067  2.34662e-01 |317 -0.01148 -9.67815e-01 |318 -0.01893 -2.29006e+00
319  0.01467  3.43279e+00 |320 -0.02765 -2.20702e+00 |321 -0.02834 -4.77197e-01
322 -0.04526 -4.11583e+00 |323  0.00580 -1.27185e+00 |324  0.06406 -2.05054e+01
325  0.05760 -2.18133e+01 |326 -0.00017  1.01779e-01 |327 -0.00856 -5.64264e-01
328  0.00004 -8.78213e-02 |
328 variables; iteration 80; function evaluation 82; phase 8
Function value 2.0628850e+03; maximum gradient component mag -5.1486e+02
Var    Value     Gradient |Var    Value     Gradient |Var    Value     Gradient
  1 -0.34312  4.01850e+02 |  2 -1.01232 -9.90583e-01 |  3 -0.01145 -3.58515e+02
  4 -0.42034 -4.36338e+02 |  5 -0.21074  4.28772e+01 |  6 -0.29831 -5.14855e+02
  7 -0.07504 -1.27131e+02 |  8 -0.07017 -2.85512e+00 |  9 -0.04282 -1.78511e+00
 10 -0.03978 -2.48298e+00 | 11 -0.02490 -3.66312e+00 | 12 -0.00105 -5.55546e+00
 13  0.02407 -8.25594e+00 | 14  0.12163 -1.87993e+01 | 15  0.02456 -9.05701e+00
 16 -0.02000 -5.34442e+00 | 17  0.02911 -5.78206e+00 | 18  0.09629 -2.31930e+01
 19 -0.03841 -7.52330e+00 | 20 -0.04096 -6.79848e+00 | 21  0.03101 -1.01701e+01
 22  0.04270 -8.75530e+00 | 23  0.08532 -1.09174e+01 | 24  0.03407 -6.33941e+00
 25  0.07436 -8.33170e+00 | 26  0.08088 -1.07642e+01 | 27  0.03365 -8.98052e+00
 28  0.04415 -1.09166e+01 | 29  0.04384 -1.13693e+01 | 30  0.05082 -1.25132e+01
 31  0.06494 -1.53272e+01 | 32  0.02962 -1.22706e+01 | 33 -0.00514 -1.01447e+01
 34 -0.02427 -1.06504e+01 | 35 -0.00526 -1.36638e+01 | 36  0.02629 -1.67844e+01
 37 -0.01089 -1.27203e+01 | 38 -0.02627 -1.15977e+01 | 39 -0.03254 -1.13318e+01
 40  0.01423 -1.72898e+01 | 41  0.01223 -1.68834e+01 | 42 -0.04880 -1.03564e+01
 43 -0.06430 -9.09337e+00 | 44 -0.04632 -1.02028e+01 | 45 -0.04640 -8.04576e+00
 46  0.02875 -1.31367e+01 | 47  0.06601 -1.87020e+01 | 48  0.02811 -1.32652e+01
 49  0.07299 -1.60557e+01 | 50  0.00167 -8.75502e+00 | 51  0.01858 -9.48863e+00
 52  0.07202 -1.48169e+01 | 53  0.11606 -2.53722e+01 | 54  0.05063 -1.91596e+01
 55 -0.08876 -6.69580e+00 | 56 -0.06071 -8.53359e+00 | 57 -0.06683 -8.62489e+00
 58 -0.05467 -1.14144e+01 | 59 -0.09822 -5.06139e+00 | 60 -0.11890 -1.75085e+00
 61 -0.11131 -1.35721e+00 | 62 -0.09254 -1.34369e-01 | 63 -0.09853 -1.07587e-01
 64 -0.02260 -7.03726e-02 | 65  0.00000  0.00000e+00 | 66 -0.93329 -2.87967e+01
 67 -0.85073 -1.78139e+01 | 68 -0.83232 -1.11501e+01 | 69 -0.71750 -7.01257e+00
 70 -0.78092 -5.66730e+00 | 71 -0.83143 -8.06229e+00 | 72 -0.79337 -8.08734e+00
 73 -0.81949 -2.75083e+00 | 74 -0.86320 -6.19630e+00 | 75 -0.87165  5.95580e-01
 76 -0.76983 -1.92466e+00 | 77 -0.75286 -2.57224e+00 | 78 -0.71295 -1.89051e+00
 79 -0.58066 -3.00932e-01 | 80 -0.56811 -1.74064e-01 | 81 -0.56041 -7.51134e-02
 82 -0.62733 -3.54497e-01 | 83 -0.66387 -7.61070e-01 | 84 -0.60677  9.40403e-02
 85 -0.56507 -2.05644e-02 | 86 -0.51438  3.41049e-01 | 87 -0.50631  3.04861e-01
 88 -0.49259 -5.14205e-01 | 89 -0.55839 -4.26975e-01 | 90 -0.55515 -4.48168e-01
 91 -0.59299 -8.97272e-01 | 92 -0.60333 -1.34511e+00 | 93 -0.62474 -1.35376e+00
 94 -0.59652  2.63958e-01 | 95 -0.60861 -1.47841e-01 | 96 -0.64679 -1.27188e+00
 97 -0.57031 -7.05512e-01 | 98 -0.66425 -7.08935e-01 | 99 -0.61170  4.50953e-02
100 -0.68272 -7.18541e-01 |101 -0.66148 -9.88471e-01 |102 -0.65594 -8.10501e-01
103 -0.58957 -7.21498e-02 |104 -0.56959  2.77499e-01 |105 -0.59660  6.42814e-01
106 -0.54236  1.87488e-01 |107 -0.75154 -1.54128e+00 |108 -0.73205 -2.88523e+00
109 -0.77790 -2.91267e+00 |110 -0.72439 -3.40517e+00 |111 -0.68379 -2.67660e+00
112 -0.71789 -3.27083e+00 |113 -0.71413 -3.19023e+00 |114 -0.87802 -8.25603e+00
115 -0.74011 -3.91084e+00 |116 -0.70115 -4.79421e+00 |117 -0.52996 -2.14417e-01
118 -0.61939 -3.05152e+00 |119 -0.67067 -1.69086e+00 |120 -0.63959 -2.20604e+00
121 -0.72496 -1.84649e+00 |122 -0.72450 -8.10863e+00 |123 -0.66171 -6.37221e+00
124 -0.83079 -1.31926e+00 |125 -0.88430 -8.93800e+00 |126 -0.88486 -3.83806e+00
127 -0.85012 -5.11231e+00 |128 -0.84345  2.89994e+00 |129 -0.76503 -2.62993e+00
130 -0.81871  9.14178e-01 |131 -0.84296 -6.66090e-02 |132 -0.79986 -4.49049e+00
133 -0.79791  1.01840e+00 |134 -0.75903 -9.22806e-01 |135 -0.74529 -1.02769e+00
136 -0.69258 -9.03132e-01 |137 -0.68084 -5.99904e-01 |138 -0.68591 -3.62537e-01
139 -0.62233 -3.02053e-01 |140 -0.66558 -3.55973e-01 |141 -0.66585 -4.20261e-01
142 -0.75457 -4.14840e+00 |143 -0.70928 -2.14762e+00 |144 -0.65204 -2.42820e+00
145 -0.60874 -1.78876e+00 |146 -0.57672 -1.83686e+00 |147 -0.56694 -9.91066e-01
148 -0.58171 -1.30042e+00 |149 -0.62347 -1.80872e+00 |150 -0.68489 -1.69111e+00
151 -0.61868 -1.34225e+00 |152 -0.58296 -1.48050e+00 |153 -0.62134 -1.11863e+00
154 -0.61205  1.21958e+00 |155 -0.75545 -1.69825e+00 |156 -0.75705 -2.12582e+00
157 -0.84458 -3.00140e+00 |158 -0.72996 -2.39729e+00 |159 -0.70171 -6.86914e-01
160 -0.69242 -1.57527e+00 |161 -0.69476 -2.13911e+00 |162 -0.94917  9.38486e+00
163 -0.92734 -2.68106e+01 |164 -0.96354  8.89464e+01 |165 -0.85762 -6.88410e+00
166 -0.79716 -4.10423e+00 |167 -0.79009 -3.88144e+00 |168 -0.79024 -1.92870e+00
169 -0.79958 -1.76723e+00 |170 -0.73382 -1.92461e+00 |171 -0.75824 -3.90047e+00
172 -0.68911 -1.91430e+00 |173 -0.62137 -7.03624e-01 |174 -0.47702  1.36740e-01
175 -0.48900 -2.77664e-01 |176 -0.62186 -2.22903e+00 |177 -0.56890 -1.34556e+00
178 -0.53905 -1.25091e+00 |179 -0.50165  1.53831e-01 |180 -0.51542 -1.41185e-01
181 -0.50076 -6.50647e-01 |182 -0.44949 -6.40704e-01 |183 -0.41522 -7.91093e-01
184 -0.47135 -1.05054e+00 |185 -0.39750 -3.40026e-01 |186 -0.34752 -1.31039e-01
187 -0.44796 -7.52227e-01 |188 -0.51707  2.89367e-01 |189 -0.41121 -1.56419e-01
190 -0.27538  1.13829e-01 |191 -0.20785  6.49082e-01 |192 -0.29397  2.12515e+00
193 -0.63262  1.26707e-01 |194 -0.63728 -7.46448e-01 |195 -0.82978 -3.62332e+00
196 -0.67084 -7.24189e-02 |197 -0.62456  2.12212e-01 |198 -0.67965 -8.97139e-01
199 -0.63215 -1.56906e+00 |200  0.01939 -6.52194e+00 |201  0.01320 -3.07918e+02
202  0.04514 -3.27055e+01 |203  0.03155  1.80937e+01 |204  0.01876  1.21927e-04
205  0.33965 -2.45981e+01 |206 -0.01850 -6.15367e-05 |207  0.25825  2.23022e+01
208 -0.00252 -5.12705e-05 |209  0.34092 -5.01656e+01 |210  0.33052  1.76379e+01
211 -0.31165 -1.16997e-03 |212  0.33239 -4.65109e+01 |213 -0.11584 -1.66490e+00
214 -0.00299 -6.88637e+00 |215  0.14458 -9.41256e-02 |216 -0.30452 -1.41953e-03
217  0.35814  1.50085e-01 |218 -0.00618 -1.27607e-01 |219  0.07793 -3.01148e-03
220 -0.07983 -4.58660e-02 |221  0.22376  1.05477e+01 |222 -0.33234 -1.37720e-03
223  0.30743 -7.14415e+00 |224 -0.04202 -7.43553e+00 |225 -0.03501 -1.38826e+01
226  0.43288  5.41591e+00 |227  0.42472 -1.61954e+00 |228  0.36984  4.37004e-01
229  0.23573  6.17588e-05 |230  0.00289  3.55453e-06 |231  0.00986  3.30262e-04
232  0.00477 -1.33800e-05 |233  0.40425 -2.18661e+01 |234  0.41402  7.34201e+00
235  0.40875  7.62038e-01 |236  0.42415 -1.92991e+01 |237  0.01350 -1.46011e-05
238  0.02029 -9.56961e-06 |239  0.10004  1.95197e-03 |240  0.03367  2.07891e-04
241  0.37294 -4.63313e+00 |242  0.27935  2.79322e+00 |243  0.35129  1.66518e+01
244  0.38289 -4.30833e-01 |245  0.20684 -3.01870e-04 |246 -0.00451  2.20537e-06
247 -0.00488  1.81655e-05 |248  0.01320 -3.38471e-05 |249  0.36502  1.87898e+01
250  0.34969 -4.72980e+00 |251  0.35930 -4.14405e+01 |252  0.37000  6.14358e+00
253  0.38836 -6.56754e+00 |254  0.90641  2.11781e-02 |255  0.35729  1.89311e+01
256  0.21939  7.27826e-01 |257  0.08838  2.34069e-01 |258  0.03546  7.18208e-04
259  0.05384 -5.13374e-04 |260  0.41656 -1.85521e+00 |261  0.35407 -8.95564e-01
262 -0.10089  9.21377e-04 |263 -0.10290 -4.00338e-04 |264  0.11051 -5.23512e-01
265  0.16679 -1.23992e+00 |266 -0.03097  2.13165e+00 |267 -0.01905  2.39199e+00
268  0.00121  3.03308e+00 |269  0.03606  9.67092e+00 |270 -0.02430  2.26703e+00
271 -0.01842  2.04056e+00 |272  0.00509  6.63897e+00 |273 -0.02522  4.35455e+00
274  0.04831  1.01424e+01 |275 -0.00933 -2.90220e-02 |276 -0.00124  5.77003e-01
277  0.00257  2.24045e+00 |278  0.03487  4.46612e-01 |279 -0.01970 -8.23609e-01
280  0.00088 -1.27333e+00 |281 -0.00095 -1.71497e+00 |282  0.00744 -5.98677e+00
283 -0.02533 -8.16595e-01 |284  0.00244 -1.15758e+00 |285 -0.01355 -3.64871e+00
286 -0.05404 -2.03169e+00 |287  0.02612 -9.66970e+00 |288  0.03604 -8.86678e-02
289  0.00219 -2.65620e-01 |290 -0.01015 -1.25547e+00 |291  0.04847 -3.43228e-01
292 -0.00000  7.47827e-07 |293 -0.00000  5.01504e-07 |294 -0.00000  2.48558e-07
295  0.00000  3.31572e-07 |296 -0.00000  3.78226e-07 |297  0.00000  3.02773e-07
298  0.00000  3.24321e-07 |299  0.00000  6.10959e-08 |300 -0.00000  2.93346e-08
301  0.00000 -1.32685e-08 |302 -0.00000  6.30202e-08 |303  0.00000  1.06034e-07
304 -0.00000  1.32072e-07 |305 -0.02795  4.36886e-01 |306 -0.03176  6.53086e+00
307  0.00063 -3.72477e+00 |308 -0.03303  6.65798e+00 |309 -0.04428  1.27988e+00
310 -0.03956  9.82160e+00 |311  0.00372  3.41541e+00 |312  0.09483  2.29567e+01
313  0.08624  2.40171e+01 |314 -0.00009  5.52870e-01 |315 -0.01150  2.77386e+00
316 -0.00082  1.10184e+00 |317 -0.01098  4.09567e-01 |318 -0.01964 -4.37976e+00
319  0.01444  3.60964e+00 |320 -0.02738 -2.61908e+00 |321 -0.02813 -7.19342e-01
322 -0.04529 -4.22487e+00 |323  0.00587 -1.87952e+00 |324  0.06419 -2.30696e+01
325  0.05764 -2.33092e+01 |326 -0.00012 -2.01018e-01 |327 -0.00851 -1.02860e+00
328  0.00016 -4.10452e-01 |
Maximum number of function evaluations exceeded

 - final statistics:
328 variables; iteration 99; function evaluation 100
Function value 2.0629e+03; maximum gradient component mag -4.8987e+02
Exit code = 3;  converg criter 1.0000e+00
Var    Value     Gradient |Var    Value     Gradient |Var    Value     Gradient
  1 -0.34374  3.80991e+02 |  2 -1.01323 -1.16298e+00 |  3 -0.01145 -3.42250e+02
  4 -0.42034 -4.06054e+02 |  5 -0.21121  4.27622e+01 |  6 -0.29903 -4.89870e+02
  7 -0.07467 -1.06865e+02 |  8 -0.07040 -2.47337e+00 |  9 -0.04295 -1.56269e+00
 10 -0.03997 -2.19956e+00 | 11 -0.02518 -3.23613e+00 | 12 -0.00167 -4.90333e+00
 13  0.02495 -6.80741e+00 | 14  0.12160 -1.57957e+01 | 15  0.02532 -7.47735e+00
 16 -0.02027 -4.47581e+00 | 17  0.02886 -4.62066e+00 | 18  0.09683 -1.97967e+01
 19 -0.03731 -6.46128e+00 | 20 -0.04046 -6.11188e+00 | 21  0.03144 -8.81422e+00
 22  0.04266 -7.90381e+00 | 23  0.08483 -1.05288e+01 | 24  0.03365 -6.21492e+00
 25  0.07442 -8.32555e+00 | 26  0.08070 -1.10089e+01 | 27  0.03360 -8.97467e+00
 28  0.04410 -1.07843e+01 | 29  0.04378 -1.14846e+01 | 30  0.05076 -1.21709e+01
 31  0.06491 -1.46379e+01 | 32  0.02967 -1.17951e+01 | 33 -0.00520 -9.94365e+00
 34 -0.02412 -1.02101e+01 | 35 -0.00529 -1.36231e+01 | 36  0.02635 -1.66502e+01
 37 -0.01084 -1.23591e+01 | 38 -0.02629 -1.11643e+01 | 39 -0.03246 -1.04286e+01
 40  0.01425 -1.61515e+01 | 41  0.01230 -1.64180e+01 | 42 -0.04877 -1.03006e+01
 43 -0.06420 -8.90730e+00 | 44 -0.04628 -1.01191e+01 | 45 -0.04632 -7.95621e+00
 46  0.02884 -1.21968e+01 | 47  0.06612 -1.73234e+01 | 48  0.02819 -1.26674e+01
 49  0.07306 -1.57172e+01 | 50  0.00175 -8.37996e+00 | 51  0.01865 -9.21693e+00
 52  0.07208 -1.47244e+01 | 53  0.11605 -2.58387e+01 | 54  0.05058 -1.91584e+01
 55 -0.08888 -6.74283e+00 | 56 -0.06075 -8.09597e+00 | 57 -0.06690 -8.47090e+00
 58 -0.05469 -1.10354e+01 | 59 -0.09822 -4.90770e+00 | 60 -0.11885 -1.43086e+00
 61 -0.11128 -1.40890e+00 | 62 -0.09265 -5.21265e-01 | 63 -0.09854 -1.86346e-01
 64 -0.02254 -4.63428e-02 | 65  0.00000  0.00000e+00 | 66 -0.93344 -2.50681e+01
 67 -0.85112 -1.50490e+01 | 68 -0.83285 -9.10867e+00 | 69 -0.71852 -5.88003e+00
 70 -0.78138 -4.34596e+00 | 71 -0.83187 -8.20988e+00 | 72 -0.79395 -7.58423e+00
 73 -0.81985 -1.69001e+00 | 74 -0.86348 -3.96873e+00 | 75 -0.87165  1.13827e+00
 76 -0.76969 -1.45229e+00 | 77 -0.75266 -2.93125e+00 | 78 -0.71267 -1.98372e+00
 79 -0.58029 -5.14150e-01 | 80 -0.56769 -3.93956e-01 | 81 -0.55995 -2.98677e-01
 82 -0.62692 -5.35859e-01 | 83 -0.66357 -1.34376e+00 | 84 -0.60636  6.77735e-02
 85 -0.56463  1.52319e-02 | 86 -0.51386  5.63597e-01 | 87 -0.50578  4.88702e-01
 88 -0.49202 -4.19344e-01 | 89 -0.55789 -4.96443e-01 | 90 -0.55463 -4.91570e-01
 91 -0.59252 -9.94653e-01 | 92 -0.60285 -1.28554e+00 | 93 -0.62428 -1.05821e+00
 94 -0.59556  3.30988e-01 | 95 -0.60774 -8.94490e-02 | 96 -0.64643 -1.34345e+00
 97 -0.56987 -8.49485e-01 | 98 -0.66389 -7.35544e-01 | 99 -0.61130  4.74244e-02
100 -0.68239 -6.44904e-01 |101 -0.66113 -1.09986e+00 |102 -0.65561 -9.49873e-01
103 -0.58914  9.68136e-03 |104 -0.56906  5.34911e-01 |105 -0.59610  3.12030e-01
106 -0.54155  5.90230e-01 |107 -0.75112 -1.59713e+00 |108 -0.73160 -2.77631e+00
109 -0.77756 -2.34433e+00 |110 -0.72404 -3.54553e+00 |111 -0.68338 -2.32481e+00
112 -0.71759 -3.54143e+00 |113 -0.71381 -2.98078e+00 |114 -0.87833 -6.23506e+00
115 -0.74085 -3.80284e+00 |116 -0.70224 -4.75713e+00 |117 -0.53222 -3.57608e-01
118 -0.62038 -2.80043e+00 |119 -0.67152 -1.78185e+00 |120 -0.64066 -2.14616e+00
121 -0.72596 -1.51057e+00 |122 -0.72616 -7.77838e+00 |123 -0.66374 -5.96984e+00
124 -0.83069 -1.12864e+00 |125 -0.88418 -8.70603e+00 |126 -0.88471 -3.76619e+00
127 -0.84998 -4.65206e+00 |128 -0.84331  2.19298e+00 |129 -0.76477 -2.73968e+00
130 -0.81848  2.10249e+00 |131 -0.84280  1.42822e-01 |132 -0.79964 -3.77025e+00
133 -0.79775 -1.86391e-01 |134 -0.75881 -9.13853e-01 |135 -0.74504 -1.00961e+00
136 -0.69225 -8.89189e-01 |137 -0.68047 -5.55534e-01 |138 -0.68555 -4.99959e-01
139 -0.62185 -9.21677e-02 |140 -0.66515 -8.37306e-02 |141 -0.66544 -2.02479e-01
142 -0.75428 -3.76788e+00 |143 -0.70897 -2.02511e+00 |144 -0.65165 -2.43771e+00
145 -0.60827 -1.82079e+00 |146 -0.57620 -1.77598e+00 |147 -0.56639 -7.69511e-01
148 -0.58120 -1.23210e+00 |149 -0.62301 -1.74940e+00 |150 -0.68454 -1.68259e+00
151 -0.61825 -1.24961e+00 |152 -0.58241 -1.21262e+00 |153 -0.62077 -9.45417e-01
154 -0.61137  1.59214e+00 |155 -0.75502 -1.77723e+00 |156 -0.75666 -2.40965e+00
157 -0.84435 -2.97774e+00 |158 -0.72961 -2.41383e+00 |159 -0.70133 -4.68113e-01
160 -0.69206 -1.51209e+00 |161 -0.69444 -2.23776e+00 |162 -0.94913  8.82776e+00
163 -0.92726 -2.64136e+01 |164 -0.96350  8.55709e+01 |165 -0.85744 -6.62366e+00
166 -0.79689 -3.64863e+00 |167 -0.78979 -3.12640e+00 |168 -0.78998 -2.52871e+00
169 -0.79933 -2.06511e+00 |170 -0.73346 -1.28104e+00 |171 -0.75791 -2.83217e+00
172 -0.68875 -1.94205e+00 |173 -0.62092 -6.10745e-01 |174 -0.47632  2.01841e-01
175 -0.48830 -3.00276e-01 |176 -0.62133 -2.14646e+00 |177 -0.56827 -1.16855e+00
178 -0.53831 -7.70263e-01 |179 -0.50090  4.33124e-01 |180 -0.51478 -6.95729e-02
181 -0.50018 -7.46518e-01 |182 -0.44882 -5.72542e-01 |183 -0.41445 -6.82121e-01
184 -0.47062 -7.60389e-01 |185 -0.39681 -4.88040e-01 |186 -0.34659  1.42715e-01
187 -0.44729 -7.87803e-01 |188 -0.51650  2.79374e-01 |189 -0.41061 -4.76809e-01
190 -0.27437  2.13029e-01 |191 -0.20646  8.67323e-01 |192 -0.29267  2.08793e+00
193 -0.63190  4.46649e-01 |194 -0.63660 -4.08879e-01 |195 -0.82951 -3.65533e+00
196 -0.67037  8.13386e-02 |197 -0.62405  2.19085e-01 |198 -0.67925 -8.67526e-01
199 -0.63172 -1.53254e+00 |200  0.01955 -6.34448e+00 |201  0.01334 -3.05759e+02
202  0.04477 -3.29448e+01 |203  0.03092  1.60300e+01 |204  0.01875  1.10608e-04
205  0.33957 -2.24796e+01 |206 -0.01850 -5.56153e-05 |207  0.25771  1.96165e+01
208 -0.00252 -5.11437e-05 |209  0.34074 -4.30414e+01 |210  0.33063  1.67138e+01
211 -0.31162 -1.15536e-03 |212  0.33244 -4.39763e+01 |213 -0.11643 -1.71714e+00
214 -0.00299 -6.38398e+00 |215  0.14351 -3.57229e-01 |216 -0.30447 -1.42372e-03
217  0.35757  7.18901e-02 |218 -0.00362 -1.29740e-01 |219  0.07846  2.10766e-01
220 -0.08079 -2.49755e-01 |221  0.22371  1.05167e+01 |222 -0.33232 -1.35084e-03
223  0.30741 -7.30645e+00 |224 -0.04145 -7.15250e+00 |225 -0.03514 -1.38518e+01
226  0.43281  5.04178e+00 |227  0.42592 -1.27319e+00 |228  0.36988  3.74866e-01
229  0.23572  6.94385e-05 |230  0.00289  3.79522e-06 |231  0.00985  3.29612e-04
232  0.00477 -1.34250e-05 |233  0.40426 -2.04160e+01 |234  0.41426  6.72352e+00
235  0.40878  1.33619e+00 |236  0.42417 -1.86183e+01 |237  0.01350 -1.41521e-05
238  0.02029 -7.54255e-06 |239  0.09998  1.94846e-03 |240  0.03367  2.07150e-04
241  0.37284 -4.89381e+00 |242  0.27931  2.23893e+00 |243  0.35144  1.61768e+01
244  0.38291 -6.11442e-01 |245  0.20684 -2.95821e-04 |246 -0.00451  2.16310e-06
247 -0.00488  1.81694e-05 |248  0.01320 -3.39745e-05 |249  0.36499  1.78766e+01
250  0.34971 -3.74831e+00 |251  0.35935 -3.96546e+01 |252  0.37001  5.95689e+00
253  0.38851 -6.47356e+00 |254  0.90568  2.10134e-02 |255  0.35734  1.85045e+01
256  0.21996  6.03099e-01 |257  0.08879  2.97068e-01 |258  0.03543  7.21032e-04
259  0.05386 -4.99147e-04 |260  0.41691 -1.27781e+00 |261  0.35436 -3.41219e-01
262 -0.10092  9.25461e-04 |263 -0.10289 -3.87026e-04 |264  0.11036 -4.74670e-01
265  0.16692 -9.69877e-01 |266 -0.03071  1.88887e+00 |267 -0.01897  2.01952e+00
268  0.00120  2.44142e+00 |269  0.03602  8.00195e+00 |270 -0.02412  1.82136e+00
271 -0.01823  1.89186e+00 |272  0.00515  6.34776e+00 |273 -0.02518  3.98521e+00
274  0.04827  9.80463e+00 |275 -0.00975 -1.95146e-01 |276 -0.00117  1.99555e-01
277  0.00280  2.10381e+00 |278  0.03507  5.07617e-01 |279 -0.01961 -7.26041e-01
280  0.00094 -1.04229e+00 |281 -0.00091 -1.37141e+00 |282  0.00734 -5.10454e+00
283 -0.02541 -7.08438e-01 |284  0.00263 -8.71698e-01 |285 -0.01356 -3.63340e+00
286 -0.05410 -1.86958e+00 |287  0.02615 -9.71661e+00 |288  0.03573 -5.16030e-02
289  0.00218 -7.14798e-02 |290 -0.01002 -1.02630e+00 |291  0.04853 -3.61034e-01
292 -0.00000  9.71963e-08 |293 -0.00000  3.89766e-07 |294  0.00000  2.14332e-07
295  0.00000  2.80031e-07 |296 -0.00000  2.49772e-07 |297  0.00000  3.20682e-07
298  0.00000  3.04290e-07 |299  0.00000 -3.83576e-08 |300 -0.00000 -6.60123e-08
301  0.00000 -6.93049e-08 |302 -0.00000  1.84552e-07 |303  0.00000  9.27172e-08
304 -0.00000  1.51953e-07 |305 -0.02772 -6.60114e-02 |306 -0.03210  5.61567e+00
307  0.00007 -4.24161e+00 |308 -0.03303  6.35389e+00 |309 -0.04404  1.67990e+00
310 -0.03957  9.19217e+00 |311  0.00344  2.86506e+00 |312  0.09452  2.00823e+01
313  0.08562  2.08922e+01 |314  0.00001  4.46451e-01 |315 -0.01140  2.88114e+00
316 -0.00067  1.10302e+00 |317 -0.01059  8.85029e-01 |318 -0.01995 -3.90360e+00
319  0.01401  3.60282e+00 |320 -0.02747 -2.59924e+00 |321 -0.02773 -4.92973e-01
322 -0.04526 -3.99346e+00 |323  0.00574 -1.63811e+00 |324  0.06431 -1.92955e+01
325  0.05753 -2.06803e+01 |326 -0.00021 -1.68588e-01 |327 -0.00862 -1.13343e+00
328  0.00005 -4.22382e-01 |

Initial statistics: 328 variables; iteration 0; function evaluation 0; phase 9
Function value 2.0628781e+03; maximum gradient component mag -4.8987e+02
Var    Value     Gradient |Var    Value     Gradient |Var    Value     Gradient
  1 -0.34374  3.80991e+02 |  2 -0.98677  1.16298e+00 |  3 -0.01145 -3.42250e+02
  4 -0.42034 -4.06054e+02 |  5 -0.21121  4.27622e+01 |  6 -0.29903 -4.89870e+02
  7 -0.07467 -1.06865e+02 |  8 -0.07040 -2.47337e+00 |  9 -0.04295 -1.56269e+00
 10 -0.03997 -2.19956e+00 | 11 -0.02518 -3.23613e+00 | 12 -0.00167 -4.90333e+00
 13  0.02495 -6.80741e+00 | 14  0.12160 -1.57957e+01 | 15  0.02532 -7.47735e+00
 16 -0.02027 -4.47581e+00 | 17  0.02886 -4.62066e+00 | 18  0.09683 -1.97967e+01
 19 -0.03731 -6.46128e+00 | 20 -0.04046 -6.11188e+00 | 21  0.03144 -8.81422e+00
 22  0.04266 -7.90381e+00 | 23  0.08483 -1.05288e+01 | 24  0.03365 -6.21492e+00
 25  0.07442 -8.32555e+00 | 26  0.08070 -1.10089e+01 | 27  0.03360 -8.97467e+00
 28  0.04410 -1.07843e+01 | 29  0.04378 -1.14846e+01 | 30  0.05076 -1.21709e+01
 31  0.06491 -1.46379e+01 | 32  0.02967 -1.17951e+01 | 33 -0.00520 -9.94365e+00
 34 -0.02412 -1.02101e+01 | 35 -0.00529 -1.36231e+01 | 36  0.02635 -1.66502e+01
 37 -0.01084 -1.23591e+01 | 38 -0.02629 -1.11643e+01 | 39 -0.03246 -1.04286e+01
 40  0.01425 -1.61515e+01 | 41  0.01230 -1.64180e+01 | 42 -0.04877 -1.03006e+01
 43 -0.06420 -8.90730e+00 | 44 -0.04628 -1.01191e+01 | 45 -0.04632 -7.95621e+00
 46  0.02884 -1.21968e+01 | 47  0.06612 -1.73234e+01 | 48  0.02819 -1.26674e+01
 49  0.07306 -1.57172e+01 | 50  0.00175 -8.37996e+00 | 51  0.01865 -9.21693e+00
 52  0.07208 -1.47244e+01 | 53  0.11605 -2.58387e+01 | 54  0.05058 -1.91584e+01
 55 -0.08888 -6.74283e+00 | 56 -0.06075 -8.09597e+00 | 57 -0.06690 -8.47090e+00
 58 -0.05469 -1.10354e+01 | 59 -0.09822 -4.90770e+00 | 60 -0.11885 -1.43086e+00
 61 -0.11128 -1.40890e+00 | 62 -0.09265 -5.21265e-01 | 63 -0.09854 -1.86346e-01
 64 -0.02254 -4.63428e-02 | 65  0.00000  0.00000e+00 | 66 -0.93344 -2.50681e+01
 67 -0.85112 -1.50490e+01 | 68 -0.83285 -9.10867e+00 | 69 -0.71852 -5.88003e+00
 70 -0.78138 -4.34596e+00 | 71 -0.83187 -8.20988e+00 | 72 -0.79395 -7.58423e+00
 73 -0.81985 -1.69001e+00 | 74 -0.86348 -3.96873e+00 | 75 -0.87165  1.13827e+00
 76 -0.76969 -1.45229e+00 | 77 -0.75266 -2.93125e+00 | 78 -0.71267 -1.98372e+00
 79 -0.58029 -5.14150e-01 | 80 -0.56769 -3.93956e-01 | 81 -0.55995 -2.98677e-01
 82 -0.62692 -5.35859e-01 | 83 -0.66357 -1.34376e+00 | 84 -0.60636  6.77735e-02
 85 -0.56463  1.52319e-02 | 86 -0.51386  5.63597e-01 | 87 -0.50578  4.88702e-01
 88 -0.49202 -4.19344e-01 | 89 -0.55789 -4.96443e-01 | 90 -0.55463 -4.91570e-01
 91 -0.59252 -9.94653e-01 | 92 -0.60285 -1.28554e+00 | 93 -0.62428 -1.05821e+00
 94 -0.59556  3.30988e-01 | 95 -0.60774 -8.94490e-02 | 96 -0.64643 -1.34345e+00
 97 -0.56987 -8.49485e-01 | 98 -0.66389 -7.35544e-01 | 99 -0.61130  4.74244e-02
100 -0.68239 -6.44904e-01 |101 -0.66113 -1.09986e+00 |102 -0.65561 -9.49873e-01
103 -0.58914  9.68136e-03 |104 -0.56906  5.34911e-01 |105 -0.59610  3.12030e-01
106 -0.54155  5.90230e-01 |107 -0.75112 -1.59713e+00 |108 -0.73160 -2.77631e+00
109 -0.77756 -2.34433e+00 |110 -0.72404 -3.54553e+00 |111 -0.68338 -2.32481e+00
112 -0.71759 -3.54143e+00 |113 -0.71381 -2.98078e+00 |114 -0.87833 -6.23506e+00
115 -0.74085 -3.80284e+00 |116 -0.70224 -4.75713e+00 |117 -0.53222 -3.57608e-01
118 -0.62038 -2.80043e+00 |119 -0.67152 -1.78185e+00 |120 -0.64066 -2.14616e+00
121 -0.72596 -1.51057e+00 |122 -0.72616 -7.77838e+00 |123 -0.66374 -5.96984e+00
124 -0.83069 -1.12864e+00 |125 -0.88418 -8.70603e+00 |126 -0.88471 -3.76619e+00
127 -0.84998 -4.65206e+00 |128 -0.84331  2.19298e+00 |129 -0.76477 -2.73968e+00
130 -0.81848  2.10249e+00 |131 -0.84280  1.42822e-01 |132 -0.79964 -3.77025e+00
133 -0.79775 -1.86391e-01 |134 -0.75881 -9.13853e-01 |135 -0.74504 -1.00961e+00
136 -0.69225 -8.89189e-01 |137 -0.68047 -5.55534e-01 |138 -0.68555 -4.99959e-01
139 -0.62185 -9.21677e-02 |140 -0.66515 -8.37306e-02 |141 -0.66544 -2.02479e-01
142 -0.75428 -3.76788e+00 |143 -0.70897 -2.02511e+00 |144 -0.65165 -2.43771e+00
145 -0.60827 -1.82079e+00 |146 -0.57620 -1.77598e+00 |147 -0.56639 -7.69511e-01
148 -0.58120 -1.23210e+00 |149 -0.62301 -1.74940e+00 |150 -0.68454 -1.68259e+00
151 -0.61825 -1.24961e+00 |152 -0.58241 -1.21262e+00 |153 -0.62077 -9.45417e-01
154 -0.61137  1.59214e+00 |155 -0.75502 -1.77723e+00 |156 -0.75666 -2.40965e+00
157 -0.84435 -2.97774e+00 |158 -0.72961 -2.41383e+00 |159 -0.70133 -4.68113e-01
160 -0.69206 -1.51209e+00 |161 -0.69444 -2.23776e+00 |162 -0.94913  8.82776e+00
163 -0.92726 -2.64136e+01 |164 -0.96350  8.55709e+01 |165 -0.85744 -6.62366e+00
166 -0.79689 -3.64863e+00 |167 -0.78979 -3.12640e+00 |168 -0.78998 -2.52871e+00
169 -0.79933 -2.06511e+00 |170 -0.73346 -1.28104e+00 |171 -0.75791 -2.83217e+00
172 -0.68875 -1.94205e+00 |173 -0.62092 -6.10745e-01 |174 -0.47632  2.01841e-01
175 -0.48830 -3.00276e-01 |176 -0.62133 -2.14646e+00 |177 -0.56827 -1.16855e+00
178 -0.53831 -7.70263e-01 |179 -0.50090  4.33124e-01 |180 -0.51478 -6.95729e-02
181 -0.50018 -7.46518e-01 |182 -0.44882 -5.72542e-01 |183 -0.41445 -6.82121e-01
184 -0.47062 -7.60389e-01 |185 -0.39681 -4.88040e-01 |186 -0.34659  1.42715e-01
187 -0.44729 -7.87803e-01 |188 -0.51650  2.79374e-01 |189 -0.41061 -4.76809e-01
190 -0.27437  2.13029e-01 |191 -0.20646  8.67323e-01 |192 -0.29267  2.08793e+00
193 -0.63190  4.46649e-01 |194 -0.63660 -4.08879e-01 |195 -0.82951 -3.65533e+00
196 -0.67037  8.13386e-02 |197 -0.62405  2.19085e-01 |198 -0.67925 -8.67526e-01
199 -0.63172 -1.53254e+00 |200  0.01955 -6.34448e+00 |201  0.01334 -3.05759e+02
202  0.04477 -3.29448e+01 |203  0.03092  1.60300e+01 |204  0.01875  1.10608e-04
205  0.33957 -2.24796e+01 |206 -0.01850 -5.56153e-05 |207  0.25771  1.96165e+01
208 -0.00252 -5.11437e-05 |209  0.34074 -4.30414e+01 |210  0.33063  1.67138e+01
211 -0.31162 -1.15536e-03 |212  0.33244 -4.39763e+01 |213 -0.11643 -1.71714e+00
214 -0.00299 -6.38398e+00 |215  0.14351 -3.57229e-01 |216 -0.30447 -1.42372e-03
217  0.35757  7.18901e-02 |218 -0.00362 -1.29740e-01 |219  0.07846  2.10766e-01
220 -0.08079 -2.49755e-01 |221  0.22371  1.05167e+01 |222 -0.33232 -1.35084e-03
223  0.30741 -7.30645e+00 |224 -0.04145 -7.15250e+00 |225 -0.03514 -1.38518e+01
226  0.43281  5.04178e+00 |227  0.42592 -1.27319e+00 |228  0.36988  3.74866e-01
229  0.23572  6.94385e-05 |230  0.00289  3.79522e-06 |231  0.00985  3.29612e-04
232  0.00477 -1.34250e-05 |233  0.40426 -2.04160e+01 |234  0.41426  6.72352e+00
235  0.40878  1.33619e+00 |236  0.42417 -1.86183e+01 |237  0.01350 -1.41521e-05
238  0.02029 -7.54255e-06 |239  0.09998  1.94846e-03 |240  0.03367  2.07150e-04
241  0.37284 -4.89381e+00 |242  0.27931  2.23893e+00 |243  0.35144  1.61768e+01
244  0.38291 -6.11442e-01 |245  0.20684 -2.95821e-04 |246 -0.00451  2.16310e-06
247 -0.00488  1.81694e-05 |248  0.01320 -3.39745e-05 |249  0.36499  1.78766e+01
250  0.34971 -3.74831e+00 |251  0.35935 -3.96546e+01 |252  0.37001  5.95689e+00
253  0.38851 -6.47356e+00 |254  0.90568  2.10134e-02 |255  0.35734  1.85045e+01
256  0.21996  6.03099e-01 |257  0.08879  2.97068e-01 |258  0.03543  7.21032e-04
259  0.05386 -4.99147e-04 |260  0.41691 -1.27781e+00 |261  0.35436 -3.41219e-01
262 -0.10092  9.25461e-04 |263 -0.10289 -3.87026e-04 |264  0.11036 -4.74670e-01
265  0.16692 -9.69877e-01 |266 -0.03071  1.88887e+00 |267 -0.01897  2.01952e+00
268  0.00120  2.44142e+00 |269  0.03602  8.00195e+00 |270 -0.02412  1.82136e+00
271 -0.01823  1.89186e+00 |272  0.00515  6.34776e+00 |273 -0.02518  3.98521e+00
274  0.04827  9.80463e+00 |275 -0.00975 -1.95146e-01 |276 -0.00117  1.99555e-01
277  0.00280  2.10381e+00 |278  0.03507  5.07617e-01 |279 -0.01961 -7.26041e-01
280  0.00094 -1.04229e+00 |281 -0.00091 -1.37141e+00 |282  0.00734 -5.10454e+00
283 -0.02541 -7.08438e-01 |284  0.00263 -8.71698e-01 |285 -0.01356 -3.63340e+00
286 -0.05410 -1.86958e+00 |287  0.02615 -9.71661e+00 |288  0.03573 -5.16030e-02
289  0.00218 -7.14798e-02 |290 -0.01002 -1.02630e+00 |291  0.04853 -3.61034e-01
292 -0.00000  9.71963e-08 |293 -0.00000  3.89766e-07 |294  0.00000  2.14332e-07
295  0.00000  2.80031e-07 |296 -0.00000  2.49772e-07 |297  0.00000  3.20682e-07
298  0.00000  3.04290e-07 |299  0.00000 -3.83576e-08 |300 -0.00000 -6.60123e-08
301  0.00000 -6.93049e-08 |302 -0.00000  1.84552e-07 |303  0.00000  9.27172e-08
304 -0.00000  1.51953e-07 |305 -0.02772 -6.60114e-02 |306 -0.03210  5.61567e+00
307  0.00007 -4.24161e+00 |308 -0.03303  6.35389e+00 |309 -0.04404  1.67990e+00
310 -0.03957  9.19217e+00 |311  0.00344  2.86506e+00 |312  0.09452  2.00823e+01
313  0.08562  2.08922e+01 |314  0.00001  4.46451e-01 |315 -0.01140  2.88114e+00
316 -0.00067  1.10302e+00 |317 -0.01059  8.85029e-01 |318 -0.01995 -3.90360e+00
319  0.01401  3.60282e+00 |320 -0.02747 -2.59924e+00 |321 -0.02773 -4.92973e-01
322 -0.04526 -3.99346e+00 |323  0.00574 -1.63811e+00 |324  0.06431 -1.92955e+01
325  0.05753 -2.06803e+01 |326 -0.00021 -1.68588e-01 |327 -0.00862 -1.13343e+00
328  0.00005 -4.22382e-01 |

Intermediate statistics: 328 variables; iteration 20; function evaluation 23; phase 9
Function value 2.0627812e+03; maximum gradient component mag -5.2446e+02
Var    Value     Gradient |Var    Value     Gradient |Var    Value     Gradient
  1 -0.34417  2.82336e+02 |  2 -0.98848  1.23000e+00 |  3 -0.01147 -5.24459e+02
  4 -0.42035 -3.22382e+02 |  5 -0.21146  2.78111e+01 |  6 -0.29926 -3.55405e+02
  7 -0.07477 -6.05319e+01 |  8 -0.07037 -1.23402e+00 |  9 -0.04291 -7.79837e-01
 10 -0.03989 -1.14005e+00 | 11 -0.02506 -1.72170e+00 | 12 -0.00152 -2.64116e+00
 13  0.02484 -3.70078e+00 | 14  0.12135 -8.84418e+00 | 15  0.02526 -4.27153e+00
 16 -0.02020 -2.79994e+00 | 17  0.02879 -3.23624e+00 | 18  0.09660 -1.39294e+01
 19 -0.03760 -4.46729e+00 | 20 -0.04041 -4.46454e+00 | 21  0.03130 -7.27622e+00
 22  0.04251 -7.36037e+00 | 23  0.08476 -8.75727e+00 | 24  0.03349 -5.36213e+00
 25  0.07418 -7.64236e+00 | 26  0.08050 -9.99182e+00 | 27  0.03333 -8.52426e+00
 28  0.04387 -1.03927e+01 | 29  0.04353 -1.07801e+01 | 30  0.05051 -1.12022e+01
 31  0.06478 -1.21149e+01 | 32  0.02953 -9.17196e+00 | 33 -0.00533 -7.54343e+00
 34 -0.02424 -7.00184e+00 | 35 -0.00519 -8.43672e+00 | 36  0.02621 -1.11704e+01
 37 -0.01096 -8.35490e+00 | 38 -0.02631 -7.15074e+00 | 39 -0.03257 -6.91586e+00
 40  0.01423 -1.03031e+01 | 41  0.01220 -1.08415e+01 | 42 -0.04885 -6.98114e+00
 43 -0.06432 -6.40094e+00 | 44 -0.04629 -6.80781e+00 | 45 -0.04634 -5.67602e+00
 46  0.02876 -9.55992e+00 | 47  0.06608 -1.25974e+01 | 48  0.02821 -8.76378e+00
 49  0.07301 -1.18246e+01 | 50  0.00169 -6.07119e+00 | 51  0.01863 -6.17160e+00
 52  0.07206 -9.65509e+00 | 53  0.11608 -1.59549e+01 | 54  0.05044 -1.19724e+01
 55 -0.08873 -3.95030e+00 | 56 -0.06096 -6.28906e+00 | 57 -0.06709 -7.08768e+00
 58 -0.05472 -8.39859e+00 | 59 -0.09848 -5.36999e+00 | 60 -0.11919 -2.83143e+00
 61 -0.11115 -4.56892e-01 | 62 -0.09258  7.54758e-02 | 63 -0.09854 -1.04296e-03
 64 -0.02253 -1.87106e-02 | 65  0.00000  0.00000e+00 | 66 -0.93335 -1.24685e+01
 67 -0.85082 -3.58859e+00 | 68 -0.83265 -5.16296e+00 | 69 -0.71823 -3.72866e+00
 70 -0.78112 -1.83472e+00 | 71 -0.83156 -2.43159e+00 | 72 -0.79364 -2.43044e+00
 73 -0.81976 -3.33971e+00 | 74 -0.86350 -8.04230e+00 | 75 -0.87167 -3.91715e+00
 76 -0.76957 -1.01018e+00 | 77 -0.75255 -1.76248e+00 | 78 -0.71261 -1.43612e+00
 79 -0.58015 -1.63466e-02 | 80 -0.56751  1.88245e-01 | 81 -0.55975  9.19394e-02
 82 -0.62682 -7.26736e-01 | 83 -0.66337 -3.95487e-01 | 84 -0.60632 -5.12186e-01
 85 -0.56451  3.79955e-02 | 86 -0.51382  9.59071e-02 | 87 -0.50580 -6.31500e-02
 88 -0.49180  4.04180e-01 | 89 -0.55788 -5.00167e-01 | 90 -0.55462 -5.46971e-01
 91 -0.59248 -6.64334e-01 | 92 -0.60276 -3.90128e-01 | 93 -0.62428 -7.44493e-01
 94 -0.59549 -4.41216e-01 | 95 -0.60765 -5.61445e-01 | 96 -0.64633 -9.29283e-01
 97 -0.56971 -3.12045e-01 | 98 -0.66388 -1.07445e+00 | 99 -0.61135 -8.39896e-01
100 -0.68242 -1.34127e+00 |101 -0.66109 -8.12505e-01 |102 -0.65559 -7.80867e-01
103 -0.58920 -5.83774e-01 |104 -0.56915 -3.58603e-01 |105 -0.59605  2.39148e-01
106 -0.54160 -3.74098e-01 |107 -0.75110 -1.14388e+00 |108 -0.73155 -1.74527e+00
109 -0.77751 -1.16494e+00 |110 -0.72393 -2.05410e+00 |111 -0.68327 -1.52900e+00
112 -0.71745 -2.07451e+00 |113 -0.71373 -2.27061e+00 |114 -0.87826 -5.27763e+00
115 -0.74054 -1.92992e+00 |116 -0.70183 -2.13269e+00 |117 -0.53192 -2.11913e+00
118 -0.61991 -1.13628e+00 |119 -0.67112 -1.09369e+00 |120 -0.64033 -1.41522e+00
121 -0.72587 -2.52886e+00 |122 -0.72597 -4.40181e+00 |123 -0.66353 -2.94375e+00
124 -0.83070 -4.27226e+00 |125 -0.88414 -5.25639e+00 |126 -0.88470 -6.89110e+00
127 -0.84987 -1.37878e+00 |128 -0.84334 -3.48419e+00 |129 -0.76465 -2.77629e+00
130 -0.81845 -1.29491e+00 |131 -0.84276 -3.09767e+00 |132 -0.79953 -3.79408e+00
133 -0.79769 -1.18036e+00 |134 -0.75872 -1.13699e+00 |135 -0.74497 -1.14803e+00
136 -0.69216 -6.82313e-01 |137 -0.68039 -6.61812e-01 |138 -0.68547 -7.27434e-01
139 -0.62176 -3.82191e-01 |140 -0.66508 -4.00018e-01 |141 -0.66535 -1.99600e-01
142 -0.75415 -1.40728e+00 |143 -0.70887 -8.75627e-01 |144 -0.65154 -1.18338e+00
145 -0.60826 -1.41027e+00 |146 -0.57610 -6.97980e-01 |147 -0.56649 -1.07204e+00
148 -0.58120 -7.88087e-01 |149 -0.62299 -9.12664e-01 |150 -0.68460 -1.68956e+00
151 -0.61832 -1.09565e+00 |152 -0.58240 -4.87999e-01 |153 -0.62081 -6.53646e-01
154 -0.61152 -7.34330e-01 |155 -0.75498 -1.55254e+00 |156 -0.75661 -1.82206e+00
157 -0.84433 -2.76011e+00 |158 -0.72950 -1.60862e+00 |159 -0.70130 -1.27356e+00
160 -0.69194 -1.26503e+00 |161 -0.69429 -1.49442e+00 |162 -0.94914  1.14537e+00
163 -0.92720 -1.40497e+01 |164 -0.96354  4.43413e+01 |165 -0.85735 -3.09945e+00
166 -0.79680 -3.07206e+00 |167 -0.78969 -2.79733e+00 |168 -0.78988 -2.41647e+00
169 -0.79925 -2.42816e+00 |170 -0.73337 -1.43305e+00 |171 -0.75782 -2.44355e+00
172 -0.68863 -1.24773e+00 |173 -0.62096 -1.40102e+00 |174 -0.47646 -6.08064e-01
175 -0.48823 -4.26883e-01 |176 -0.62108 -4.66141e-01 |177 -0.56813 -6.28859e-01
178 -0.53821 -4.86973e-01 |179 -0.50110 -8.74886e-01 |180 -0.51481 -5.85936e-01
181 -0.50000 -1.85726e-01 |182 -0.44872 -3.99135e-01 |183 -0.41441 -4.93502e-01
184 -0.47063 -6.44209e-01 |185 -0.39665 -5.13449e-04 |186 -0.34662  2.24289e-02
187 -0.44710  1.17741e-01 |188 -0.51688 -1.31134e+00 |189 -0.41052  2.67638e-02
190 -0.27438  2.45720e-01 |191 -0.20645  6.44532e-01 |192 -0.29268  1.23924e+00
193 -0.63194 -1.65938e-01 |194 -0.63656 -1.10913e-01 |195 -0.82947 -1.83888e+00
196 -0.67041 -7.54943e-01 |197 -0.62414 -9.47815e-01 |198 -0.67921 -1.13210e+00
199 -0.63159 -9.67190e-01 |200  0.01956 -9.40935e+00 |201  0.01375 -1.54873e+02
202  0.04421 -1.71082e+01 |203  0.03091  8.04147e+00 |204  0.01875  1.59030e-04
205  0.33974 -9.25877e+00 |206 -0.01850 -3.71618e-05 |207  0.25756  1.06662e+01
208 -0.00252 -5.04760e-05 |209  0.34067 -2.01839e+01 |210  0.33048  4.64436e+00
211 -0.31162 -1.21347e-03 |212  0.33245 -1.55466e+01 |213 -0.11609 -1.82300e+00
214 -0.00292 -5.37219e+00 |215  0.14363  5.58465e-02 |216 -0.30447 -1.41068e-03
217  0.35767 -2.90463e-01 |218 -0.00356 -1.40792e-02 |219  0.07836 -1.09583e-01
220 -0.08066 -4.87479e-02 |221  0.22396  2.91553e+01 |222 -0.33232 -8.21365e-04
223  0.30731 -4.27303e+01 |224 -0.04214 -2.72824e+00 |225 -0.03531 -6.92811e+00
226  0.43231 -3.36813e-01 |227  0.42569  8.31252e-01 |228  0.36969  2.48256e+00
229  0.23572  7.99869e-05 |230  0.00289  3.76622e-06 |231  0.00985  3.30112e-04
232  0.00477 -1.12470e-05 |233  0.40422 -2.54363e+00 |234  0.41409 -1.33685e+00
235  0.40875 -5.83954e+00 |236  0.42423 -1.07289e+01 |237  0.01350 -1.36149e-05
238  0.02029 -7.83427e-06 |239  0.09998  1.95270e-03 |240  0.03367  2.21691e-04
241  0.37273 -1.21676e+00 |242  0.27920  2.73894e-01 |243  0.35125  7.01030e+00
244  0.38291  2.55252e+00 |245  0.20685 -3.04833e-04 |246 -0.00451  2.55928e-06
247 -0.00488  1.85364e-05 |248  0.01320 -3.33033e-05 |249  0.36496  9.39810e+00
250  0.34976  1.82500e-01 |251  0.35938 -1.52429e+01 |252  0.37000 -1.95655e+00
253  0.38824 -1.92287e+00 |254  0.90567  2.10099e-02 |255  0.35722  7.04506e+00
256  0.21989  4.59473e-01 |257  0.08876  7.88769e-01 |258  0.03543  7.19726e-04
259  0.05386 -5.03192e-04 |260  0.41697 -7.93130e-01 |261  0.35435 -8.19585e-01
262 -0.10092  9.23354e-04 |263 -0.10289 -3.89931e-04 |264  0.11045 -3.66444e-01
265  0.16713 -2.67412e-01 |266 -0.03068  9.24322e-01 |267 -0.01902  3.33508e-01
268  0.00119  1.33906e+00 |269  0.03605  3.97877e+00 |270 -0.02425  1.69497e-01
271 -0.01818  9.94798e-01 |272  0.00515  7.93477e-01 |273 -0.02515  4.22301e+00
274  0.04833  6.98757e+00 |275 -0.00971  5.19383e-01 |276 -0.00113  5.15357e-02
277  0.00273  3.44144e-01 |278  0.03498 -1.61279e-01 |279 -0.01961 -3.30014e-01
280  0.00096 -1.13533e-01 |281 -0.00090 -7.52482e-01 |282  0.00743 -2.26761e+00
283 -0.02532 -1.02105e-03 |284  0.00245 -6.41938e-01 |285 -0.01349 -3.33296e-01
286 -0.05413 -1.66248e+00 |287  0.02624 -4.94341e+00 |288  0.03576 -3.55738e-01
289  0.00216  1.87076e-02 |290 -0.01006  1.54607e-02 |291  0.04860  4.57124e-01
292 -0.00000 -1.15977e-07 |293 -0.00000  6.01864e-08 |294  0.00000  1.15780e-07
295  0.00000  1.96617e-07 |296 -0.00000  1.38736e-07 |297  0.00000  8.17122e-08
298  0.00000  1.30189e-07 |299  0.00000  2.20871e-08 |300 -0.00000  1.09232e-07
301  0.00000  8.79485e-08 |302 -0.00000  9.99439e-08 |303  0.00000  6.31238e-08
304 -0.00000  1.20599e-07 |305 -0.02780  3.19097e-01 |306 -0.03207  1.36467e+00
307  0.00011  3.36589e+00 |308 -0.03313  8.37940e-01 |309 -0.04409  1.23424e+00
310 -0.03963  2.97172e+00 |311  0.00335  3.50012e+00 |312  0.09450  8.73881e+00
313  0.08567  7.07463e+00 |314  0.00003  2.18215e+00 |315 -0.01146  1.63807e+00
316 -0.00066  2.16329e+00 |317 -0.01081  1.02352e-01 |318 -0.01978 -9.73923e-01
319  0.01398 -2.27335e+00 |320 -0.02750 -4.15393e-01 |321 -0.02789 -7.87955e-01
322 -0.04526 -1.55369e+00 |323  0.00565 -2.47608e+00 |324  0.06440 -6.87423e+00
325  0.05772 -5.43557e+00 |326 -0.00021 -8.65272e-01 |327 -0.00858 -6.37796e-01
328  0.00004 -8.37518e-01 |
328 variables; iteration 40; function evaluation 43; phase 9
Function value 2.0627484e+03; maximum gradient component mag -5.0115e+02
Var    Value     Gradient |Var    Value     Gradient |Var    Value     Gradient
  1 -0.34559  2.34954e+02 |  2 -1.00310 -3.82183e-01 |  3 -0.01147 -5.01154e+02
  4 -0.42028 -2.41966e+02 |  5 -0.21214  2.75726e+01 |  6 -0.30018 -3.03294e+02
  7 -0.07590 -6.01663e+01 |  8 -0.07104 -1.13088e+00 |  9 -0.04318 -7.21204e-01
 10 -0.04004 -9.95999e-01 | 11 -0.02509 -1.48882e+00 | 12 -0.00121 -2.31278e+00
 13  0.02406 -3.70278e+00 | 14  0.12161 -8.71487e+00 | 15  0.02545 -4.44265e+00
 16 -0.01942 -3.03412e+00 | 17  0.02915 -3.64701e+00 | 18  0.09505 -1.49518e+01
 19 -0.03950 -5.08439e+00 | 20 -0.04180 -4.35189e+00 | 21  0.02955 -6.81485e+00
 22  0.04122 -6.30828e+00 | 23  0.08367 -6.41644e+00 | 24  0.03258 -3.50447e+00
 25  0.07341 -3.99071e+00 | 26  0.07994 -6.13583e+00 | 27  0.03259 -6.51845e+00
 28  0.04330 -7.88682e+00 | 29  0.04286 -7.99394e+00 | 30  0.04999 -8.01709e+00
 31  0.06417 -9.49078e+00 | 32  0.02896 -7.69628e+00 | 33 -0.00582 -6.30305e+00
 34 -0.02472 -5.89614e+00 | 35 -0.00574 -7.30013e+00 | 36  0.02581 -9.10707e+00
 37 -0.01137 -7.38658e+00 | 38 -0.02683 -7.06151e+00 | 39 -0.03301 -6.34530e+00
 40  0.01374 -9.78715e+00 | 41  0.01176 -1.06099e+01 | 42 -0.04928 -6.86275e+00
 43 -0.06465 -5.31608e+00 | 44 -0.04659 -5.19755e+00 | 45 -0.04669 -4.09824e+00
 46  0.02846 -7.19172e+00 | 47  0.06576 -1.05816e+01 | 48  0.02790 -7.65636e+00
 49  0.07271 -9.86586e+00 | 50  0.00143 -5.43490e+00 | 51  0.01833 -5.81604e+00
 52  0.07186 -8.80916e+00 | 53  0.11577 -1.58777e+01 | 54  0.05012 -1.24573e+01
 55 -0.08950 -4.92790e+00 | 56 -0.06134 -5.83150e+00 | 57 -0.06760 -6.47321e+00
 58 -0.05527 -7.69224e+00 | 59 -0.09893 -4.12256e+00 | 60 -0.11950 -1.46749e+00
 61 -0.11173 -1.11646e+00 | 62 -0.09322 -8.73133e-01 | 63 -0.09905 -2.91324e-01
 64 -0.02256 -4.21508e-04 | 65  0.00000  0.00000e+00 | 66 -0.93274  1.00777e+01
 67 -0.84972 -7.06583e+00 | 68 -0.83134 -6.33975e+00 | 69 -0.71578 -4.19111e+00
 70 -0.77941 -3.60346e+00 | 71 -0.83021 -1.79855e-02 | 72 -0.79197 -2.83906e+00
 73 -0.81842 -5.08807e+00 | 74 -0.86250 -4.25280e+00 | 75 -0.87099 -8.75643e+00
 76 -0.76844 -1.73650e+00 | 77 -0.75144 -7.11768e-01 | 78 -0.71151 -1.33546e+00
 79 -0.57874  3.89322e-01 | 80 -0.56621  3.27216e-01 | 81 -0.55852  3.86320e-02
 82 -0.62583 -3.32711e-01 | 83 -0.66265 -6.11294e-01 | 84 -0.60548 -2.00874e-01
 85 -0.56369 -1.11113e-01 | 86 -0.51293 -5.18288e-02 | 87 -0.50485  5.80573e-02
 88 -0.49091 -1.55907e-01 | 89 -0.55695 -2.76929e-01 | 90 -0.55371 -3.95751e-01
 91 -0.59169 -5.89000e-01 | 92 -0.60202 -4.54581e-01 | 93 -0.62356 -4.30858e-01
 94 -0.59546  1.12312e-01 | 95 -0.60768 -2.49527e-01 | 96 -0.64601 -1.21373e+00
 97 -0.56941 -8.06778e-01 | 98 -0.66362 -9.40545e-01 | 99 -0.61108 -7.85309e-01
100 -0.68219 -1.23003e+00 |101 -0.66087 -8.68301e-01 |102 -0.65541 -8.95916e-01
103 -0.58900 -5.78160e-01 |104 -0.56887 -3.03488e-01 |105 -0.59566  9.38350e-02
106 -0.54067  1.63755e-01 |107 -0.75057 -5.22341e-01 |108 -0.73109 -2.62869e+00
109 -0.77712 -2.03184e-01 |110 -0.72357 -2.33038e+00 |111 -0.68288 -1.70604e+00
112 -0.71710 -1.39211e+00 |113 -0.71344 -2.17297e+00 |114 -0.87737 -7.49436e+00
115 -0.73854 -1.90999e+00 |116 -0.69949 -3.03508e+00 |117 -0.52743 -1.45120e+00
118 -0.61679 -1.17214e+00 |119 -0.66850 -2.08247e+00 |120 -0.63734 -5.35594e-01
121 -0.72353 -2.50006e+00 |122 -0.72346 -4.07642e+00 |123 -0.66084 -2.89852e+00
124 -0.82994 -1.91629e+00 |125 -0.88361 -5.25029e+00 |126 -0.88421  1.96724e+00
127 -0.84944 -1.13172e+00 |128 -0.84291 -1.93564e+00 |129 -0.76409 -3.27585e+00
130 -0.81802 -1.11688e-01 |131 -0.84244 -1.85971e+00 |132 -0.79911 -1.04098e+00
133 -0.79739 -1.53770e+00 |134 -0.75833 -3.13769e-01 |135 -0.74457 -6.80714e-01
136 -0.69165 -6.13489e-01 |137 -0.67982 -5.09074e-01 |138 -0.68493 -8.54328e-01
139 -0.62111 -4.31306e-01 |140 -0.66452 -4.34969e-01 |141 -0.66481 -2.70699e-01
142 -0.75377 -9.87058e-01 |143 -0.70853 -1.46484e+00 |144 -0.65118 -1.53533e+00
145 -0.60783 -1.13571e+00 |146 -0.57572 -8.13864e-01 |147 -0.56610 -9.51680e-01
148 -0.58083 -8.70466e-01 |149 -0.62267 -8.94588e-01 |150 -0.68437 -1.46414e+00
151 -0.61804 -8.20815e-01 |152 -0.58208 -4.30808e-01 |153 -0.62035 -3.28832e-01
154 -0.61103 -1.73308e-01 |155 -0.75466 -2.27398e+00 |156 -0.75629 -2.55186e+00
157 -0.84417 -3.48235e+00 |158 -0.72928 -1.58031e+00 |159 -0.70114 -2.05654e+00
160 -0.69175 -1.19189e+00 |161 -0.69410 -9.33905e-01 |162 -0.94892 -5.09208e+00
163 -0.92689 -4.69673e+00 |164 -0.96342  4.72038e+01 |165 -0.85693 -3.80813e-01
166 -0.79629 -2.76503e+00 |167 -0.78918 -2.15666e+00 |168 -0.78942 -2.15721e+00
169 -0.79887 -1.95299e+00 |170 -0.73290 -1.05231e+00 |171 -0.75749 -3.48228e+00
172 -0.68815 -1.29533e+00 |173 -0.62029 -9.12966e-01 |174 -0.47521  6.20648e-01
175 -0.48722 -1.11768e-01 |176 -0.62049 -7.42291e-01 |177 -0.56745 -7.62423e-01
178 -0.53746 -4.20833e-01 |179 -0.50009  2.55140e-01 |180 -0.51401 -1.66935e-01
181 -0.49940 -4.90786e-01 |182 -0.44811 -4.29873e-01 |183 -0.41368 -1.37281e-01
184 -0.47000 -7.59782e-02 |185 -0.39621 -2.98540e-01 |186 -0.34591  2.34977e-01
187 -0.44678 -4.47718e-01 |188 -0.51632 -1.02713e-01 |189 -0.41029 -3.84345e-01
190 -0.27395 -3.52228e-02 |191 -0.20546  6.77080e-01 |192 -0.29235  7.54775e-01
193 -0.63149 -7.03516e-02 |194 -0.63614 -3.92952e-01 |195 -0.82930 -8.67244e-01
196 -0.67023 -8.65883e-01 |197 -0.62391 -5.24198e-01 |198 -0.67906 -7.05493e-01
199 -0.63146 -6.36792e-01 |200  0.01982 -2.94410e+00 |201  0.01405 -1.51597e+02
202  0.04356 -1.60790e+01 |203  0.03111  8.12725e+00 |204  0.01875  1.67118e-04
205  0.33976 -9.28642e+00 |206 -0.01850 -3.57146e-05 |207  0.25754  9.51723e+00
208 -0.00252 -4.95163e-05 |209  0.34083 -2.13373e+01 |210  0.33027  4.68523e+00
211 -0.31161 -9.53365e-04 |212  0.33241 -1.32565e+01 |213 -0.11359 -2.41006e-01
214 -0.00349 -4.83294e+00 |215  0.14386  2.68492e-01 |216 -0.30446 -1.39986e-03
217  0.35793 -8.72757e-02 |218 -0.00370  6.07017e-02 |219  0.07873 -3.33212e-02
220 -0.08056  4.92630e-03 |221  0.22422  2.88284e+01 |222 -0.33232 -9.10384e-04
223  0.30747 -4.04436e+01 |224 -0.04513 -3.70179e+00 |225 -0.03450 -4.96340e+00
226  0.43254  1.29293e+00 |227  0.42407 -6.62574e-01 |228  0.36915  2.39121e+00
229  0.23572  9.16006e-05 |230  0.00289  3.59806e-06 |231  0.00985  3.30571e-04
232  0.00477 -9.49385e-06 |233  0.40433 -5.54584e+00 |234  0.41386  2.62013e+00
235  0.40871 -7.19115e+00 |236  0.42430 -1.50929e+01 |237  0.01350 -1.28246e-05
238  0.02029 -9.56379e-06 |239  0.09996  1.95884e-03 |240  0.03366  2.33278e-04
241  0.37261 -1.08803e+00 |242  0.27889 -2.81996e-01 |243  0.35109  6.25764e+00
244  0.38197  3.76957e+00 |245  0.20685 -2.90953e-04 |246 -0.00451  2.54076e-06
247 -0.00488  1.88465e-05 |248  0.01320 -3.34918e-05 |249  0.36495  7.04933e+00
250  0.34971  1.11455e+00 |251  0.35939 -1.33106e+01 |252  0.36977 -7.79211e+00
253  0.38715 -3.63858e+00 |254  0.90551  2.09748e-02 |255  0.35697  9.05432e+00
256  0.21942  3.13800e-01 |257  0.08816 -1.51284e-01 |258  0.03543  7.18442e-04
259  0.05386 -5.13686e-04 |260  0.41682 -5.69458e-01 |261  0.35412  3.91546e-01
262 -0.10093  9.22694e-04 |263 -0.10288 -3.97550e-04 |264  0.11111 -7.48217e-02
265  0.16761 -3.37294e-01 |266 -0.03076 -6.01829e-01 |267 -0.01906  8.42286e-01
268  0.00128  1.70140e+00 |269  0.03624  5.51296e+00 |270 -0.02415  1.47294e+00
271 -0.01840 -1.30939e-01 |272  0.00519  2.98225e+00 |273 -0.02516  4.10201e+00
274  0.04829  1.72086e+00 |275 -0.00948  1.45006e+00 |276 -0.00110  6.11048e-01
277  0.00266  7.18405e-01 |278  0.03496  3.99239e-01 |279 -0.01962  2.06950e-01
280  0.00092 -4.25240e-01 |281 -0.00091 -9.48433e-01 |282  0.00759 -3.11000e+00
283 -0.02532 -5.08473e-01 |284  0.00238 -3.98459e-02 |285 -0.01349 -1.65064e+00
286 -0.05410 -1.51815e+00 |287  0.02627 -8.80117e-01 |288  0.03589 -9.37415e-01
289  0.00217 -2.59935e-01 |290 -0.01020 -5.52108e-01 |291  0.04844 -3.36260e-01
292 -0.00000 -8.94435e-08 |293 -0.00000  2.27686e-07 |294  0.00000  1.61139e-07
295  0.00000  2.52133e-07 |296 -0.00000  1.94234e-07 |297  0.00000 -1.02312e-08
298  0.00000  2.33478e-07 |299  0.00000  1.39597e-07 |300 -0.00000  9.65087e-08
301  0.00000  2.70233e-07 |302 -0.00000 -7.58931e-08 |303  0.00000  1.26412e-08
304 -0.00000  8.91102e-08 |305 -0.02794  1.07713e+00 |306 -0.03176  1.74682e+00
307  0.00052  4.26460e+00 |308 -0.03296  8.11979e-01 |309 -0.04389  2.55654e+00
310 -0.03953 -3.63274e+00 |311  0.00366  3.70355e+00 |312  0.09470  9.97034e+00
313  0.08587  8.15203e+00 |314 -0.00013  9.44231e-01 |315 -0.01128  1.88581e+00
316 -0.00058 -7.50514e-01 |317 -0.01125 -7.69021e-01 |318 -0.01951 -4.97543e-01
319  0.01415 -3.33473e+00 |320 -0.02728  1.18124e-02 |321 -0.02773 -8.37146e-01
322 -0.04501  2.05412e+00 |323  0.00580 -1.97395e+00 |324  0.06426 -9.80328e+00
325  0.05759 -7.90400e+00 |326 -0.00012 -3.71066e-01 |327 -0.00863 -7.49512e-01
328  0.00004  3.09617e-01 |
328 variables; iteration 60; function evaluation 63; phase 9
Function value 2.0627327e+03; maximum gradient component mag -4.8181e+02
Var    Value     Gradient |Var    Value     Gradient |Var    Value     Gradient
  1 -0.34728  2.08689e+02 |  2 -1.00879 -1.19004e+00 |  3 -0.01147 -4.81808e+02
  4 -0.42024 -1.88719e+02 |  5 -0.21407  2.46832e+01 |  6 -0.30276 -2.71003e+02
  7 -0.07644 -6.19038e+01 |  8 -0.07114 -1.02168e+00 |  9 -0.04327 -7.08756e-01
 10 -0.04017 -1.01051e+00 | 11 -0.02524 -1.52089e+00 | 12 -0.00150 -2.44600e+00
 13  0.02426 -3.80749e+00 | 14  0.12187 -9.20797e+00 | 15  0.02585 -4.68064e+00
 16 -0.01937 -3.19819e+00 | 17  0.02954 -3.29072e+00 | 18  0.09452 -1.40653e+01
 19 -0.03987 -4.97671e+00 | 20 -0.04249 -4.05476e+00 | 21  0.02919 -5.33372e+00
 22  0.04129 -5.95040e+00 | 23  0.08405 -6.36501e+00 | 24  0.03300 -3.51178e+00
 25  0.07344 -3.74747e+00 | 26  0.08061 -4.54353e+00 | 27  0.03308 -5.14489e+00
 28  0.04373 -6.90570e+00 | 29  0.04328 -6.57157e+00 | 30  0.05064 -5.07094e+00
 31  0.06476 -6.95283e+00 | 32  0.02951 -7.15529e+00 | 33 -0.00511 -6.24034e+00
 34 -0.02403 -6.05423e+00 | 35 -0.00499 -6.70369e+00 | 36  0.02664 -6.85561e+00
 37 -0.01062 -6.23014e+00 | 38 -0.02611 -6.73241e+00 | 39 -0.03229 -5.64128e+00
 40  0.01453 -7.63129e+00 | 41  0.01250 -8.94754e+00 | 42 -0.04852 -6.42900e+00
 43 -0.06390 -5.25020e+00 | 44 -0.04580 -4.79366e+00 | 45 -0.04587 -2.67949e+00
 46  0.02925 -4.38201e+00 | 47  0.06657 -7.15636e+00 | 48  0.02867 -6.09651e+00
 49  0.07341 -8.83515e+00 | 50  0.00205 -5.07141e+00 | 51  0.01904 -4.52635e+00
 52  0.07245 -7.36606e+00 | 53  0.11617 -1.48191e+01 | 54  0.05034 -1.15249e+01
 55 -0.08931 -4.44625e+00 | 56 -0.06112 -4.82482e+00 | 57 -0.06710 -5.14422e+00
 58 -0.05467 -6.89595e+00 | 59 -0.09822 -3.84835e+00 | 60 -0.11884 -1.78024e+00
 61 -0.11111 -1.58591e+00 | 62 -0.09242 -4.05650e-01 | 63 -0.09822  1.14184e-01
 64 -0.02263 -5.83941e-02 | 65  0.00000  0.00000e+00 | 66 -0.93221  9.11265e+00
 67 -0.84853 -6.00977e+00 | 68 -0.82990 -5.65655e+00 | 69 -0.71320 -3.22225e+00
 70 -0.77745 -2.79515e+00 | 71 -0.82878 -3.98412e+00 | 72 -0.79009 -3.07285e+00
 73 -0.81680 -3.68468e+00 | 74 -0.86139 -5.83476e+00 | 75 -0.87021 -5.76940e+00
 76 -0.76728 -1.33688e+00 | 77 -0.75042 -1.41770e+00 | 78 -0.71045 -1.37801e+00
 79 -0.57735  5.37734e-02 | 80 -0.56485 -6.82935e-02 | 81 -0.55714 -2.74783e-01
 82 -0.62474 -8.51929e-01 | 83 -0.66171 -4.99588e-01 | 84 -0.60444  9.80010e-02
 85 -0.56256  2.91282e-01 | 86 -0.51167  5.21279e-01 | 87 -0.50370  2.83454e-02
 88 -0.48979 -6.05511e-01 | 89 -0.55585 -1.24348e-01 | 90 -0.55258 -7.03454e-02
 91 -0.59072 -6.17439e-01 | 92 -0.60111 -7.02766e-01 | 93 -0.62270 -4.22597e-01
 94 -0.59445 -3.05685e-01 | 95 -0.60676 -7.31843e-01 | 96 -0.64519 -1.58629e+00
 97 -0.56825 -5.50457e-01 | 98 -0.66270 -7.04941e-01 | 99 -0.60988  7.05040e-02
100 -0.68130 -1.95056e+00 |101 -0.65972 -8.63163e-02 |102 -0.65428 -7.67728e-01
103 -0.58770 -6.10650e-01 |104 -0.56756 -2.85283e-01 |105 -0.59449 -3.29720e-01
106 -0.53927  8.27911e-02 |107 -0.74974  1.26722e-01 |108 -0.73020 -1.21903e+00
109 -0.77656 -1.17304e+00 |110 -0.72288 -1.71775e+00 |111 -0.68211 -8.56685e-01
112 -0.71652 -1.69620e+00 |113 -0.71284 -1.74513e+00 |114 -0.87639 -8.52570e+00
115 -0.73658 -2.98226e+00 |116 -0.69717 -4.05469e+00 |117 -0.52299 -9.76152e-01
118 -0.61308 -8.07327e-01 |119 -0.66543 -1.59214e+00 |120 -0.63387  1.64047e-02
121 -0.72075 -5.14090e-01 |122 -0.72032 -3.96532e+00 |123 -0.65709 -2.30905e+00
124 -0.82900 -2.48932e+00 |125 -0.88315 -1.07592e+01 |126 -0.88379 -2.33802e+00
127 -0.84893 -3.65989e-01 |128 -0.84247 -4.13899e+00 |129 -0.76330 -1.89687e+00
130 -0.81749 -2.00801e-01 |131 -0.84194  2.18263e+00 |132 -0.79871 -3.93600e+00
133 -0.79689 -5.64339e-01 |134 -0.75781 -1.18109e+00 |135 -0.74397 -4.12419e-01
136 -0.69082  7.43914e-01 |137 -0.67908 -1.04835e+00 |138 -0.68423 -1.81960e+00
139 -0.62013 -1.00173e-01 |140 -0.66373 -7.83848e-01 |141 -0.66402 -2.67272e-01
142 -0.75319 -1.94110e+00 |143 -0.70776 -6.83089e-01 |144 -0.65040 -1.83353e+00
145 -0.60684 -9.80191e-01 |146 -0.57458 -5.95436e-01 |147 -0.56473  2.46861e-01
148 -0.57952 -2.23474e-01 |149 -0.62146 -5.04678e-01 |150 -0.68348 -2.66912e+00
151 -0.61687 -8.51624e-01 |152 -0.58092 -7.50511e-01 |153 -0.61929 -4.36786e-01
154 -0.60972  3.10974e-01 |155 -0.75383 -2.28850e+00 |156 -0.75548 -1.65705e+00
157 -0.84373 -3.27478e+00 |158 -0.72859 -1.50608e+00 |159 -0.70039 -1.55632e+00
160 -0.69106 -1.30411e+00 |161 -0.69345 -9.73103e-01 |162 -0.94866 -3.51574e+00
163 -0.92657 -3.97735e+00 |164 -0.96328  4.89639e+01 |165 -0.85640  1.35222e+00
166 -0.79562 -2.74806e+00 |167 -0.78847 -1.81340e+00 |168 -0.78872 -1.51696e+00
169 -0.79822 -6.40504e-02 |170 -0.73213 -4.57099e-01 |171 -0.75676 -1.40143e+00
172 -0.68730 -7.55952e-01 |173 -0.61935 -1.25041e+00 |174 -0.47412 -8.10143e-01
175 -0.48567  3.56920e-01 |176 -0.61937 -7.69857e-02 |177 -0.56619 -4.77508e-01
178 -0.53614 -2.98193e-01 |179 -0.49865  4.68074e-01 |180 -0.51260  2.99764e-01
181 -0.49807 -3.82917e-01 |182 -0.44657 -1.09153e-01 |183 -0.41209 -3.27677e-01
184 -0.46855 -4.12715e-01 |185 -0.39431 -1.84515e-01 |186 -0.34366  3.74499e-01
187 -0.44479 -1.25057e-01 |188 -0.51454  5.27521e-01 |189 -0.40818 -8.11837e-02
190 -0.27140  3.03010e-01 |191 -0.20286  5.00088e-01 |192 -0.28970  9.92332e-01
193 -0.63022 -1.34841e-01 |194 -0.63500 -7.57881e-01 |195 -0.82884 -1.53218e+00
196 -0.66944 -1.32769e+00 |197 -0.62293  9.61846e-02 |198 -0.67838 -1.23822e+00
199 -0.63067 -5.20470e-01 |200  0.02019 -2.02705e+00 |201  0.01434 -1.48916e+02
202  0.04278 -1.74562e+01 |203  0.03133  7.55062e+00 |204  0.01875  1.91283e-04
205  0.33986 -8.04923e+00 |206 -0.01850 -3.57648e-05 |207  0.25797  1.02755e+01
208 -0.00252 -5.00516e-05 |209  0.34088 -2.28918e+01 |210  0.33047  4.54801e+00
211 -0.31160 -9.39021e-04 |212  0.33251 -1.16887e+01 |213 -0.11588 -2.50154e-01
214 -0.00305 -8.14420e-01 |215  0.14350  5.13984e-01 |216 -0.30444 -1.39298e-03
217  0.35785 -5.60451e-01 |218 -0.00353  1.70224e-01 |219  0.07903 -3.43463e-01
220 -0.07996  3.57531e-01 |221  0.22373  2.67023e+01 |222 -0.33231 -7.79008e-04
223  0.30728 -3.91820e+01 |224 -0.04177 -1.84374e+00 |225 -0.03520 -4.32318e+00
226  0.43232  9.46104e-01 |227  0.42437  4.89469e-02 |228  0.36942  2.46342e+00
229  0.23572  8.57515e-05 |230  0.00289  3.52550e-06 |231  0.00984  3.30392e-04
232  0.00477 -8.48073e-06 |233  0.40434 -5.78724e+00 |234  0.41396  1.06365e+00
235  0.40885 -6.32249e+00 |236  0.42439 -1.43397e+01 |237  0.01350 -1.31969e-05
238  0.02029 -9.87183e-06 |239  0.09993  1.95631e-03 |240  0.03366  2.39360e-04
241  0.37254 -1.43998e+00 |242  0.27900  8.58986e-01 |243  0.35113  5.15151e+00
244  0.38221  3.76978e+00 |245  0.20685 -2.90255e-04 |246 -0.00451  2.68481e-06
247 -0.00488  1.86684e-05 |248  0.01320 -3.28571e-05 |249  0.36498  7.94295e+00
250  0.34973 -1.30764e+00 |251  0.35944 -1.20635e+01 |252  0.36990 -6.79007e+00
253  0.38741 -2.97614e+00 |254  0.90521  2.09062e-02 |255  0.35712  9.67253e+00
256  0.21924  1.37839e-01 |257  0.08791  4.29023e-01 |258  0.03542  7.19405e-04
259  0.05387 -5.14737e-04 |260  0.41681 -2.08256e-01 |261  0.35401 -4.55256e-01
262 -0.10094  9.25017e-04 |263 -0.10288 -3.97221e-04 |264  0.11168  6.68716e-02
265  0.16816 -8.16656e-01 |266 -0.03088 -5.58014e-01 |267 -0.01918  6.79032e-01
268  0.00141  1.54612e+00 |269  0.03618  4.33278e+00 |270 -0.02426  9.60196e-01
271 -0.01842  5.42362e-01 |272  0.00512  7.92897e-01 |273 -0.02503  5.49415e+00
274  0.04846  3.60853e+00 |275 -0.00942  9.44520e-01 |276 -0.00121  4.53695e-01
277  0.00246  8.88618e-02 |278  0.03483  3.16155e-01 |279 -0.01962  1.78862e-01
280  0.00092 -3.07009e-01 |281 -0.00100 -8.64741e-01 |282  0.00751 -2.49519e+00
283 -0.02530 -3.11574e-01 |284  0.00244 -1.84857e-01 |285 -0.01348 -6.33419e-02
286 -0.05398 -2.03719e+00 |287  0.02625 -2.32908e+00 |288  0.03598 -5.72699e-01
289  0.00214 -1.98520e-01 |290 -0.01033 -1.78991e-01 |291  0.04849 -1.39110e-01
292 -0.00000 -2.09667e-07 |293 -0.00000  1.86988e-07 |294  0.00000  1.40846e-07
295  0.00000  1.64987e-07 |296 -0.00000  2.13950e-07 |297  0.00000  1.68338e-07
298  0.00000  1.85404e-07 |299  0.00000  1.01935e-07 |300 -0.00000  1.62768e-07
301  0.00000  1.64474e-07 |302 -0.00000  1.36652e-07 |303  0.00000  1.23050e-07
304 -0.00000  1.14180e-07 |305 -0.02817  2.34110e+00 |306 -0.03205  2.55848e+00
307  0.00048  2.45633e+00 |308 -0.03295  2.46695e+00 |309 -0.04405  2.80149e+00
310 -0.03964 -4.93129e+00 |311  0.00378  3.31028e-01 |312  0.09503  1.06684e+01
313  0.08643  8.54088e+00 |314 -0.00008  1.30269e+00 |315 -0.01137  3.74692e+00
316 -0.00061  7.20891e-01 |317 -0.01140 -1.48455e+00 |318 -0.01974 -9.29675e-01
319  0.01418 -1.95528e+00 |320 -0.02726 -1.00270e+00 |321 -0.02788 -1.33339e+00
322 -0.04510  2.40651e+00 |323  0.00591 -7.83590e-02 |324  0.06433 -1.04527e+01
325  0.05783 -8.46197e+00 |326 -0.00014 -5.19567e-01 |327 -0.00864 -1.48082e+00
328  0.00004 -2.73723e-01 |
328 variables; iteration 80; function evaluation 83; phase 9
Function value 2.0627194e+03; maximum gradient component mag -4.9570e+02
Var    Value     Gradient |Var    Value     Gradient |Var    Value     Gradient
  1 -0.35009  2.79215e+02 |  2 -1.00439 -4.89976e-01 |  3 -0.01147 -4.95704e+02
  4 -0.42022 -2.96052e+02 |  5 -0.21747  3.01491e+01 |  6 -0.30617 -3.55193e+02
  7 -0.07731 -8.94535e+01 |  8 -0.07240 -1.90841e+00 |  9 -0.04380 -1.19218e+00
 10 -0.04065 -1.68386e+00 | 11 -0.02569 -2.46428e+00 | 12 -0.00188 -3.74940e+00
 13  0.02432 -5.41035e+00 | 14  0.12301 -1.26515e+01 | 15  0.02665 -6.48777e+00
 16 -0.01874 -4.43974e+00 | 17  0.02962 -4.83140e+00 | 18  0.09394 -1.95557e+01
 19 -0.04026 -6.41892e+00 | 20 -0.04331 -5.87279e+00 | 21  0.02834 -8.21853e+00
 22  0.04043 -8.51424e+00 | 23  0.08305 -9.73868e+00 | 24  0.03240 -5.29071e+00
 25  0.07308 -5.75285e+00 | 26  0.08035 -6.45871e+00 | 27  0.03314 -6.11981e+00
 28  0.04358 -8.48601e+00 | 29  0.04331 -8.50049e+00 | 30  0.05054 -7.77212e+00
 31  0.06485 -9.28036e+00 | 32  0.02971 -8.41459e+00 | 33 -0.00482 -7.23801e+00
 34 -0.02369 -7.21609e+00 | 35 -0.00455 -8.06226e+00 | 36  0.02705 -8.52558e+00
 37 -0.01018 -7.39375e+00 | 38 -0.02568 -7.79438e+00 | 39 -0.03187 -7.18364e+00
 40  0.01494 -1.02128e+01 | 41  0.01293 -1.15664e+01 | 42 -0.04807 -7.90971e+00
 43 -0.06336 -6.41029e+00 | 44 -0.04523 -5.57450e+00 | 45 -0.04528 -3.36487e+00
 46  0.02983 -6.00536e+00 | 47  0.06702 -9.95540e+00 | 48  0.02913 -8.23349e+00
 49  0.07373 -1.19703e+01 | 50  0.00238 -6.44422e+00 | 51  0.01928 -6.16586e+00
 52  0.07262 -9.80915e+00 | 53  0.11599 -1.77846e+01 | 54  0.04977 -1.34257e+01
 55 -0.08994 -5.08675e+00 | 56 -0.06152 -6.39186e+00 | 57 -0.06726 -7.06651e+00
 58 -0.05438 -9.03228e+00 | 59 -0.09796 -5.12661e+00 | 60 -0.11843 -2.51937e+00
 61 -0.11074 -1.67857e+00 | 62 -0.09196 -3.90470e-01 | 63 -0.09810  7.54923e-02
 64 -0.02246  5.83501e-04 | 65  0.00000  0.00000e+00 | 66 -0.93158  3.28722e+00
 67 -0.84719 -6.77117e+00 | 68 -0.82839 -7.91544e+00 | 69 -0.71059 -4.54917e+00
 70 -0.77529 -3.91689e+00 | 71 -0.82716 -6.19446e+00 | 72 -0.78812 -4.77261e+00
 73 -0.81507 -5.54682e+00 | 74 -0.86016 -7.16372e+00 | 75 -0.86905 -7.05845e+00
 76 -0.76528 -7.85948e-01 | 77 -0.74844 -4.43906e-01 | 78 -0.70837 -1.02932e+00
 79 -0.57440  3.97625e-01 | 80 -0.56187  3.13080e-01 | 81 -0.55411  4.64065e-02
 82 -0.62229 -6.49954e-01 | 83 -0.65966 -1.32215e-01 | 84 -0.60222  2.41653e-01
 85 -0.56027  3.02740e-01 | 86 -0.50921  5.05254e-01 | 87 -0.50117  1.07585e-01
 88 -0.48698 -3.26130e-01 | 89 -0.55336 -8.00645e-02 | 90 -0.55011 -1.95859e-02
 91 -0.58852 -4.79022e-01 | 92 -0.59900 -5.58780e-01 | 93 -0.62077 -4.64918e-01
 94 -0.59221 -2.93950e-01 | 95 -0.60472 -7.95932e-01 | 96 -0.64368 -1.64601e+00
 97 -0.56632 -5.60502e-01 | 98 -0.66114 -6.91299e-01 | 99 -0.60799  2.90260e-02
100 -0.67964 -1.97856e+00 |101 -0.65784 -9.95544e-02 |102 -0.65233 -7.16324e-01
103 -0.58540 -4.14756e-01 |104 -0.56529 -8.58077e-02 |105 -0.59244 -7.17460e-02
106 -0.53706 -7.59219e-04 |107 -0.74845 -4.83467e-02 |108 -0.72887 -1.26469e+00
109 -0.77560 -1.94704e+00 |110 -0.72178 -1.67862e+00 |111 -0.68090 -9.94027e-01
112 -0.71556 -2.74660e+00 |113 -0.71193 -2.80119e+00 |114 -0.87516 -1.13417e+01
115 -0.73422 -2.90580e+00 |116 -0.69475 -5.58522e+00 |117 -0.51861 -1.34518e+00
118 -0.60917 -3.38553e-01 |119 -0.66219 -1.66968e+00 |120 -0.63032 -5.31145e-02
121 -0.71815 -1.01559e+00 |122 -0.71788 -4.96775e+00 |123 -0.65435 -3.18119e+00
124 -0.82758 -5.75754e+00 |125 -0.88228 -1.24096e+01 |126 -0.88297 -3.89679e+00
127 -0.84796 -3.18147e+00 |128 -0.84147 -5.60606e+00 |129 -0.76175 -1.35142e+00
130 -0.81634 -1.54389e-01 |131 -0.84107  7.95973e-02 |132 -0.79764 -4.22216e+00
133 -0.79584  1.28821e-01 |134 -0.75664 -1.14172e+00 |135 -0.74271 -1.75556e-01
136 -0.68925  3.01943e-01 |137 -0.67732 -1.05436e+00 |138 -0.68252 -1.77276e+00
139 -0.61813 -2.64289e-01 |140 -0.66199 -9.10187e-01 |141 -0.66232 -3.55841e-01
142 -0.75203 -1.49403e+00 |143 -0.70653 -1.21308e+00 |144 -0.64891 -2.02863e+00
145 -0.60508 -1.11289e+00 |146 -0.57258 -6.46021e-01 |147 -0.56263 -8.21070e-02
148 -0.57729 -2.95369e-01 |149 -0.61932 -5.47184e-01 |150 -0.68170 -3.01736e+00
151 -0.61476 -9.50721e-01 |152 -0.57875 -7.99072e-01 |153 -0.61743 -5.94599e-01
154 -0.60798 -6.25944e-03 |155 -0.75262 -2.57385e+00 |156 -0.75430 -1.46488e+00
157 -0.84307 -4.00346e+00 |158 -0.72757 -1.61001e+00 |159 -0.69932 -1.86511e+00
160 -0.69001 -1.56154e+00 |161 -0.69250 -1.57359e+00 |162 -0.94826 -8.51701e+00
163 -0.92603 -7.33558e+00 |164 -0.96304  4.28483e+01 |165 -0.85551  3.03859e-01
166 -0.79435 -2.29506e+00 |167 -0.78719 -1.99488e+00 |168 -0.78749 -2.03882e+00
169 -0.79717 -1.50979e+00 |170 -0.73082 -1.13703e+00 |171 -0.75569 -2.78167e+00
172 -0.68590 -7.16030e-01 |173 -0.61763 -1.27360e+00 |174 -0.47147 -4.81534e-01
175 -0.48305  2.88379e-01 |176 -0.61750 -2.40369e-01 |177 -0.56409 -4.35537e-01
178 -0.53393 -2.64394e-01 |179 -0.49635  3.90303e-01 |180 -0.51048  1.56683e-01
181 -0.49601 -4.28344e-01 |182 -0.44441 -3.11910e-01 |183 -0.40964 -4.41015e-01
184 -0.46620 -3.19416e-01 |185 -0.39142 -2.10195e-02 |186 -0.34021  5.33602e-01
187 -0.44175 -8.91104e-03 |188 -0.51196  2.07961e-01 |189 -0.40507 -1.19010e-01
190 -0.26783  2.54012e-01 |191 -0.19922  1.92367e-01 |192 -0.28598  1.36652e+00
193 -0.62831 -1.89116e-01 |194 -0.63319 -6.91449e-01 |195 -0.82809 -1.36032e+00
196 -0.66817 -1.46096e+00 |197 -0.62153 -6.35529e-03 |198 -0.67726 -1.55229e+00
199 -0.62951 -1.16896e+00 |200  0.02079 -2.34314e+00 |201  0.01502 -1.62754e+02
202  0.04120 -1.90418e+01 |203  0.03132  9.54122e+00 |204  0.01874  1.67815e-04
205  0.33987 -1.05598e+01 |206 -0.01850 -4.39509e-05 |207  0.25838  1.29566e+01
208 -0.00252 -5.20652e-05 |209  0.34084 -2.79624e+01 |210  0.33046  3.44583e+00
211 -0.31157 -1.03507e-03 |212  0.33255 -1.20649e+01 |213 -0.11557 -7.77577e-01
214 -0.00295 -3.50967e+00 |215  0.14312  4.52964e-01 |216 -0.30440 -1.41774e-03
217  0.35777 -6.55726e-01 |218 -0.00289  1.24920e-02 |219  0.07990 -1.97953e-01
220 -0.08030  8.11590e-02 |221  0.22387  2.73054e+01 |222 -0.33229 -9.08993e-04
223  0.30740 -4.12989e+01 |224 -0.04372 -3.28984e+00 |225 -0.03460 -5.11083e+00
226  0.43284  1.45303e-01 |227  0.42529  1.32436e-01 |228  0.36981  2.44829e+00
229  0.23572  7.54238e-05 |230  0.00289  3.51010e-06 |231  0.00983  3.28863e-04
232  0.00477 -8.69642e-06 |233  0.40451 -3.84732e+00 |234  0.41417  1.09800e+00
235  0.40905 -5.70520e+00 |236  0.42454 -1.44481e+01 |237  0.01350 -1.36828e-05
238  0.02029 -9.67208e-06 |239  0.09988  1.94527e-03 |240  0.03365  2.37786e-04
241  0.37291 -5.21935e-01 |242  0.27912  6.03346e-01 |243  0.35141  5.73916e+00
244  0.38181  4.07003e+00 |245  0.20686 -3.12666e-04 |246 -0.00451  2.51584e-06
247 -0.00488  1.79349e-05 |248  0.01320 -3.33026e-05 |249  0.36512  6.72052e+00
250  0.34985 -5.57289e-01 |251  0.35958 -1.25334e+01 |252  0.36989 -6.81682e+00
253  0.38720 -2.84111e+00 |254  0.90461  2.07734e-02 |255  0.35715  9.83413e+00
256  0.21932  2.21325e-01 |257  0.08679  1.20437e-01 |258  0.03539  7.19572e-04
259  0.05388 -5.46889e-04 |260  0.41697 -2.54954e-01 |261  0.35344 -1.69474e-01
262 -0.10097  9.24744e-04 |263 -0.10287 -4.25802e-04 |264  0.11237  1.14474e-01
265  0.16932 -2.79906e-01 |266 -0.03090 -2.11915e-01 |267 -0.01937  7.57155e-01
268  0.00146  2.17921e+00 |269  0.03599  5.62967e+00 |270 -0.02425  1.34974e+00
271 -0.01841  1.24758e+00 |272  0.00507  2.07372e+00 |273 -0.02511  5.57560e+00
274  0.04838  4.95592e+00 |275 -0.00951  1.16655e+00 |276 -0.00120  2.08227e-01
277  0.00247 -8.90467e-01 |278  0.03484  7.49678e-02 |279 -0.01952  6.58218e-02
280  0.00092 -3.52123e-01 |281 -0.00105 -1.22411e+00 |282  0.00730 -3.30033e+00
283 -0.02527 -4.53900e-01 |284  0.00252 -5.44443e-01 |285 -0.01350 -7.47566e-01
286 -0.05401 -2.00866e+00 |287  0.02623 -3.55174e+00 |288  0.03594 -7.33719e-01
289  0.00214 -8.81356e-02 |290 -0.01023  4.37263e-01 |291  0.04853  2.78259e-02
292 -0.00000 -2.38708e-07 |293 -0.00000  1.85514e-07 |294  0.00000  1.93379e-07
295  0.00000  2.02710e-07 |296 -0.00000  3.10719e-07 |297  0.00000  2.50648e-07
298  0.00000  1.13153e-07 |299  0.00000  2.82094e-07 |300 -0.00000  2.12408e-07
301  0.00000  1.99831e-07 |302 -0.00000  2.75576e-08 |303  0.00000  7.35281e-08
304 -0.00000  8.59522e-08 |305 -0.02815  2.52245e+00 |306 -0.03282  5.81406e+00
307  0.00009  2.45855e+00 |308 -0.03308 -1.22411e+00 |309 -0.04423  2.89715e+00
310 -0.03983 -4.87435e+00 |311  0.00356  1.11033e+00 |312  0.09493  1.29658e+01
313  0.08629  1.04952e+01 |314 -0.00010  3.09785e+00 |315 -0.01153  4.21147e+00
316 -0.00069  1.22086e+00 |317 -0.01097 -1.22512e+00 |318 -0.02047 -3.45237e+00
319  0.01398 -1.64058e+00 |320 -0.02714  6.38495e-01 |321 -0.02790 -1.71473e+00
322 -0.04512  2.29515e+00 |323  0.00590 -7.30300e-01 |324  0.06443 -1.24830e+01
325  0.05792 -9.41015e+00 |326 -0.00015 -1.24076e+00 |327 -0.00861 -1.66211e+00
328  0.00006 -4.70623e-01 |
Maximum number of function evaluations exceeded

 - final statistics:
328 variables; iteration 98; function evaluation 100
Function value 2.0627e+03; maximum gradient component mag -4.8174e+02
Exit code = 3;  converg criter 1.0000e+00
Var    Value     Gradient |Var    Value     Gradient |Var    Value     Gradient
  1 -0.35058  2.72142e+02 |  2 -1.00522 -5.97355e-01 |  3 -0.01147 -4.81743e+02
  4 -0.42022 -2.84919e+02 |  5 -0.21784  3.01577e+01 |  6 -0.30652 -3.46712e+02
  7 -0.07727 -8.17706e+01 |  8 -0.07242 -1.71481e+00 |  9 -0.04383 -1.09976e+00
 10 -0.04071 -1.57936e+00 | 11 -0.02572 -2.29761e+00 | 12 -0.00167 -3.41455e+00
 13  0.02389 -5.04858e+00 | 14  0.12358 -1.13879e+01 | 15  0.02660 -5.93058e+00
 16 -0.01867 -4.09028e+00 | 17  0.02965 -4.33778e+00 | 18  0.09406 -1.84143e+01
 19 -0.04020 -6.27758e+00 | 20 -0.04307 -5.45089e+00 | 21  0.02837 -7.57328e+00
 22  0.04017 -8.17075e+00 | 23  0.08248 -9.87310e+00 | 24  0.03193 -5.40956e+00
 25  0.07290 -5.85774e+00 | 26  0.08005 -6.79018e+00 | 27  0.03287 -6.40588e+00
 28  0.04336 -8.68352e+00 | 29  0.04310 -8.87532e+00 | 30  0.05024 -8.18919e+00
 31  0.06465 -9.36113e+00 | 32  0.02956 -8.41335e+00 | 33 -0.00504 -7.35844e+00
 34 -0.02381 -7.23334e+00 | 35 -0.00471 -8.03955e+00 | 36  0.02690 -8.20048e+00
 37 -0.01033 -7.21795e+00 | 38 -0.02586 -7.81079e+00 | 39 -0.03202 -7.21325e+00
 40  0.01476 -1.04831e+01 | 41  0.01279 -1.16784e+01 | 42 -0.04824 -7.90290e+00
 43 -0.06347 -6.11053e+00 | 44 -0.04539 -5.52629e+00 | 45 -0.04542 -3.34493e+00
 46  0.02972 -5.76139e+00 | 47  0.06689 -9.86100e+00 | 48  0.02902 -8.02049e+00
 49  0.07358 -1.19366e+01 | 50  0.00223 -6.51988e+00 | 51  0.01914 -6.30916e+00
 52  0.07249 -9.73667e+00 | 53  0.11581 -1.80306e+01 | 54  0.04951 -1.35652e+01
 55 -0.09007 -4.79508e+00 | 56 -0.06182 -6.13256e+00 | 57 -0.06747 -6.46876e+00
 58 -0.05456 -8.06057e+00 | 59 -0.09819 -5.08947e+00 | 60 -0.11859 -2.32962e+00
 61 -0.11094 -1.78986e+00 | 62 -0.09214 -4.74213e-01 | 63 -0.09832 -5.12253e-02
 64 -0.02266 -6.54355e-02 | 65  0.00000  0.00000e+00 | 66 -0.93165  4.17026e+00
 67 -0.84737 -6.26336e+00 | 68 -0.82867 -7.60002e+00 | 69 -0.71109 -4.32007e+00
 70 -0.77549 -3.46067e+00 | 71 -0.82734 -6.34883e+00 | 72 -0.78836 -4.63616e+00
 73 -0.81523 -5.61114e+00 | 74 -0.86030 -6.85128e+00 | 75 -0.86901 -6.93285e+00
 76 -0.76510 -8.53002e-01 | 77 -0.74822 -7.19073e-01 | 78 -0.70807 -6.16362e-01
 79 -0.57403  2.44082e-01 | 80 -0.56147  2.30457e-01 | 81 -0.55368 -1.05678e-01
 82 -0.62192 -7.48901e-01 | 83 -0.65932  8.17582e-02 | 84 -0.60187  2.10871e-01
 85 -0.55989  3.36139e-01 | 86 -0.50878  5.74990e-01 | 87 -0.50075  1.03436e-01
 88 -0.48654 -4.45528e-01 | 89 -0.55294 -1.36177e-01 | 90 -0.54967 -2.09159e-02
 91 -0.58812 -4.82075e-01 | 92 -0.59858 -3.51219e-01 | 93 -0.62039 -2.42943e-01
 94 -0.59168 -4.22256e-01 | 95 -0.60420 -6.93308e-01 | 96 -0.64336 -1.62984e+00
 97 -0.56591 -5.31968e-01 | 98 -0.66083 -6.90161e-01 | 99 -0.60767 -2.00154e-01
100 -0.67935 -1.97123e+00 |101 -0.65753 -1.29178e-01 |102 -0.65201 -6.35156e-01
103 -0.58500 -2.38408e-01 |104 -0.56484  1.37632e-01 |105 -0.59204 -1.64481e-01
106 -0.53651 -4.38460e-02 |107 -0.74814 -1.10967e-01 |108 -0.72853 -9.91225e-01
109 -0.77535 -1.65103e+00 |110 -0.72152 -1.83269e+00 |111 -0.68060 -9.94968e-01
112 -0.71529 -2.54059e+00 |113 -0.71165 -2.40173e+00 |114 -0.87537 -1.05589e+01
115 -0.73458 -2.41019e+00 |116 -0.69525 -5.67855e+00 |117 -0.51964 -1.30815e+00
118 -0.60966 -3.61615e-01 |119 -0.66252 -1.57164e+00 |120 -0.63076 -8.42192e-02
121 -0.71860 -8.63885e-01 |122 -0.71873 -4.57867e+00 |123 -0.65541 -2.76514e+00
124 -0.82746 -5.48757e+00 |125 -0.88221 -1.21446e+01 |126 -0.88286 -3.89048e+00
127 -0.84782 -3.04680e+00 |128 -0.84132 -5.39672e+00 |129 -0.76153 -2.02997e+00
130 -0.81615 -3.10245e-01 |131 -0.84090  6.95784e-01 |132 -0.79744 -3.99860e+00
133 -0.79568 -2.40128e-01 |134 -0.75643 -1.16265e+00 |135 -0.74249 -2.32220e-01
136 -0.68897  2.97929e-01 |137 -0.67699 -9.13412e-01 |138 -0.68219 -1.73848e+00
139 -0.61771  3.19011e-02 |140 -0.66164 -8.75957e-01 |141 -0.66198 -3.49582e-01
142 -0.75182 -1.77728e+00 |143 -0.70629 -1.46199e+00 |144 -0.64858 -2.01818e+00
145 -0.60468 -1.13175e+00 |146 -0.57214 -6.31227e-01 |147 -0.56225 -3.45537e-01
148 -0.57687 -2.66323e-01 |149 -0.61897 -6.87697e-01 |150 -0.68139 -2.90890e+00
151 -0.61439 -9.54499e-01 |152 -0.57830 -6.55192e-01 |153 -0.61703 -6.73920e-01
154 -0.60750 -1.05346e-01 |155 -0.75228 -2.38980e+00 |156 -0.75401 -1.73202e+00
157 -0.84291 -4.43476e+00 |158 -0.72728 -1.41988e+00 |159 -0.69901 -1.63842e+00
160 -0.68970 -1.41042e+00 |161 -0.69221 -1.40574e+00 |162 -0.94821 -8.79242e+00
163 -0.92595 -7.49829e+00 |164 -0.96300  4.12902e+01 |165 -0.85535  2.89141e-01
166 -0.79411 -1.87202e+00 |167 -0.78695 -1.75455e+00 |168 -0.78727 -2.34591e+00
169 -0.79694 -1.31368e+00 |170 -0.73055 -1.24370e+00 |171 -0.75545 -2.77716e+00
172 -0.68560 -7.04962e-01 |173 -0.61726 -1.21320e+00 |174 -0.47097 -6.91222e-01
175 -0.48244  4.40881e-01 |176 -0.61707 -6.61051e-02 |177 -0.56359 -3.18439e-01
178 -0.53337 -6.04839e-02 |179 -0.49579  4.54878e-01 |180 -0.51002 -4.20441e-02
181 -0.49552 -4.85602e-01 |182 -0.44376  4.82102e-02 |183 -0.40889 -6.47331e-02
184 -0.46554  2.52525e-02 |185 -0.39078  5.62715e-04 |186 -0.33952  5.08693e-01
187 -0.44115  2.57286e-02 |188 -0.51145  2.85019e-01 |189 -0.40439  8.47673e-02
190 -0.26708  1.55898e-01 |191 -0.19815  3.57003e-01 |192 -0.28498  1.42448e+00
193 -0.62779 -3.66736e-02 |194 -0.63270 -4.90125e-01 |195 -0.82789 -1.13807e+00
196 -0.66784 -1.56931e+00 |197 -0.62116 -5.53700e-02 |198 -0.67694 -1.33467e+00
199 -0.62914 -9.35871e-01 |200  0.02092 -2.20448e+00 |201  0.01513 -1.61312e+02
202  0.04098 -1.88741e+01 |203  0.03075  8.72640e+00 |204  0.01874  1.48735e-04
205  0.33977 -9.93506e+00 |206 -0.01849 -4.83638e-05 |207  0.25740  1.14958e+01
208 -0.00252 -5.18906e-05 |209  0.34064 -2.56355e+01 |210  0.33055  3.13434e+00
211 -0.31155 -1.02458e-03 |212  0.33258 -1.14649e+01 |213 -0.11605 -8.25874e-01
214 -0.00293 -3.25598e+00 |215  0.14249  3.66524e-01 |216 -0.30436 -1.42346e-03
217  0.35739 -8.74280e-01 |218 -0.00166 -1.45657e-02 |219  0.08029 -4.36536e-02
220 -0.08073 -2.33220e-02 |221  0.22381  2.69676e+01 |222 -0.33228 -8.76900e-04
223  0.30738 -4.01811e+01 |224 -0.04305 -2.89529e+00 |225 -0.03473 -5.00803e+00
226  0.43280 -1.43983e-01 |227  0.42568  2.19346e-01 |228  0.36984  2.20097e+00
229  0.23572  7.82846e-05 |230  0.00289  3.55188e-06 |231  0.00982  3.28433e-04
232  0.00477 -8.63439e-06 |233  0.40451 -3.38507e+00 |234  0.41426  1.02668e+00
235  0.40907 -5.29722e+00 |236  0.42456 -1.42073e+01 |237  0.01350 -1.35150e-05
238  0.02029 -9.27406e-06 |239  0.09982  1.94293e-03 |240  0.03365  2.37852e-04
241  0.37293 -5.54314e-01 |242  0.27913  5.44990e-01 |243  0.35148  5.62819e+00
244  0.38186  3.98940e+00 |245  0.20686 -3.10489e-04 |246 -0.00451  2.38707e-06
247 -0.00488  1.77469e-05 |248  0.01320 -3.33144e-05 |249  0.36514  6.47427e+00
250  0.34987 -3.34866e-01 |251  0.35961 -1.19957e+01 |252  0.36992 -6.73713e+00
253  0.38723 -2.88043e+00 |254  0.90406  2.06517e-02 |255  0.35716  9.43020e+00
256  0.21932  1.38872e-01 |257  0.08700  5.21107e-01 |258  0.03538  7.19600e-04
259  0.05390 -5.36429e-04 |260  0.41697 -8.18390e-02 |261  0.35356 -5.81214e-01
262 -0.10099  9.24920e-04 |263 -0.10286 -4.15780e-04 |264  0.11252  2.06478e-01
265  0.16940 -4.93583e-01 |266 -0.03078 -2.78014e-01 |267 -0.01930  6.85029e-01
268  0.00143  2.07300e+00 |269  0.03607  5.20398e+00 |270 -0.02412  1.09485e+00
271 -0.01836  1.05015e+00 |272  0.00520  2.05846e+00 |273 -0.02503  5.27132e+00
274  0.04839  4.62195e+00 |275 -0.00978  1.05558e+00 |276 -0.00108  2.17716e-01
277  0.00267 -7.00734e-01 |278  0.03499 -1.18144e-01 |279 -0.01952  7.11174e-02
280  0.00093 -2.96798e-01 |281 -0.00100 -1.15744e+00 |282  0.00731 -3.07215e+00
283 -0.02526 -3.42500e-01 |284  0.00252 -4.36716e-01 |285 -0.01345 -8.40891e-01
286 -0.05403 -1.91714e+00 |287  0.02628 -3.40165e+00 |288  0.03575 -6.86015e-01
289  0.00210 -1.04884e-01 |290 -0.01016  3.68369e-01 |291  0.04855  8.86226e-02
292 -0.00000  1.87723e-07 |293 -0.00000  1.94076e-07 |294  0.00000  1.91758e-07
295  0.00000  2.39895e-07 |296 -0.00000  2.52097e-07 |297  0.00000  2.70409e-07
298  0.00000  3.41968e-07 |299  0.00000  9.94917e-08 |300 -0.00000  1.31291e-07
301  0.00000  2.07480e-07 |302 -0.00000  4.46177e-08 |303  0.00000  3.22109e-08
304 -0.00000  5.39747e-08 |305 -0.02804  1.89285e+00 |306 -0.03280  5.48578e+00
307  0.00004  2.14085e+00 |308 -0.03291 -1.04395e+00 |309 -0.04400  2.63118e+00
310 -0.03961 -4.69922e+00 |311  0.00361  9.02341e-01 |312  0.09492  1.15360e+01
313  0.08611  8.96036e+00 |314  0.00007  2.96838e+00 |315 -0.01142  4.03180e+00
316 -0.00050  1.25440e+00 |317 -0.01091 -8.90073e-01 |318 -0.02055 -3.21248e+00
319  0.01389 -1.55584e+00 |320 -0.02712  4.97785e-01 |321 -0.02774 -1.46965e+00
322 -0.04497  2.25446e+00 |323  0.00592 -7.03167e-01 |324  0.06456 -1.12979e+01
325  0.05791 -8.79267e+00 |326 -0.00023 -1.18695e+00 |327 -0.00858 -1.57201e+00
328 -0.00001 -4.79081e-01 |

Initial statistics: 330 variables; iteration 0; function evaluation 0; phase 10
Function value 2.0627166e+03; maximum gradient component mag -4.8174e+02
Var    Value     Gradient |Var    Value     Gradient |Var    Value     Gradient
  1 -0.35058  2.72142e+02 |  2 -0.99478  5.97355e-01 |  3 -0.01147 -4.81743e+02
  4 -0.42022 -2.84919e+02 |  5 -0.15162 -3.16203e+01 |  6 -0.16554 -3.39942e+02
  7 -0.21784  3.01577e+01 |  8 -0.30652 -3.46712e+02 |  9 -0.07727 -8.17706e+01
 10 -0.07242 -1.71481e+00 | 11 -0.04383 -1.09976e+00 | 12 -0.04071 -1.57936e+00
 13 -0.02572 -2.29761e+00 | 14 -0.00167 -3.41455e+00 | 15  0.02389 -5.04858e+00
 16  0.12358 -1.13879e+01 | 17  0.02660 -5.93058e+00 | 18 -0.01867 -4.09028e+00
 19  0.02965 -4.33778e+00 | 20  0.09406 -1.84143e+01 | 21 -0.04020 -6.27758e+00
 22 -0.04307 -5.45089e+00 | 23  0.02837 -7.57328e+00 | 24  0.04017 -8.17075e+00
 25  0.08248 -9.87310e+00 | 26  0.03193 -5.40956e+00 | 27  0.07290 -5.85774e+00
 28  0.08005 -6.79018e+00 | 29  0.03287 -6.40588e+00 | 30  0.04336 -8.68352e+00
 31  0.04310 -8.87532e+00 | 32  0.05024 -8.18919e+00 | 33  0.06465 -9.36113e+00
 34  0.02956 -8.41335e+00 | 35 -0.00504 -7.35844e+00 | 36 -0.02381 -7.23334e+00
 37 -0.00471 -8.03955e+00 | 38  0.02690 -8.20048e+00 | 39 -0.01033 -7.21795e+00
 40 -0.02586 -7.81079e+00 | 41 -0.03202 -7.21325e+00 | 42  0.01476 -1.04831e+01
 43  0.01279 -1.16784e+01 | 44 -0.04824 -7.90290e+00 | 45 -0.06347 -6.11053e+00
 46 -0.04539 -5.52629e+00 | 47 -0.04542 -3.34493e+00 | 48  0.02972 -5.76139e+00
 49  0.06689 -9.86100e+00 | 50  0.02902 -8.02049e+00 | 51  0.07358 -1.19366e+01
 52  0.00223 -6.51988e+00 | 53  0.01914 -6.30916e+00 | 54  0.07249 -9.73667e+00
 55  0.11581 -1.80306e+01 | 56  0.04951 -1.35652e+01 | 57 -0.09007 -4.79508e+00
 58 -0.06182 -6.13256e+00 | 59 -0.06747 -6.46876e+00 | 60 -0.05456 -8.06057e+00
 61 -0.09819 -5.08947e+00 | 62 -0.11859 -2.32962e+00 | 63 -0.11094 -1.78986e+00
 64 -0.09214 -4.74213e-01 | 65 -0.09832 -5.12253e-02 | 66 -0.02266 -6.54355e-02
 67  0.00000  0.00000e+00 | 68 -0.93165  4.17026e+00 | 69 -0.84737 -6.26336e+00
 70 -0.82867 -7.60002e+00 | 71 -0.71109 -4.32007e+00 | 72 -0.77549 -3.46067e+00
 73 -0.82734 -6.34883e+00 | 74 -0.78836 -4.63616e+00 | 75 -0.81523 -5.61114e+00
 76 -0.86030 -6.85128e+00 | 77 -0.86901 -6.93285e+00 | 78 -0.76510 -8.53002e-01
 79 -0.74822 -7.19073e-01 | 80 -0.70807 -6.16362e-01 | 81 -0.57403  2.44082e-01
 82 -0.56147  2.30457e-01 | 83 -0.55368 -1.05678e-01 | 84 -0.62192 -7.48901e-01
 85 -0.65932  8.17582e-02 | 86 -0.60187  2.10871e-01 | 87 -0.55989  3.36139e-01
 88 -0.50878  5.74990e-01 | 89 -0.50075  1.03436e-01 | 90 -0.48654 -4.45528e-01
 91 -0.55294 -1.36177e-01 | 92 -0.54967 -2.09159e-02 | 93 -0.58812 -4.82075e-01
 94 -0.59858 -3.51219e-01 | 95 -0.62039 -2.42943e-01 | 96 -0.59168 -4.22256e-01
 97 -0.60420 -6.93308e-01 | 98 -0.64336 -1.62984e+00 | 99 -0.56591 -5.31968e-01
100 -0.66083 -6.90161e-01 |101 -0.60767 -2.00154e-01 |102 -0.67935 -1.97123e+00
103 -0.65753 -1.29178e-01 |104 -0.65201 -6.35156e-01 |105 -0.58500 -2.38408e-01
106 -0.56484  1.37632e-01 |107 -0.59204 -1.64481e-01 |108 -0.53651 -4.38460e-02
109 -0.74814 -1.10967e-01 |110 -0.72853 -9.91225e-01 |111 -0.77535 -1.65103e+00
112 -0.72152 -1.83269e+00 |113 -0.68060 -9.94968e-01 |114 -0.71529 -2.54059e+00
115 -0.71165 -2.40173e+00 |116 -0.87537 -1.05589e+01 |117 -0.73458 -2.41019e+00
118 -0.69525 -5.67855e+00 |119 -0.51964 -1.30815e+00 |120 -0.60966 -3.61615e-01
121 -0.66252 -1.57164e+00 |122 -0.63076 -8.42192e-02 |123 -0.71860 -8.63885e-01
124 -0.71873 -4.57867e+00 |125 -0.65541 -2.76514e+00 |126 -0.82746 -5.48757e+00
127 -0.88221 -1.21446e+01 |128 -0.88286 -3.89048e+00 |129 -0.84782 -3.04680e+00
130 -0.84132 -5.39672e+00 |131 -0.76153 -2.02997e+00 |132 -0.81615 -3.10245e-01
133 -0.84090  6.95784e-01 |134 -0.79744 -3.99860e+00 |135 -0.79568 -2.40128e-01
136 -0.75643 -1.16265e+00 |137 -0.74249 -2.32220e-01 |138 -0.68897  2.97929e-01
139 -0.67699 -9.13412e-01 |140 -0.68219 -1.73848e+00 |141 -0.61771  3.19011e-02
142 -0.66164 -8.75957e-01 |143 -0.66198 -3.49582e-01 |144 -0.75182 -1.77728e+00
145 -0.70629 -1.46199e+00 |146 -0.64858 -2.01818e+00 |147 -0.60468 -1.13175e+00
148 -0.57214 -6.31227e-01 |149 -0.56225 -3.45537e-01 |150 -0.57687 -2.66323e-01
151 -0.61897 -6.87697e-01 |152 -0.68139 -2.90890e+00 |153 -0.61439 -9.54499e-01
154 -0.57830 -6.55192e-01 |155 -0.61703 -6.73920e-01 |156 -0.60750 -1.05346e-01
157 -0.75228 -2.38980e+00 |158 -0.75401 -1.73202e+00 |159 -0.84291 -4.43476e+00
160 -0.72728 -1.41988e+00 |161 -0.69901 -1.63842e+00 |162 -0.68970 -1.41042e+00
163 -0.69221 -1.40574e+00 |164 -0.94821 -8.79242e+00 |165 -0.92595 -7.49829e+00
166 -0.96300  4.12902e+01 |167 -0.85535  2.89141e-01 |168 -0.79411 -1.87202e+00
169 -0.78695 -1.75455e+00 |170 -0.78727 -2.34591e+00 |171 -0.79694 -1.31368e+00
172 -0.73055 -1.24370e+00 |173 -0.75545 -2.77716e+00 |174 -0.68560 -7.04962e-01
175 -0.61726 -1.21320e+00 |176 -0.47097 -6.91222e-01 |177 -0.48244  4.40881e-01
178 -0.61707 -6.61051e-02 |179 -0.56359 -3.18439e-01 |180 -0.53337 -6.04839e-02
181 -0.49579  4.54878e-01 |182 -0.51002 -4.20441e-02 |183 -0.49552 -4.85602e-01
184 -0.44376  4.82102e-02 |185 -0.40889 -6.47331e-02 |186 -0.46554  2.52525e-02
187 -0.39078  5.62715e-04 |188 -0.33952  5.08693e-01 |189 -0.44115  2.57286e-02
190 -0.51145  2.85019e-01 |191 -0.40439  8.47673e-02 |192 -0.26708  1.55898e-01
193 -0.19815  3.57003e-01 |194 -0.28498  1.42448e+00 |195 -0.62779 -3.66736e-02
196 -0.63270 -4.90125e-01 |197 -0.82789 -1.13807e+00 |198 -0.66784 -1.56931e+00
199 -0.62116 -5.53700e-02 |200 -0.67694 -1.33467e+00 |201 -0.62914 -9.35871e-01
202  0.02092 -2.20448e+00 |203  0.01513 -1.61312e+02 |204  0.04098 -1.88741e+01
205  0.03075  8.72640e+00 |206  0.01874  1.48735e-04 |207  0.33977 -9.93506e+00
208 -0.01849 -4.83638e-05 |209  0.25740  1.14958e+01 |210 -0.00252 -5.18906e-05
211  0.34064 -2.56355e+01 |212  0.33055  3.13434e+00 |213 -0.31155 -1.02458e-03
214  0.33258 -1.14649e+01 |215 -0.11605 -8.25874e-01 |216 -0.00293 -3.25598e+00
217  0.14249  3.66524e-01 |218 -0.30436 -1.42346e-03 |219  0.35739 -8.74280e-01
220 -0.00166 -1.45657e-02 |221  0.08029 -4.36536e-02 |222 -0.08073 -2.33220e-02
223  0.22381  2.69676e+01 |224 -0.33228 -8.76900e-04 |225  0.30738 -4.01811e+01
226 -0.04305 -2.89529e+00 |227 -0.03473 -5.00803e+00 |228  0.43280 -1.43983e-01
229  0.42568  2.19346e-01 |230  0.36984  2.20097e+00 |231  0.23572  7.82846e-05
232  0.00289  3.55188e-06 |233  0.00982  3.28433e-04 |234  0.00477 -8.63439e-06
235  0.40451 -3.38507e+00 |236  0.41426  1.02668e+00 |237  0.40907 -5.29722e+00
238  0.42456 -1.42073e+01 |239  0.01350 -1.35150e-05 |240  0.02029 -9.27406e-06
241  0.09982  1.94293e-03 |242  0.03365  2.37852e-04 |243  0.37293 -5.54314e-01
244  0.27913  5.44990e-01 |245  0.35148  5.62819e+00 |246  0.38186  3.98940e+00
247  0.20686 -3.10489e-04 |248 -0.00451  2.38707e-06 |249 -0.00488  1.77469e-05
250  0.01320 -3.33144e-05 |251  0.36514  6.47427e+00 |252  0.34987 -3.34866e-01
253  0.35961 -1.19957e+01 |254  0.36992 -6.73713e+00 |255  0.38723 -2.88043e+00
256  0.90406  2.06517e-02 |257  0.35716  9.43020e+00 |258  0.21932  1.38872e-01
259  0.08700  5.21107e-01 |260  0.03538  7.19600e-04 |261  0.05390 -5.36429e-04
262  0.41697 -8.18390e-02 |263  0.35356 -5.81214e-01 |264 -0.10099  9.24920e-04
265 -0.10286 -4.15780e-04 |266  0.11252  2.06478e-01 |267  0.16940 -4.93583e-01
268 -0.03078 -2.78014e-01 |269 -0.01930  6.85029e-01 |270  0.00143  2.07300e+00
271  0.03607  5.20398e+00 |272 -0.02412  1.09485e+00 |273 -0.01836  1.05015e+00
274  0.00520  2.05846e+00 |275 -0.02503  5.27132e+00 |276  0.04839  4.62195e+00
277 -0.00978  1.05558e+00 |278 -0.00108  2.17716e-01 |279  0.00267 -7.00734e-01
280  0.03499 -1.18144e-01 |281 -0.01952  7.11174e-02 |282  0.00093 -2.96798e-01
283 -0.00100 -1.15744e+00 |284  0.00731 -3.07215e+00 |285 -0.02526 -3.42500e-01
286  0.00252 -4.36716e-01 |287 -0.01345 -8.40891e-01 |288 -0.05403 -1.91714e+00
289  0.02628 -3.40165e+00 |290  0.03575 -6.86015e-01 |291  0.00210 -1.04884e-01
292 -0.01016  3.68369e-01 |293  0.04855  8.86226e-02 |294 -0.00000  1.87723e-07
295 -0.00000  1.94076e-07 |296  0.00000  1.91758e-07 |297  0.00000  2.39895e-07
298 -0.00000  2.52097e-07 |299  0.00000  2.70409e-07 |300  0.00000  3.41968e-07
301  0.00000  9.94917e-08 |302 -0.00000  1.31291e-07 |303  0.00000  2.07480e-07
304 -0.00000  4.46177e-08 |305  0.00000  3.22109e-08 |306 -0.00000  5.39747e-08
307 -0.02804  1.89285e+00 |308 -0.03280  5.48578e+00 |309  0.00004  2.14085e+00
310 -0.03291 -1.04395e+00 |311 -0.04400  2.63118e+00 |312 -0.03961 -4.69922e+00
313  0.00361  9.02341e-01 |314  0.09492  1.15360e+01 |315  0.08611  8.96036e+00
316  0.00007  2.96838e+00 |317 -0.01142  4.03180e+00 |318 -0.00050  1.25440e+00
319 -0.01091 -8.90073e-01 |320 -0.02055 -3.21248e+00 |321  0.01389 -1.55584e+00
322 -0.02712  4.97785e-01 |323 -0.02774 -1.46965e+00 |324 -0.04497  2.25446e+00
325  0.00592 -7.03167e-01 |326  0.06456 -1.12979e+01 |327  0.05791 -8.79267e+00
328 -0.00023 -1.18695e+00 |329 -0.00858 -1.57201e+00 |330 -0.00001 -4.79081e-01

Intermediate statistics: 330 variables; iteration 20; function evaluation 23; phase 10
Function value 2.0558515e+03; maximum gradient component mag -5.8885e+02
Var    Value     Gradient |Var    Value     Gradient |Var    Value     Gradient
  1 -0.33540  1.73533e+02 |  2 -0.99502  1.23319e-01 |  3 -0.01142 -4.74095e+01
  4 -0.42160 -5.88854e+02 |  5 -0.19059 -3.00787e+01 |  6 -0.12631 -2.44871e+02
  7 -0.20343  1.44098e+01 |  8 -0.29305 -2.23441e+01 |  9 -0.07874 -4.49640e+02
 10 -0.07138 -1.17127e+01 | 11 -0.04329 -7.05720e+00 | 12 -0.04029 -9.53505e+00
 13 -0.02553 -1.33492e+01 | 14 -0.00117 -1.92654e+01 | 15  0.02569 -2.74848e+01
 16  0.12794 -6.20389e+01 | 17  0.02594 -3.03306e+01 | 18 -0.02210 -2.33196e+01
 19  0.02401 -2.12496e+01 | 20  0.09844 -1.81653e+01 | 21 -0.04103 -5.73650e+00
 22 -0.04690 -8.07414e+00 | 23  0.02718 -8.44662e-01 | 24  0.04143  4.11966e-01
 25  0.08277 -2.94989e+00 | 26  0.03552  2.94085e+00 | 27  0.07817  1.82984e+01
 28  0.08364  2.95342e+01 | 29  0.03326  1.60576e+01 | 30  0.04282  9.46700e+00
 31  0.04553  1.71727e+01 | 32  0.05043  1.80504e+01 | 33  0.06768  2.47013e+01
 34  0.03088  1.70355e+01 | 35 -0.00642  2.45318e+00 | 36 -0.02525 -5.64603e+00
 37 -0.00460 -8.91707e+00 | 38  0.02593 -1.29626e+01 | 39 -0.01192 -9.39074e+00
 40 -0.02510 -2.63335e+00 | 41 -0.03376 -8.69528e+00 | 42  0.01552 -2.40400e+00
 43  0.01434  1.49229e+01 | 44 -0.04922  4.62270e+00 | 45 -0.06638  6.28882e+00
 46 -0.04402  2.40615e+01 | 47 -0.04882 -7.55972e-01 | 48  0.02809  8.79292e-01
 49  0.06782  1.09369e+01 | 50  0.02455 -1.94409e+01 | 51  0.07461  7.66849e+00
 52 -0.00356 -6.56136e+00 | 53  0.01939  1.71968e-01 | 54  0.07224 -1.34608e+01
 55  0.11811  2.07606e+00 | 56  0.05275  1.64771e+01 | 57 -0.09034 -3.39364e+00
 58 -0.06577 -1.36324e+01 | 59 -0.06493  1.44514e+01 | 60 -0.05266  3.94692e+01
 61 -0.09555  2.71241e+01 | 62 -0.12072  6.21600e+00 | 63 -0.10617  2.16180e+01
 64 -0.09028 -3.61723e-02 | 65 -0.09812 -2.65472e+00 | 66 -0.02252 -9.20178e-01
 67  0.00000  0.00000e+00 | 68 -0.93129 -1.02552e+01 | 69 -0.84654 -2.57327e+01
 70 -0.82763 -5.29639e+01 | 71 -0.70946 -3.82922e+01 | 72 -0.77684 -1.17693e+01
 73 -0.82835 -2.18407e+00 | 74 -0.78888 -4.23733e+00 | 75 -0.81552 -1.20131e+01
 76 -0.86028 -6.60532e+01 | 77 -0.86952 -9.52447e+00 | 78 -0.76570 -2.08707e+00
 79 -0.74905  6.86188e+00 | 80 -0.70925 -1.01727e+00 | 81 -0.57371  1.20330e+01
 82 -0.56096  1.04391e+01 | 83 -0.55298  7.39184e+00 | 84 -0.62145  7.41417e+00
 85 -0.65947  5.33586e+00 | 86 -0.60244  2.74927e+00 | 87 -0.56000  2.24473e+00
 88 -0.50769  2.25416e+00 | 89 -0.49850  2.93362e+00 | 90 -0.48426  1.27937e+00
 91 -0.55125 -9.17026e-01 | 92 -0.54756  7.13184e-01 | 93 -0.58582  3.24271e+00
 94 -0.59742  1.61072e+00 | 95 -0.62099 -2.62674e+00 | 96 -0.59299 -4.75345e+00
 97 -0.60455 -2.53497e+00 | 98 -0.64225  6.91393e+00 | 99 -0.56367  8.34073e+00
100 -0.65956  1.20084e+01 |101 -0.60726  9.89773e+00 |102 -0.67984  2.55194e+00
103 -0.65814  1.96181e+00 |104 -0.65110  8.21394e+00 |105 -0.58156  1.51674e+01
106 -0.56177  1.33170e+01 |107 -0.59216  3.12858e+00 |108 -0.53640 -5.49158e+00
109 -0.74766  1.19867e+00 |110 -0.72619  1.30036e+01 |111 -0.77300  1.51333e+01
112 -0.71926  8.38805e+00 |113 -0.67955 -1.19859e+00 |114 -0.71469 -2.94095e+00
115 -0.71110  1.54407e+00 |116 -0.87464 -5.55160e+01 |117 -0.73243 -9.06540e+00
118 -0.69125 -1.33821e+01 |119 -0.51663 -1.67748e+01 |120 -0.61021  9.80071e+00
121 -0.66418 -2.23759e+00 |122 -0.63149  1.18749e+00 |123 -0.71778  5.58252e+00
124 -0.71872  7.44798e+00 |125 -0.65510  7.11265e-01 |126 -0.82733 -4.14627e+00
127 -0.88177  7.62340e+01 |128 -0.88368 -3.07049e+01 |129 -0.84831  1.03805e+01
130 -0.84196 -1.13972e+01 |131 -0.76109  1.75279e+01 |132 -0.81591  1.90472e+01
133 -0.84044  3.94923e+01 |134 -0.79737  1.20545e+01 |135 -0.79556  8.91874e+00
136 -0.75531  1.32873e+01 |137 -0.74042  1.94153e+01 |138 -0.68692  9.53940e+00
139 -0.67562 -3.29197e-01 |140 -0.68063  7.79647e-01 |141 -0.61543  6.18206e+00
142 -0.66050  3.95268e+00 |143 -0.66260 -1.99234e+00 |144 -0.75260 -7.38451e+00
145 -0.70593  2.94333e+00 |146 -0.64793  2.87307e-02 |147 -0.60335  6.68578e-01
148 -0.57142 -1.74381e+00 |149 -0.56291  2.26330e-02 |150 -0.57807 -1.79712e+00
151 -0.62056 -7.04076e+00 |152 -0.68150 -4.87442e+00 |153 -0.61167  6.61566e+00
154 -0.57537  3.82743e+00 |155 -0.61774 -8.90132e+00 |156 -0.60857 -8.18014e+00
157 -0.75248 -3.51692e+00 |158 -0.75237  1.26730e+01 |159 -0.84210 -1.52448e+01
160 -0.72533  1.05399e+01 |161 -0.69858 -2.70224e+00 |162 -0.68970 -4.53378e+00
163 -0.69216 -1.13346e-01 |164 -0.94809  4.03998e+00 |165 -0.92596  2.02387e+01
166 -0.96352 -2.59162e+02 |167 -0.85556  4.79236e+01 |168 -0.79520 -6.97169e+00
169 -0.78735  6.14939e-01 |170 -0.78737  3.90289e+00 |171 -0.79717  2.89813e+00
172 -0.73173 -1.02815e+01 |173 -0.75619 -1.14110e+01 |174 -0.68436  9.44724e+00
175 -0.61468  8.47429e+00 |176 -0.46899 -7.08530e-01 |177 -0.48073 -2.52030e+00
178 -0.61492 -4.65084e-03 |179 -0.56055  4.56446e+00 |180 -0.53186 -4.95063e-02
181 -0.49623 -7.41296e-01 |182 -0.51027  1.84287e+00 |183 -0.49397  3.60690e+00
184 -0.44129  1.34602e+00 |185 -0.40617 -1.44510e+00 |186 -0.46353 -5.15045e+00
187 -0.38971 -2.74239e+00 |188 -0.33840 -9.17274e-01 |189 -0.44054 -3.59625e+00
190 -0.50901  8.91500e-01 |191 -0.39867  6.00076e-01 |192 -0.26140 -3.10696e+00
193 -0.19548 -2.30562e+00 |194 -0.28480  1.22734e+00 |195 -0.62829 -1.56226e+00
196 -0.63063  6.75740e+00 |197 -0.82658  7.27084e+00 |198 -0.66495  1.26581e+01
199 -0.62006  3.15056e+00 |200 -0.67657 -7.22321e-01 |201 -0.62887  1.04033e+00
202  0.02137  1.61552e+02 |203  0.01490 -1.04479e+02 |204  0.04060 -3.89728e+01
205  0.03297  6.74279e+01 |206  0.01874  2.28087e-04 |207  0.33929 -9.40379e+01
208 -0.01849  1.70213e-05 |209  0.25789 -1.35737e+01 |210 -0.00252 -6.36655e-05
211  0.34034  3.81624e+01 |212  0.33253  1.04053e+02 |213 -0.31155  1.44551e-04
214  0.33232 -1.82033e+02 |215 -0.11117  6.10986e+00 |216 -0.00270  3.29377e+00
217  0.14471  3.89353e+00 |218 -0.30436 -1.24142e-03 |219  0.35525 -6.13907e+00
220 -0.00099  7.91665e-01 |221  0.07772  4.23263e+00 |222 -0.08003 -2.02557e-01
223  0.22673 -2.46315e+02 |224 -0.33228 -1.71707e-03 |225  0.30942  4.66058e+02
226 -0.04142 -1.54055e+01 |227 -0.03693 -4.33725e+01 |228  0.43069 -6.34327e+01
229  0.42499 -3.53593e+00 |230  0.36603 -7.19859e+01 |231  0.23572  2.30076e-04
232  0.00289 -1.18070e-06 |233  0.00982  3.48512e-04 |234  0.00477 -1.05870e-05
235  0.40288  1.26884e+02 |236  0.41395  2.52302e+01 |237  0.40711  1.55395e+02
238  0.42264  2.08177e+00 |239  0.01350  6.17647e-06 |240  0.02029 -4.11885e-05
241  0.09982  2.08608e-03 |242  0.03365  2.37277e-04 |243  0.37127 -1.07281e+02
244  0.27934 -4.26337e+00 |245  0.34698  3.98514e+00 |246  0.38057 -1.48097e+01
247  0.20686 -3.05381e-04 |248 -0.00451  1.01148e-06 |249 -0.00488  1.45756e-05
250  0.01320 -3.90263e-05 |251  0.36402  2.19669e+02 |252  0.34922  6.80536e+00
253  0.35703 -9.11823e+01 |254  0.36832  1.95861e+01 |255  0.38588 -5.29737e+01
256  0.90404  2.06510e-02 |257  0.35592  1.07625e+02 |258  0.21969 -2.43623e-01
259  0.08788 -2.55083e+01 |260  0.03538  7.12521e-04 |261  0.05390 -4.58486e-04
262  0.41293 -2.20910e+00 |263  0.35270  1.58767e+01 |264 -0.10099  8.99817e-04
265 -0.10286 -3.81853e-04 |266  0.10792  5.31955e-02 |267  0.15866 -4.76679e+00
268 -0.02993  5.70482e+00 |269 -0.01923  4.70480e+00 |270  0.00087  1.60253e+01
271  0.03625  3.84083e+01 |272 -0.02306  9.28691e+00 |273 -0.01847  1.78623e+00
274  0.00484 -1.52281e-01 |275 -0.02498  1.89765e+01 |276  0.04885  6.26917e+01
277 -0.00908  1.20463e+00 |278 -0.00008  3.26996e+00 |279  0.00362  4.92892e+00
280  0.03614  6.31217e+00 |281 -0.01977 -3.19007e+00 |282  0.00099 -2.92997e+00
283 -0.00071 -9.30055e+00 |284  0.00767 -1.86058e+01 |285 -0.02553 -4.21244e+00
286  0.00306 -8.46806e-01 |287 -0.01291  2.07996e+00 |288 -0.05398 -1.02927e+01
289  0.02573 -4.80891e+01 |290  0.03527 -1.52850e+00 |291  0.00164 -2.06457e+00
292 -0.01006 -5.53949e+00 |293  0.04802 -6.46556e+00 |294 -0.00000 -4.40548e-06
295 -0.00000  5.64876e-07 |296  0.00000  1.45298e-06 |297  0.00000  2.30882e-06
298 -0.00000  1.82717e-07 |299  0.00000 -3.11711e-08 |300  0.00000  7.03748e-07
301  0.00000  5.93155e-07 |302 -0.00000  7.15609e-07 |303  0.00000  3.21355e-07
304 -0.00000 -1.96575e-06 |305  0.00000 -1.08742e-06 |306 -0.00000 -6.79129e-07
307 -0.02663  1.25534e+01 |308 -0.03087  5.20475e+01 |309  0.00109 -2.56012e+01
310 -0.03339 -3.64666e+01 |311 -0.04259  1.75141e+01 |312 -0.03911 -5.74116e+00
313  0.00367 -2.46673e+01 |314  0.09254 -3.12362e+01 |315  0.08392 -1.95438e+01
316  0.00032  2.69582e+00 |317 -0.01122 -2.73435e+01 |318 -0.00007  1.15581e+01
319 -0.01010 -9.97483e+00 |320 -0.02002 -3.28743e+01 |321  0.01478  3.25379e+01
322 -0.02851  9.53016e+00 |323 -0.02613 -9.38084e+00 |324 -0.04395  4.79514e+00
325  0.00580  1.61391e+01 |326  0.06288  2.71630e+01 |327  0.05600  1.26645e+01
328 -0.00035 -1.18149e+00 |329 -0.00869  1.05680e+01 |330 -0.00016 -4.56371e+00
330 variables; iteration 40; function evaluation 44; phase 10
Function value 2.0533847e+03; maximum gradient component mag 4.6620e+02
Var    Value     Gradient |Var    Value     Gradient |Var    Value     Gradient
  1 -0.32828  8.31454e+01 |  2 -0.99523 -2.07266e-02 |  3 -0.01143 -8.67753e+00
  4 -0.42175 -4.13152e+02 |  5 -0.25316 -7.65326e+01 |  6 -0.10453 -2.34686e+02
  7 -0.19031 -2.81348e+01 |  8 -0.28542  8.59192e+01 |  9 -0.07947 -4.01495e+02
 10 -0.06605 -9.38445e+00 | 11 -0.04066 -5.84779e+00 | 12 -0.03834 -8.12059e+00
 13 -0.02502 -1.17192e+01 | 14 -0.00124 -1.70617e+01 | 15  0.02634 -2.40369e+01
 16  0.12969 -5.60031e+01 | 17  0.02219 -2.82873e+01 | 18 -0.02530 -1.97621e+01
 19  0.01813 -2.10854e+01 | 20  0.10017 -2.83715e+01 | 21 -0.03977 -4.17805e+00
 22 -0.04791 -7.14569e+00 | 23  0.02569 -1.01765e+01 | 24  0.04094 -1.11229e+01
 25  0.08396 -1.45942e+01 | 26  0.04270 -1.04392e+01 | 27  0.07826 -9.55804e+00
 28  0.07942  8.45447e-01 | 29  0.03514  7.89271e+00 | 30  0.04332  9.45292e+00
 31  0.04388  1.27858e+01 | 32  0.05153  1.79685e+01 | 33  0.06610  2.06942e+01
 34  0.02912  9.60436e+00 | 35 -0.00666 -4.72433e-01 | 36 -0.02682 -5.82502e+00
 37 -0.00671 -4.68244e+00 | 38  0.02430  7.30347e+00 | 39 -0.01282  8.30299e+00
 40 -0.02700  8.42189e+00 | 41 -0.03354  8.75338e+00 | 42  0.01472  1.99454e+01
 43  0.01279  2.10226e+01 | 44 -0.05158  3.05909e+00 | 45 -0.06736 -3.94938e-01
 46 -0.04781  7.93213e+00 | 47 -0.04912  7.06099e+00 | 48  0.02717  1.54808e+01
 49  0.06475  1.78540e+01 | 50  0.02616  1.04847e+01 | 51  0.07271  2.03005e+01
 52 -0.00287 -3.55296e-02 | 53  0.01832 -4.72094e+00 | 54  0.07537  1.48028e+01
 55  0.12130  5.20758e+01 | 56  0.05560  2.02692e+01 | 57 -0.08623  3.11975e+00
 58 -0.06043  2.61662e+00 | 59 -0.06626  1.55865e+01 | 60 -0.05350  3.50559e+01
 61 -0.09859  1.85118e+01 | 62 -0.11866  9.30891e+00 | 63 -0.11194  3.87207e+00
 64 -0.09005  6.55707e-01 | 65 -0.09547  1.15617e+00 | 66 -0.02062 -7.34839e-01
 67  0.00000  0.00000e+00 | 68 -0.93159 -7.82174e+00 | 69 -0.84672 -2.98667e+01
 70 -0.82697 -4.11489e+01 | 71 -0.70381 -3.13771e+01 | 72 -0.77864 -7.23976e+00
 73 -0.82998 -1.00477e+01 | 74 -0.79064 -1.34443e+01 | 75 -0.81642 -1.81099e+01
 76 -0.86012 -2.38856e+01 | 77 -0.87106 -5.18158e+01 | 78 -0.76860 -1.12477e+00
 79 -0.75232 -3.70165e-01 | 80 -0.71219 -2.76375e+00 | 81 -0.57672 -1.58113e+00
 82 -0.56361 -1.75724e+00 | 83 -0.55512 -1.66826e+00 | 84 -0.62279 -8.98952e-01
 85 -0.65991  7.37034e-02 | 86 -0.60201  1.08773e+00 | 87 -0.55898  2.07902e+00
 88 -0.50595  2.11817e+00 | 89 -0.49564  2.08268e+00 | 90 -0.47968  1.91035e+00
 91 -0.54666  2.01231e+00 | 92 -0.54313  2.73312e+00 | 93 -0.58243  2.93398e+00
 94 -0.59442  2.17902e+00 | 95 -0.61823  7.75434e-01 | 96 -0.59221 -4.46345e-02
 97 -0.60358  8.23913e-01 | 98 -0.63974  1.75806e+00 | 99 -0.55976  3.94759e+00
100 -0.65639  7.22138e+00 |101 -0.60406  4.55987e+00 |102 -0.67728  4.63909e+00
103 -0.65595  6.09116e+00 |104 -0.65018  5.70057e+00 |105 -0.58106  6.30692e+00
106 -0.55980  6.10867e+00 |107 -0.58870  4.47014e+00 |108 -0.53403  3.45332e-01
109 -0.74744 -1.93030e+00 |110 -0.72675 -1.94152e+00 |111 -0.77296  1.00437e+01
112 -0.71936  2.27023e-01 |113 -0.67849  3.64170e+00 |114 -0.71377 -3.33221e-01
115 -0.71037 -3.81729e+00 |116 -0.87475 -4.36791e+01 |117 -0.73253 -1.20416e+01
118 -0.69137 -1.71092e+01 |119 -0.50396 -1.18817e+01 |120 -0.61027  6.23707e-01
121 -0.66706 -2.43512e+00 |122 -0.63435 -8.14695e-01 |123 -0.71927 -4.44748e+00
124 -0.72037  2.87021e+00 |125 -0.65320  2.42869e+01 |126 -0.82839 -9.42858e+00
127 -0.88407 -5.05788e+01 |128 -0.88402  8.59050e+00 |129 -0.84858  1.18825e+01
130 -0.84197  1.78546e+00 |131 -0.76172  1.20775e+01 |132 -0.81636  1.15030e+01
133 -0.84087  2.05107e+01 |134 -0.79729  7.69062e+00 |135 -0.79504  1.23292e+01
136 -0.75467  1.10298e+01 |137 -0.73968  9.15619e+00 |138 -0.68501  4.82576e+00
139 -0.67206  9.52552e+00 |140 -0.67729  8.70050e+00 |141 -0.61210  7.70904e+00
142 -0.65780  7.51909e+00 |143 -0.65960  8.55639e+00 |144 -0.75185  2.03558e+00
145 -0.70529  1.76302e+00 |146 -0.64547 -4.07690e-01 |147 -0.59959  1.97466e+00
148 -0.56683  2.90510e+00 |149 -0.55872  2.91065e+00 |150 -0.57473  1.93540e+00
151 -0.61795  2.08693e+00 |152 -0.68011  4.05159e+00 |153 -0.61079  3.86691e+00
154 -0.57269  3.14939e+00 |155 -0.61357  2.56243e+00 |156 -0.60340 -1.44282e-01
157 -0.75078 -7.29665e+00 |158 -0.75133  2.86633e+00 |159 -0.84097 -6.10505e+00
160 -0.72401 -8.30565e-01 |161 -0.69581  2.65582e+00 |162 -0.68674  2.00188e+00
163 -0.68967 -2.82460e+00 |164 -0.94804  1.94577e+02 |165 -0.92712 -9.68650e+01
166 -0.96377 -2.42228e+02 |167 -0.85674  1.09956e+01 |168 -0.79572  1.64415e-01
169 -0.78825 -4.10550e-01 |170 -0.78836  1.25822e-01 |171 -0.79781  4.85761e+00
172 -0.73161  7.28087e-01 |173 -0.75586 -2.20988e+00 |174 -0.68481  7.67499e-01
175 -0.61485 -8.64492e-01 |176 -0.46637 -2.58189e-01 |177 -0.47748  4.73291e-01
178 -0.61316  8.87965e-01 |179 -0.55930  1.05205e+00 |180 -0.53074 -8.24737e-01
181 -0.49548 -2.93882e-01 |182 -0.50980  6.20157e-01 |183 -0.49322  6.07338e-02
184 -0.43893 -5.84590e-01 |185 -0.40149 -1.89724e-01 |186 -0.45969 -2.45846e+00
187 -0.38644 -2.16661e+00 |188 -0.33602 -1.64015e+00 |189 -0.43939 -1.43048e+00
190 -0.50946  9.59152e-01 |191 -0.39753  2.17497e+00 |192 -0.25366  4.47849e+00
193 -0.18963  5.28487e-01 |194 -0.27737  6.94935e-01 |195 -0.62480  6.16663e+00
196 -0.62870  5.36585e+00 |197 -0.82543  1.92203e+01 |198 -0.66348  5.38106e+00
199 -0.61700  5.12402e+00 |200 -0.67347  8.10688e+00 |201 -0.62546  4.80718e+00
202  0.02106  1.63968e+02 |203  0.01422 -1.41359e+02 |204  0.04234 -3.83873e+01
205  0.03409  8.33853e+01 |206  0.01874  2.58281e-04 |207  0.33969 -1.10541e+02
208 -0.01850  4.31181e-05 |209  0.25898  1.98205e+00 |210 -0.00252 -7.24046e-05
211  0.34067  5.75785e+01 |212  0.33319  9.16298e+01 |213 -0.31154 -1.47830e-04
214  0.33193 -2.18902e+02 |215 -0.11007  3.02672e+00 |216 -0.00384 -1.16392e+01
217  0.14586 -2.38662e+00 |218 -0.30435 -1.21880e-03 |219  0.35698  2.10282e+00
220 -0.00109  1.17231e+00 |221  0.06971 -5.70851e-01 |222 -0.07897  5.74086e-01
223  0.22559 -2.81941e+02 |224 -0.33228 -2.26788e-03 |225  0.30843  4.66198e+02
226 -0.03733 -1.71365e+01 |227 -0.03521 -3.60286e+01 |228  0.43919 -2.56163e+01
229  0.42262 -6.15448e+00 |230  0.37484 -5.17992e+01 |231  0.23571  3.64994e-04
232  0.00289 -1.49305e-06 |233  0.00982  3.27584e-04 |234  0.00477 -2.21208e-05
235  0.40407  7.80319e+01 |236  0.41271  1.89143e+01 |237  0.40812  1.50695e+02
238  0.42185 -1.38436e+01 |239  0.01350  2.06890e-05 |240  0.02029 -4.51392e-05
241  0.09982  1.93392e-03 |242  0.03365  1.71923e-04 |243  0.37892 -9.36231e+01
244  0.28152 -3.95702e+00 |245  0.35350 -5.38421e+01 |246  0.38883  6.17739e+00
247  0.20687 -1.91012e-04 |248 -0.00451  1.65872e-06 |249 -0.00488  1.73723e-05
250  0.01320 -3.32166e-05 |251  0.36574  2.28243e+02 |252  0.34956  6.03186e+00
253  0.35881  1.21591e+02 |254  0.36962 -3.74109e+01 |255  0.39308 -5.23755e+01
256  0.90400  2.06431e-02 |257  0.35749  1.15145e+02 |258  0.21966 -9.82345e+00
259  0.10129 -2.14692e+01 |260  0.03537  6.77945e-04 |261  0.05390 -1.31930e-04
262  0.41339  1.79956e+01 |263  0.35975  2.80216e+01 |264 -0.10099  8.36810e-04
265 -0.10285 -1.01932e-04 |266  0.10420  4.03591e+00 |267  0.15381  5.82022e+00
268 -0.03052  3.01684e+00 |269 -0.02004  4.10846e+00 |270 -0.00019  1.20342e+01
271  0.03701  4.77080e+01 |272 -0.02358  3.69279e+00 |273 -0.01881  6.01982e+00
274  0.00399  1.71679e+01 |275 -0.02417  6.01479e+01 |276  0.04840  3.97136e+01
277 -0.00661  1.02822e+01 |278 -0.00002  1.47734e+00 |279  0.00371  5.28390e+00
280  0.03567  3.33305e+00 |281 -0.01860 -1.46972e+00 |282  0.00155 -1.86447e+00
283  0.00027 -7.10899e+00 |284  0.00512 -2.72575e+01 |285 -0.02441 -1.56737e+00
286  0.00239 -4.07552e+00 |287 -0.01486 -1.09513e+01 |288 -0.05354 -2.62572e+01
289  0.02440 -3.61626e+01 |290  0.03543 -8.31380e+00 |291  0.00218 -9.72392e-01
292 -0.00862 -2.26915e+00 |293  0.04846 -2.24665e+00 |294 -0.00000 -2.47436e-06
295 -0.00000  8.51174e-07 |296  0.00000  1.04174e-06 |297  0.00000  1.66403e-06
298 -0.00000  1.55067e-07 |299  0.00000  1.87431e-07 |300  0.00000  6.49084e-08
301  0.00000  2.38442e-07 |302 -0.00000 -2.24412e-07 |303  0.00000  1.44860e-06
304 -0.00000 -1.38523e-06 |305  0.00000 -6.10685e-07 |306 -0.00000 -1.46713e-07
307 -0.02518  9.18731e+00 |308 -0.03546  2.73676e+01 |309  0.00450  3.84469e+01
310 -0.03082 -1.32244e+01 |311 -0.04249  1.15156e+01 |312 -0.03979  1.64395e+01
313  0.00387  2.06919e+01 |314  0.09177 -2.51066e+01 |315  0.08454 -1.17863e+02
316  0.00127  5.67788e+00 |317 -0.01059  1.82721e+01 |318  0.00032 -2.68631e+00
319 -0.00664 -2.67982e+00 |320 -0.02481 -1.48384e+01 |321  0.01473 -2.44912e+01
322 -0.02559  1.75793e+00 |323 -0.02540 -5.90074e+00 |324 -0.04573 -8.13642e+00
325  0.00511 -1.65389e+01 |326  0.06202  3.09829e+01 |327  0.05634  1.23988e+02
328 -0.00071 -2.31232e+00 |329 -0.00884 -7.26564e+00 |330 -0.00024  1.04719e+00
330 variables; iteration 60; function evaluation 64; phase 10
Function value 2.0528850e+03; maximum gradient component mag 4.5696e+02
Var    Value     Gradient |Var    Value     Gradient |Var    Value     Gradient
  1 -0.33202  7.91529e+00 |  2 -0.99417  1.38598e-01 |  3 -0.01143  3.07062e+01
  4 -0.42194 -2.95097e+02 |  5 -0.24938 -6.73598e+01 |  6 -0.10176 -2.27621e+02
  7 -0.18329 -1.60240e+01 |  8 -0.28880  1.72395e+02 |  9 -0.08090 -3.26953e+02
 10 -0.05949 -4.36807e+00 | 11 -0.03711 -3.24773e+00 | 12 -0.03573 -5.44529e+00
 13 -0.02490 -9.12157e+00 | 14 -0.00283 -1.36537e+01 | 15  0.02320 -1.84670e+01
 16  0.13660 -4.32935e+01 | 17  0.01947 -2.43170e+01 | 18 -0.02930 -2.05859e+01
 19  0.01078 -2.12660e+01 | 20  0.10235 -1.95321e+01 | 21 -0.04244 -4.18355e+00
 22 -0.04888 -7.19582e+00 | 23  0.02434 -1.07727e+01 | 24  0.03887 -9.98160e+00
 25  0.08005 -7.64266e+00 | 26  0.04104 -5.57206e+00 | 27  0.07452 -6.57132e+00
 28  0.07880  3.51014e+00 | 29  0.03209  6.22456e+00 | 30  0.04223  1.25032e+01
 31  0.04219  1.67222e+01 | 32  0.04954  1.94124e+01 | 33  0.06481  2.62909e+01
 34  0.02808  1.57094e+01 | 35 -0.00799  1.84129e+00 | 36 -0.02795 -3.33898e+00
 37 -0.00747  1.25976e+00 | 38  0.02353  1.34026e+01 | 39 -0.01394  9.82995e+00
 40 -0.02818  6.78431e+00 | 41 -0.03484  5.09834e+00 | 42  0.01349  1.52301e+01
 43  0.01124  1.56311e+01 | 44 -0.05273  7.29081e+00 | 45 -0.06842  5.13015e+00
 46 -0.04894  1.25375e+01 | 47 -0.04988  9.27793e+00 | 48  0.02582  1.83314e+01
 49  0.06518  2.81084e+01 | 50  0.02514  9.95152e+00 | 51  0.07337  2.02408e+01
 52 -0.00292  8.18317e-01 | 53  0.02078  1.53237e-01 | 54  0.07708  1.25640e+01
 55  0.12488  5.34497e+01 | 56  0.05842  1.82197e+01 | 57 -0.08206  2.12904e+00
 58 -0.06161 -4.90262e+00 | 59 -0.06530  9.20591e+00 | 60 -0.05677  1.61664e+01
 61 -0.09810  1.88410e+01 | 62 -0.12178  3.05894e+00 | 63 -0.10968  1.09712e+01
 64 -0.09034  1.60823e+00 | 65 -0.09276  2.54911e+00 | 66 -0.01651  5.42202e-01
 67  0.00000  0.00000e+00 | 68 -0.93140  1.57061e+00 | 69 -0.84599 -2.66975e+01
 70 -0.82657 -3.02446e+01 | 71 -0.70018 -2.69962e+01 | 72 -0.77709 -2.50062e+00
 73 -0.82905 -5.67656e+00 | 74 -0.78962 -7.88731e+00 | 75 -0.81540 -2.49733e+01
 76 -0.85966 -3.49480e+01 | 77 -0.86871 -3.02592e+01 | 78 -0.76561  3.49367e-01
 79 -0.74899  4.59856e+00 | 80 -0.70833  1.40131e+00 | 81 -0.57114 -2.06795e+00
 82 -0.55772 -2.18000e+00 | 83 -0.54903 -2.83454e+00 | 84 -0.61760 -1.15253e+00
 85 -0.65554 -9.84331e-01 | 86 -0.59711  3.28273e-01 | 87 -0.55385  4.78268e-01
 88 -0.50003  1.62502e+00 | 89 -0.48907  2.80139e+00 | 90 -0.47260  1.93325e+00
 91 -0.53998  3.76566e+00 | 92 -0.53646  3.71614e+00 | 93 -0.57640  3.46058e+00
 94 -0.58841  3.35671e+00 | 95 -0.61258  1.72239e+00 | 96 -0.58548  3.37536e+00
 97 -0.59713  3.19510e+00 | 98 -0.63370  3.28970e+00 | 99 -0.55189  4.59588e+00
100 -0.65042  8.16390e+00 |101 -0.59777  6.25626e+00 |102 -0.67282  6.33813e+00
103 -0.65209  5.71143e+00 |104 -0.64729  5.02398e+00 |105 -0.57802  3.38225e+00
106 -0.55443  3.40686e+00 |107 -0.58022  8.19907e+00 |108 -0.52239  2.85919e+00
109 -0.74081  5.34962e+00 |110 -0.71985  3.40925e+00 |111 -0.76819  5.45727e+00
112 -0.71384  2.18136e+00 |113 -0.67318 -7.07344e-01 |114 -0.70918  6.31518e-01
115 -0.70642 -2.14343e+00 |116 -0.87426 -2.22682e+01 |117 -0.73235 -1.31539e+01
118 -0.69025 -1.83521e+01 |119 -0.49743 -4.28346e+00 |120 -0.60837 -6.54970e+00
121 -0.66570 -2.23079e+00 |122 -0.63293 -1.33382e+00 |123 -0.71840 -8.21595e+00
124 -0.72060  4.24456e+00 |125 -0.65447  2.26936e+01 |126 -0.82727 -8.21529e+00
127 -0.88269 -4.75039e+01 |128 -0.88232  1.81942e+01 |129 -0.84653  1.65256e+01
130 -0.83988  2.69780e+00 |131 -0.75859  9.69946e+00 |132 -0.81391  1.10863e+01
133 -0.83887  1.81877e+01 |134 -0.79473  1.09543e+01 |135 -0.79249  1.71231e+01
136 -0.75187  9.80038e+00 |137 -0.73658  7.74502e+00 |138 -0.68080  5.72944e+00
139 -0.66790  4.59711e+00 |140 -0.67297  5.37941e+00 |141 -0.60654  7.19348e+00
142 -0.65295  5.78869e+00 |143 -0.65481  5.89230e+00 |144 -0.74834  4.01361e+00
145 -0.70131  5.95393e-01 |146 -0.63948  1.98801e+00 |147 -0.59232  3.96070e+00
148 -0.55907  3.40082e+00 |149 -0.55161  3.89477e+00 |150 -0.56861  3.99473e+00
151 -0.61353  2.36983e+00 |152 -0.67746  2.96203e+00 |153 -0.60756  3.48700e+00
154 -0.56721  1.44541e+00 |155 -0.60575  4.51173e+00 |156 -0.59096  3.18847e+00
157 -0.74297  2.49773e-01 |158 -0.74420  5.38948e+00 |159 -0.83711 -2.01952e+01
160 -0.71745 -1.80640e+00 |161 -0.68929 -1.56665e+00 |162 -0.68058 -5.90823e-01
163 -0.68406 -1.00870e+00 |164 -0.94738  1.94423e+02 |165 -0.92611 -9.23942e+01
166 -0.96327 -2.36774e+02 |167 -0.85508 -3.60145e+00 |168 -0.79307 -1.05178e+00
169 -0.78550 -1.30479e+00 |170 -0.78560 -1.82903e-02 |171 -0.79522  6.41689e+00
172 -0.72826  3.28811e+00 |173 -0.75291  1.82689e+00 |174 -0.68089  4.91043e+00
175 -0.61019 -4.59466e-01 |176 -0.45927  1.24491e-01 |177 -0.46965  2.97802e+00
178 -0.60767  2.46571e+00 |179 -0.55315  8.48660e-01 |180 -0.52395 -4.01086e-01
181 -0.48858 -2.27034e+00 |182 -0.50301 -1.40745e+00 |183 -0.48576 -2.51887e-02
184 -0.42990  1.16003e+00 |185 -0.39121  1.55137e+00 |186 -0.45042  3.18919e-01
187 -0.37757 -1.44413e+00 |188 -0.32783 -1.47573e+00 |189 -0.43411 -2.45993e+00
190 -0.50589  1.29311e+00 |191 -0.39307  2.66569e+00 |192 -0.24378  5.83539e+00
193 -0.17427  2.87651e-01 |194 -0.25082  4.40099e+00 |195 -0.61271  8.74000e+00
196 -0.61764  7.01496e+00 |197 -0.82094  1.01999e+01 |198 -0.65546  1.34174e+00
199 -0.60791  5.27719e+00 |200 -0.66645  8.62441e+00 |201 -0.61829  6.03286e+00
202  0.02313  1.74459e+02 |203  0.01575 -1.31268e+02 |204  0.03954 -3.88012e+01
205  0.03618  7.42975e+01 |206  0.01873  3.88616e-04 |207  0.34063 -9.62374e+01
208 -0.01850  6.54130e-05 |209  0.25700 -2.27660e+00 |210 -0.00251 -7.07231e-05
211  0.34013  6.62122e+01 |212  0.33443  9.55838e+01 |213 -0.31153 -1.02978e-04
214  0.33221 -2.29859e+02 |215 -0.11519  2.31076e+00 |216 -0.00306 -1.12803e+01
217  0.15169 -3.51846e+00 |218 -0.30434 -1.21916e-03 |219  0.36017  7.76296e+00
220 -0.01092  5.23592e-01 |221  0.06918  3.38579e-01 |222 -0.08045 -9.28747e-01
223  0.22614 -2.72579e+02 |224 -0.33227 -2.15313e-03 |225  0.30856  4.56959e+02
226 -0.03698 -1.58250e+01 |227 -0.03425 -3.46867e+01 |228  0.44098 -2.32319e+01
229  0.42431 -1.21592e+01 |230  0.37898 -5.01199e+01 |231  0.23571  3.62777e-04
232  0.00289 -1.15294e-06 |233  0.00982  3.17663e-04 |234  0.00477 -3.26374e-05
235  0.40438  7.07462e+01 |236  0.41309  3.72403e+01 |237  0.40869  1.51490e+02
238  0.42131 -1.39315e+01 |239  0.01350  2.12940e-05 |240  0.02029 -4.19941e-05
241  0.09980  1.85687e-03 |242  0.03364  9.39006e-05 |243  0.38100 -8.89002e+01
244  0.28266 -5.31885e+00 |245  0.35624 -5.35798e+01 |246  0.39657  6.70086e+00
247  0.20687 -2.28006e-04 |248 -0.00451  1.05614e-06 |249 -0.00488  1.56011e-05
250  0.01320 -3.40700e-05 |251  0.36630  2.27550e+02 |252  0.34990  9.42445e+00
253  0.35930  1.22156e+02 |254  0.37138 -2.80917e+01 |255  0.40132 -4.96752e+01
256  0.90377  2.05933e-02 |257  0.35952  1.22374e+02 |258  0.22781 -8.21921e+00
259  0.11573 -1.54226e+01 |260  0.03537  7.40547e-04 |261  0.05390  3.10133e-04
262  0.41673  1.66976e+01 |263  0.36739  2.88067e+01 |264 -0.10100  9.22027e-04
265 -0.10285  2.83509e-04 |266  0.10087  1.54137e+00 |267  0.14991  8.23479e+00
268 -0.03170  1.76970e-01 |269 -0.02244  3.52672e+00 |270 -0.00235  8.10270e+00
271  0.03628  4.22704e+01 |272 -0.02351  1.84864e+00 |273 -0.02012  5.28072e+00
274  0.00256  1.03098e+01 |275 -0.02536  6.83434e+01 |276  0.04665  3.86343e+01
277 -0.00200  7.05761e+00 |278 -0.00054  1.00805e+00 |279  0.00243  1.46794e+00
280  0.03482  7.90640e-01 |281 -0.01722  1.37021e-01 |282  0.00040 -1.84581e+00
283  0.00433 -4.52357e+00 |284  0.00385 -2.38044e+01 |285 -0.02315 -5.16770e-01
286  0.00138 -4.33155e+00 |287 -0.01579 -7.65862e+00 |288 -0.05462 -2.98130e+01
289  0.02352 -3.34063e+01 |290  0.03892 -4.14988e+00 |291  0.00180 -8.22218e-01
292 -0.01017 -1.75747e+00 |293  0.04760 -1.23519e+00 |294  0.00000  2.91143e-06
295 -0.00000  9.00981e-07 |296  0.00000  8.53685e-07 |297  0.00000  1.09390e-06
298 -0.00000  5.51309e-07 |299  0.00000  2.63429e-07 |300  0.00000 -3.25924e-07
301  0.00000 -6.70565e-07 |302 -0.00000  1.44597e-06 |303  0.00000  4.24133e-07
304  0.00000  8.41546e-07 |305  0.00000  3.57822e-07 |306 -0.00000  7.23432e-08
307 -0.02708  1.03668e+01 |308 -0.03950  2.93666e+01 |309  0.00451  1.80432e+01
310 -0.02982 -3.86744e+00 |311 -0.04254  5.66485e+00 |312 -0.03966  1.00593e+01
313  0.00374  4.01310e+01 |314  0.09159 -2.64611e+01 |315  0.08336 -1.16553e+02
316  0.00040  4.59868e+00 |317 -0.01042  1.71522e+01 |318  0.00115 -6.07084e+00
319 -0.00801 -5.16891e+00 |320 -0.02995 -1.44939e+01 |321  0.01428 -9.37549e+00
322 -0.02437 -1.23485e+00 |323 -0.02514 -2.40129e+00 |324 -0.04536 -4.47310e+00
325  0.00497 -3.03633e+01 |326  0.06252  3.14657e+01 |327  0.05624  1.22618e+02
328 -0.00037 -1.87393e+00 |329 -0.00884 -6.78439e+00 |330 -0.00047  2.38706e+00
330 variables; iteration 80; function evaluation 84; phase 10
Function value 2.0523891e+03; maximum gradient component mag -7.1803e+02
Var    Value     Gradient |Var    Value     Gradient |Var    Value     Gradient
  1 -0.34536  3.85620e+02 |  2 -0.99047 -6.73531e-01 |  3 -0.01143 -7.08600e+01
  4 -0.42186 -7.18030e+02 |  5 -0.25124 -6.98507e+01 |  6 -0.09845 -2.37977e+02
  7 -0.20485  3.44474e+01 |  8 -0.30615 -3.06069e+02 |  9 -0.08266 -3.24454e+02
 10 -0.06614 -6.14499e+00 | 11 -0.03992 -3.88938e+00 | 12 -0.03711 -5.59642e+00
 13 -0.02353 -8.35998e+00 | 14 -0.00017 -1.27853e+01 | 15  0.01798 -1.87417e+01
 16  0.14251 -4.33628e+01 | 17  0.02146 -2.37396e+01 | 18 -0.02265 -1.79769e+01
 19  0.00833 -2.18877e+01 | 20  0.10105 -5.06287e+01 | 21 -0.04015 -1.47984e+01
 22 -0.05167 -1.87716e+01 | 23  0.02184 -2.22343e+01 | 24  0.03601 -1.75783e+01
 25  0.07417 -2.13350e+01 | 26  0.03563 -1.66579e+01 | 27  0.07399 -2.22501e+01
 28  0.07697 -1.43468e+01 | 29  0.03303 -3.54271e+00 | 30  0.04168  1.12740e+00
 31  0.04267  4.39094e+00 | 32  0.04961  2.29769e+00 | 33  0.06590  6.83630e+00
 34  0.02896 -2.85082e+00 | 35 -0.00598 -1.20854e+01 | 36 -0.02548 -1.48544e+01
 37 -0.00565 -1.49737e+01 | 38  0.02606 -4.76860e+00 | 39 -0.01162 -3.64692e+00
 40 -0.02546 -4.69471e+00 | 41 -0.03251 -6.10317e+00 | 42  0.01604  3.69021e+00
 43  0.01417  1.21026e+01 | 44 -0.04902  8.87752e+00 | 45 -0.06590  7.04153e-01
 46 -0.04559  7.56746e+00 | 47 -0.04721  5.30953e+00 | 48  0.02918  1.82871e+01
 49  0.06725  1.84181e+01 | 50  0.02759  5.03850e-01 | 51  0.07408 -3.65429e+00
 52 -0.00237 -1.20913e+01 | 53  0.02072 -1.26993e+01 | 54  0.07663 -7.15195e+00
 55  0.12130  1.34802e+01 | 56  0.05356  4.35209e-01 | 57 -0.08918 -4.14080e+00
 58 -0.06484 -9.37035e+00 | 59 -0.06812 -1.35470e-01 | 60 -0.05474  1.05359e+01
 61 -0.09775  9.85319e+00 | 62 -0.11951  1.47475e+00 | 63 -0.10980  5.01941e+00
 64 -0.08897  4.21304e-01 | 65 -0.09396  1.55035e+00 | 66 -0.01833 -1.05678e-01
 67  0.00000  0.00000e+00 | 68 -0.92923  6.44250e-01 | 69 -0.84177 -2.53009e+01
 70 -0.82123 -2.90970e+01 | 71 -0.69208 -2.33557e+01 | 72 -0.76904 -6.23983e+00
 73 -0.82301 -2.12782e+01 | 74 -0.78209 -1.50039e+01 | 75 -0.80847 -3.57954e+01
 76 -0.85476 -4.16164e+01 | 77 -0.86325 -3.51540e+01 | 78 -0.75544 -5.71319e-01
 79 -0.73843  3.72457e+00 | 80 -0.69694 -3.88238e-01 | 81 -0.55382 -8.35741e-01
 82 -0.54006 -8.00178e-01 | 83 -0.53065 -3.45757e-01 | 84 -0.60263  7.49624e-01
 85 -0.64329  3.81384e-02 | 86 -0.58362  2.42237e+00 | 87 -0.53971  2.32603e+00
 88 -0.48455  3.40676e+00 | 89 -0.47317  3.22054e+00 | 90 -0.45462  3.13097e+00
 91 -0.52386  3.21559e+00 | 92 -0.52035  3.77587e+00 | 93 -0.56226  2.49496e+00
 94 -0.57508  1.55670e+00 | 95 -0.60042  1.48186e+00 | 96 -0.57119  2.44788e+00
 97 -0.58409  2.83020e+00 | 98 -0.62441  3.60989e+00 | 99 -0.53969  4.50842e+00
100 -0.64047  7.89444e+00 |101 -0.58561  5.99467e+00 |102 -0.66191  6.69746e+00
103 -0.63948  4.58654e+00 |104 -0.63352  5.49835e+00 |105 -0.56150  4.24298e+00
106 -0.53853  5.00015e+00 |107 -0.56752  5.81847e+00 |108 -0.50912  2.81450e+00
109 -0.73309  3.06048e+00 |110 -0.71162  1.97254e+00 |111 -0.76123  1.89534e+01
112 -0.70699 -3.22961e+00 |113 -0.66517 -2.61319e+00 |114 -0.70221 -3.53201e+00
115 -0.69910 -3.71075e+00 |116 -0.87093 -2.98982e+01 |117 -0.72477 -7.16956e+00
118 -0.68319 -1.87468e+01 |119 -0.48539 -3.86005e+00 |120 -0.59289 -3.79338e+00
121 -0.65327 -2.54210e+00 |122 -0.61931 -1.06598e+00 |123 -0.70933 -1.21485e+01
124 -0.71383 -2.95285e+00 |125 -0.64525  2.04489e+01 |126 -0.81949  3.41951e+00
127 -0.87832 -5.50777e+01 |128 -0.87771  3.14050e+00 |129 -0.84093 -2.15240e-01
130 -0.83385  1.76964e+00 |131 -0.74927  1.17321e+01 |132 -0.80706  8.93274e+00
133 -0.83354  1.01971e+01 |134 -0.78837  7.51328e+00 |135 -0.78652  1.09637e+01
136 -0.74469  9.19382e+00 |137 -0.72888  5.45667e+00 |138 -0.67081  2.40947e+00
139 -0.65621  8.03944e+00 |140 -0.66188  5.53687e+00 |141 -0.59367  5.95464e+00
142 -0.64181  4.90717e+00 |143 -0.64423  5.39467e+00 |144 -0.74207 -1.15818e+00
145 -0.69362  5.49961e+00 |146 -0.63029  1.89264e+00 |147 -0.58131  2.27514e+00
148 -0.54605  3.82597e+00 |149 -0.53778  3.62600e+00 |150 -0.55400  3.50354e+00
151 -0.59907  2.90186e+00 |152 -0.66485  2.02370e+00 |153 -0.59225  1.92461e+00
154 -0.55160  2.52440e+00 |155 -0.59361  3.29559e+00 |156 -0.57996  1.11868e+00
157 -0.73524 -9.20905e-01 |158 -0.73687  1.69670e-01 |159 -0.83257 -1.64477e+01
160 -0.71029 -1.14481e+00 |161 -0.68156 -2.06209e+00 |162 -0.67287 -3.70713e+00
163 -0.67640 -4.78247e+00 |164 -0.94523  1.58390e+02 |165 -0.92310 -1.01394e+02
166 -0.96189 -2.61429e+02 |167 -0.84988 -4.67609e+00 |168 -0.78604 -5.22046e+00
169 -0.77825 -4.37591e+00 |170 -0.77868 -5.50405e+00 |171 -0.78925 -1.53146e+00
172 -0.72088 -1.09599e+00 |173 -0.74664 -3.98243e+00 |174 -0.67337 -3.23703e+00
175 -0.60028 -2.52620e+00 |176 -0.44393 -5.98412e-01 |177 -0.45395  8.43058e-01
178 -0.59618  8.15560e-01 |179 -0.54042 -5.10799e-01 |180 -0.51086 -2.37877e+00
181 -0.47457 -1.40090e+00 |182 -0.49044 -1.11653e+00 |183 -0.47372 -8.91106e-02
184 -0.41637  2.05045e+00 |185 -0.37618 -3.62150e-01 |186 -0.43537  5.13730e-01
187 -0.35879 -4.06462e-01 |188 -0.30433  6.78829e-01 |189 -0.41316 -5.53256e-01
190 -0.48725  8.74966e-01 |191 -0.36821  7.52463e+00 |192 -0.21869  4.57075e+00
193 -0.14956  2.12294e-01 |194 -0.22969  3.53034e+00 |195 -0.60123  6.14990e+00
196 -0.60666  3.23908e+00 |197 -0.81620  5.39958e+00 |198 -0.64670  3.22780e+00
199 -0.59828  4.63806e+00 |200 -0.65843  6.29322e+00 |201 -0.60900  3.75686e+00
202  0.02651  1.63718e+02 |203  0.01923 -1.99799e+02 |204  0.03366 -4.37319e+01
205  0.03664  7.26982e+01 |206  0.01872  1.86921e-04 |207  0.34045 -9.00819e+01
208 -0.01850  1.38993e-05 |209  0.25190 -1.15159e+00 |210 -0.00251 -7.31947e-05
211  0.33859  7.03858e+01 |212  0.33538  1.00423e+02 |213 -0.31150 -6.30203e-04
214  0.33267 -2.39499e+02 |215 -0.11775 -8.42948e-01 |216 -0.00121 -2.45659e+01
217  0.15511 -5.10343e+00 |218 -0.30430 -1.40990e-03 |219  0.36295  1.08222e+01
220 -0.02811 -5.13555e-01 |221  0.07083 -1.96709e-01 |222 -0.07130  7.40443e-01
223  0.22573 -2.55899e+02 |224 -0.33225 -2.43525e-03 |225  0.30853  4.15880e+02
226 -0.03668 -1.75972e+01 |227 -0.03276 -3.74208e+01 |228  0.44670 -2.39643e+01
229  0.43205 -9.92344e+00 |230  0.38249 -4.85401e+01 |231  0.23569  3.09637e-04
232  0.00289 -1.11744e-06 |233  0.00981  3.05139e-04 |234  0.00477 -3.27019e-05
235  0.40564  8.38664e+01 |236  0.41457  3.15689e+01 |237  0.40993  1.53000e+02
238  0.42197 -1.50019e+01 |239  0.01350  1.92730e-05 |240  0.02029 -3.96899e-05
241  0.09974  1.76736e-03 |242  0.03364  9.06918e-05 |243  0.38461 -7.79589e+01
244  0.28442 -7.83923e+00 |245  0.35875 -5.04256e+01 |246  0.39596  1.26270e+01
247  0.20688 -3.87836e-04 |248 -0.00451 -2.34396e-08 |249 -0.00488  1.15496e-05
250  0.01320 -3.60307e-05 |251  0.36726  2.07651e+02 |252  0.35091  1.73446e+01
253  0.36020  1.19047e+02 |254  0.37160 -4.02311e+01 |255  0.40028 -4.28998e+01
256  0.90310  2.04475e-02 |257  0.35955  1.08170e+02 |258  0.22948 -9.42984e+00
259  0.10578 -1.40864e+01 |260  0.03534  7.41211e-04 |261  0.05390  3.47809e-05
262  0.41787  2.18335e+01 |263  0.36183  2.05680e+01 |264 -0.10103  9.12790e-04
265 -0.10285  3.74602e-05 |266  0.10400  3.35478e+00 |267  0.15730  9.99798e+00
268 -0.03199  1.65752e+00 |269 -0.02315  3.65763e+00 |270 -0.00056  7.76995e+00
271  0.03435  3.66130e+01 |272 -0.02452  8.54006e-01 |273 -0.02040  8.84290e+00
274  0.00182  1.25775e+01 |275 -0.02659  6.25461e+01 |276  0.04562  3.56902e+01
277 -0.00541  7.02397e+00 |278 -0.00086 -8.27122e-02 |279  0.00277  4.11070e+00
280  0.03507  1.48076e+00 |281 -0.01750 -8.32902e-01 |282  0.00086 -2.14891e+00
283  0.00451 -3.84848e+00 |284  0.00265 -2.17989e+01 |285 -0.02340 -1.59425e-01
286  0.00238 -5.50512e+00 |287 -0.01540 -7.36649e+00 |288 -0.05524 -2.82290e+01
289  0.02422 -2.75239e+01 |290  0.03733 -4.58398e+00 |291  0.00226  3.62336e-02
292 -0.00942 -2.66361e+00 |293  0.04791 -1.66658e+00 |294  0.00000  1.48298e-06
295 -0.00000  9.42981e-07 |296  0.00000  8.43190e-07 |297  0.00000  1.01935e-06
298 -0.00000  3.98715e-07 |299  0.00000  9.10163e-07 |300  0.00000  5.96326e-07
301  0.00000  1.58117e-07 |302 -0.00000  4.49084e-07 |303  0.00000  2.10528e-06
304  0.00000  4.34980e-07 |305  0.00000  5.05572e-08 |306 -0.00000  1.08086e-07
307 -0.02555  6.37179e+00 |308 -0.04176  3.28626e+01 |309  0.00313  1.40971e+01
310 -0.02826 -3.53082e+00 |311 -0.04093  2.84635e+00 |312 -0.03863  5.33673e+00
313  0.00295  3.91700e+01 |314  0.09193 -1.98991e+01 |315  0.08348 -1.09246e+02
316  0.00135 -2.59781e+00 |317 -0.01048  1.86786e+01 |318  0.00254 -5.42033e-01
319 -0.00569 -2.08974e+00 |320 -0.03281 -1.92237e+01 |321  0.01353 -6.54839e+00
322 -0.02308 -7.13999e-01 |323 -0.02274  3.82281e-01 |324 -0.04369 -8.83510e-02
325  0.00453 -3.03287e+01 |326  0.06412  3.41477e+01 |327  0.05755  1.17962e+02
328 -0.00084  1.04737e+00 |329 -0.00877 -7.22417e+00 |330 -0.00094  2.56686e-01
330 variables; iteration 100; function evaluation 104; phase 10
Function value 2.0520410e+03; maximum gradient component mag -4.7405e+02
Var    Value     Gradient |Var    Value     Gradient |Var    Value     Gradient
  1 -0.35106  3.19278e+02 |  2 -0.95982 -3.16983e-01 |  3 -0.01143 -2.48023e+01
  4 -0.42183 -4.74048e+02 |  5 -0.25195 -6.24453e+01 |  6 -0.09612 -2.16014e+02
  7 -0.20894  2.26639e+01 |  8 -0.31248 -2.32264e+02 |  9 -0.08737 -3.10036e+02
 10 -0.06514 -4.39353e+00 | 11 -0.03861 -2.85719e+00 | 12 -0.03612 -4.80548e+00
 13 -0.02564 -8.50412e+00 | 14 -0.00427 -1.26918e+01 | 15  0.01557 -1.66419e+01
 16  0.15176 -3.77874e+01 | 17  0.01866 -2.42131e+01 | 18 -0.01873 -1.87092e+01
 19  0.00516 -2.42875e+01 | 20  0.09635 -8.18255e+01 | 21 -0.04464 -2.45234e+01
 22 -0.05705 -2.55190e+01 | 23  0.01739 -3.26804e+01 | 24  0.03352 -2.55741e+01
 25  0.07358 -2.49701e+01 | 26  0.03851 -1.68394e+01 | 27  0.07249 -2.17228e+01
 28  0.07640 -1.40067e+01 | 29  0.03417 -2.56873e+00 | 30  0.04054 -6.94589e-01
 31  0.04307  7.00666e+00 | 32  0.04962  8.58810e+00 | 33  0.06624  1.48466e+01
 34  0.02959  1.87838e+00 | 35 -0.00588 -1.16128e+01 | 36 -0.02546 -1.66959e+01
 37 -0.00474 -1.53082e+01 | 38  0.02638 -2.79495e+00 | 39 -0.01032  4.42237e+00
 40 -0.02477  9.37516e-01 | 41 -0.03215  3.81106e-01 | 42  0.01704  1.49686e+01
 43  0.01482  1.89369e+01 | 44 -0.04829  7.70009e+00 | 45 -0.06557  4.85693e-01
 46 -0.04421  1.08707e+01 | 47 -0.04673  8.22787e+00 | 48  0.03010  2.68450e+01
 49  0.06875  3.33493e+01 | 50  0.02846  5.72019e+00 | 51  0.07517 -2.76907e-02
 52 -0.00150 -1.00250e+01 | 53  0.02173 -8.62015e+00 | 54  0.07737 -2.34105e-01
 55  0.12249  2.01810e+01 | 56  0.05370 -2.66876e+00 | 57 -0.08728 -2.25918e+00
 58 -0.06589 -8.52505e+00 | 59 -0.06662  7.51766e+00 | 60 -0.05365  1.89458e+01
 61 -0.09591  1.33992e+01 | 62 -0.11737  6.86208e+00 | 63 -0.10695  8.12722e+00
 64 -0.08583  3.07589e+00 | 65 -0.09157  2.32915e+00 | 66 -0.01650  4.60932e-01
 67  0.00000  0.00000e+00 | 68 -0.92689  2.10710e+01 | 69 -0.83659 -1.18273e+01
 70 -0.81362 -2.03280e+01 | 71 -0.68012 -2.31758e+01 | 72 -0.76060 -1.33628e+01
 73 -0.81640 -2.42834e+01 | 74 -0.77388 -2.25048e+01 | 75 -0.80195 -4.75861e+01
 76 -0.85014 -5.07697e+01 | 77 -0.86071 -4.02634e+01 | 78 -0.75179 -1.50640e+00
 79 -0.73524  2.03038e+00 | 80 -0.69377 -1.28504e+00 | 81 -0.55016 -1.13037e+00
 82 -0.53676 -1.79321e+00 | 83 -0.52747 -1.68994e+00 | 84 -0.60018 -3.93431e-01
 85 -0.64176 -4.34088e+00 | 86 -0.58153  2.52592e+00 | 87 -0.53732  3.98383e+00
 88 -0.48241  2.79470e+00 | 89 -0.47098  2.99306e+00 | 90 -0.45234  2.48035e+00
 91 -0.52175  2.51737e+00 | 92 -0.51823  3.23049e+00 | 93 -0.56032  2.50604e+00
 94 -0.57313  2.57017e+00 | 95 -0.59868  2.38413e+00 | 96 -0.56968  3.22913e+00
 97 -0.58288  2.36398e+00 | 98 -0.62311  2.76556e+00 | 99 -0.53809  3.71447e+00
100 -0.63929  7.67873e+00 |101 -0.58401  8.42909e+00 |102 -0.66069  9.05306e+00
103 -0.63864  1.80768e+00 |104 -0.63219  7.44519e+00 |105 -0.56002  5.29000e+00
106 -0.53706  5.11241e+00 |107 -0.56586  5.96991e+00 |108 -0.50507  6.74063e+00
109 -0.73165 -3.93141e+00 |110 -0.70995  6.33747e-01 |111 -0.76020  1.75900e+01
112 -0.70599 -1.33912e+00 |113 -0.66450 -1.61086e-01 |114 -0.70196  2.98494e+00
115 -0.70012 -4.21796e+00 |116 -0.86674 -1.88323e+01 |117 -0.71602 -3.19442e+00
118 -0.67311 -2.04644e+01 |119 -0.46229 -1.14994e+00 |120 -0.57563 -4.36183e+00
121 -0.63990 -3.45182e+00 |122 -0.60434 -8.06776e-01 |123 -0.69702 -1.51015e+01
124 -0.69971 -3.97950e+00 |125 -0.62831  1.68720e+01 |126 -0.81632 -1.57876e+00
127 -0.87659 -5.39727e+01 |128 -0.87811  3.62116e+00 |129 -0.83959  1.41800e+00
130 -0.83262  2.20274e+00 |131 -0.74777  6.59641e+00 |132 -0.80574  1.27266e+01
133 -0.83243  2.06271e+01 |134 -0.78744  6.50275e+00 |135 -0.78562  1.18915e+01
136 -0.74384  5.63833e+00 |137 -0.72734  1.31786e+01 |138 -0.66967 -6.44971e-01
139 -0.65474  6.48378e+00 |140 -0.66019  7.06707e+00 |141 -0.59191  5.17790e+00
142 -0.64033  4.16202e+00 |143 -0.64287  4.14779e+00 |144 -0.74031  5.55835e+00
145 -0.69219  3.21762e+00 |146 -0.62897  1.39558e+00 |147 -0.57961  3.26762e+00
148 -0.54458  2.93606e+00 |149 -0.53594  5.97823e+00 |150 -0.55258  3.87838e+00
151 -0.59788  2.67161e+00 |152 -0.66390  1.49445e+00 |153 -0.59090  3.28759e+00
154 -0.55034  2.32299e+00 |155 -0.59207  4.18466e+00 |156 -0.57809  1.35114e+00
157 -0.73356  4.16531e+00 |158 -0.73592 -5.39401e+00 |159 -0.83200 -1.46005e+01
160 -0.70953  4.21437e+00 |161 -0.68174 -3.46486e+00 |162 -0.67344 -2.68659e+00
163 -0.67792 -5.31678e+00 |164 -0.94429  1.38569e+02 |165 -0.92210 -9.87458e+01
166 -0.96146 -2.38138e+02 |167 -0.84837 -4.72196e+00 |168 -0.78400 -4.88956e+00
169 -0.77624 -5.59885e+00 |170 -0.77663 -2.23681e+00 |171 -0.78765 -2.22253e+00
172 -0.71887 -6.05485e-01 |173 -0.74487 -2.03618e+00 |174 -0.67088  1.66057e-01
175 -0.59784 -4.74631e+00 |176 -0.43995 -9.36827e-01 |177 -0.44982  4.54028e-01
178 -0.59339  2.03709e-01 |179 -0.53710 -4.27595e-01 |180 -0.50731 -2.26047e+00
181 -0.47068 -8.38486e-01 |182 -0.48652  4.27634e-01 |183 -0.47006  1.21494e-01
184 -0.41244  2.16889e+00 |185 -0.37143  1.43493e+00 |186 -0.43158  1.17266e+00
187 -0.35548 -1.93555e+00 |188 -0.30006  6.44499e-01 |189 -0.40926  7.09770e-01
190 -0.48445  2.07841e-01 |191 -0.36561  4.39222e+00 |192 -0.21464  2.81704e+00
193 -0.14183  1.89378e+00 |194 -0.22527  4.10508e+00 |195 -0.59897  6.22222e+00
196 -0.60510 -4.35108e-01 |197 -0.81556  5.51697e+00 |198 -0.64583  5.66573e+00
199 -0.59807  5.79425e+00 |200 -0.65929  3.56783e+00 |201 -0.61067  4.04325e+00
202  0.02714  1.63342e+02 |203  0.02011 -1.99361e+02 |204  0.03250 -4.16136e+01
205  0.02955  7.23813e+01 |206  0.01869  1.51550e-04 |207  0.33983 -8.67875e+01
208 -0.01851 -1.56931e-05 |209  0.24978  3.29208e+00 |210 -0.00251 -7.50090e-05
211  0.33882  5.53259e+01 |212  0.33610  9.90848e+01 |213 -0.31145 -8.23843e-04
214  0.33311 -2.13653e+02 |215 -0.12577 -2.52464e+00 |216 -0.00072 -1.90391e+01
217  0.15173 -3.76628e+00 |218 -0.30421 -1.28939e-03 |219  0.36179  1.01084e+01
220 -0.01127  4.49226e-01 |221  0.07332 -3.79498e-01 |222 -0.07774 -1.71479e-01
223  0.22562 -2.39992e+02 |224 -0.33222 -2.37962e-03 |225  0.30852  3.89797e+02
226 -0.03610 -1.78475e+01 |227 -0.03402 -3.96322e+01 |228  0.44508 -2.20617e+01
229  0.43092 -9.66404e+00 |230  0.38064 -5.00375e+01 |231  0.23565  3.12802e-04
232  0.00289 -8.02540e-07 |233  0.00979  3.11095e-04 |234  0.00477 -2.66912e-05
235  0.40560  7.84357e+01 |236  0.41459  3.09172e+01 |237  0.40982  1.48808e+02
238  0.42215 -1.25591e+01 |239  0.01350  1.96242e-05 |240  0.02029 -3.79227e-05
241  0.09962  1.81037e-03 |242  0.03363  1.33819e-04 |243  0.38328 -7.49561e+01
244  0.28397 -4.60942e+00 |245  0.35748 -5.42396e+01 |246  0.39370  9.07362e+00
247  0.20690 -3.45472e-04 |248 -0.00451  1.41132e-06 |249 -0.00488  1.31247e-05
250  0.01321 -3.54144e-05 |251  0.36706  1.95245e+02 |252  0.35069  8.51150e+00
253  0.36004  1.20818e+02 |254  0.37116 -3.43672e+01 |255  0.39851 -4.23076e+01
256  0.90180  2.01744e-02 |257  0.35916  1.03545e+02 |258  0.22098 -1.12955e+01
259  0.10560 -1.28555e+01 |260  0.03530  6.96883e-04 |261  0.05390  5.08346e-05
262  0.41417  2.12444e+01 |263  0.36189  1.89906e+01 |264 -0.10109  8.61000e-04
265 -0.10285  6.01356e-05 |266  0.10927  2.93076e+00 |267  0.15875  8.42228e+00
268 -0.02935  2.92535e-01 |269 -0.02376  1.32714e+00 |270  0.00173  5.48146e+00
271  0.03670  3.33848e+01 |272 -0.02155  5.21868e+00 |273 -0.01722  1.01176e+01
274  0.00493  2.06652e+01 |275 -0.02289  6.17360e+01 |276  0.04879  3.50996e+01
277 -0.00332  8.17766e+00 |278  0.00102  7.75395e-01 |279  0.00555  3.11953e+00
280  0.03765  2.73691e+00 |281 -0.01542  7.17256e-01 |282 -0.00111 -1.75628e+00
283 -0.00220 -3.44216e+00 |284  0.00251 -1.92848e+01 |285 -0.02319 -1.49929e+00
286  0.00322 -5.29641e+00 |287 -0.01519 -1.20014e+01 |288 -0.05343 -2.46950e+01
289  0.02431 -2.77744e+01 |290  0.03762 -4.88653e+00 |291  0.00172 -6.23258e-01
292 -0.00818 -4.88149e-02 |293  0.04841 -2.10738e+00 |294 -0.00000 -2.41279e-06
295 -0.00000  3.38645e-07 |296 -0.00000  3.49260e-07 |297  0.00000  9.74680e-07
298 -0.00000  1.52547e-06 |299  0.00000  9.81521e-07 |300  0.00000  2.97724e-07
301  0.00000  9.69111e-07 |302 -0.00000  3.03856e-06 |303 -0.00000 -7.30022e-07
304 -0.00000  3.86665e-07 |305  0.00000  2.84141e-07 |306 -0.00000 -2.84432e-07
307 -0.02539  2.23454e+00 |308 -0.04417  1.95073e+01 |309  0.00478  1.34919e+01
310 -0.02623  1.40525e+00 |311 -0.03976  2.47118e+00 |312 -0.03785  3.69680e-01
313  0.00564  4.76127e+01 |314  0.09434 -8.91009e+00 |315  0.08719 -9.05065e+01
316  0.00214  7.92029e-01 |317 -0.00964  1.99267e+01 |318 -0.00101 -1.52518e+00
319 -0.00513  1.74797e+00 |320 -0.03648 -1.07892e+01 |321  0.01393 -5.15311e+00
322 -0.02139 -9.88445e-01 |323 -0.02225  1.38349e+00 |324 -0.04397  9.08402e-01
325  0.00597 -3.43838e+01 |326  0.06408  2.06759e+01 |327  0.05832  1.02588e+02
328 -0.00119 -3.16266e-01 |329 -0.00954 -7.97746e+00 |330  0.00017  5.78789e-01
330 variables; iteration 120; function evaluation 124; phase 10
Function value 2.0496359e+03; maximum gradient component mag -2.6318e+02
Var    Value     Gradient |Var    Value     Gradient |Var    Value     Gradient
  1 -0.34886  1.88337e+02 |  2 -0.96349 -1.22122e+00 |  3 -0.01144 -1.50928e+01
  4 -0.42253 -1.54714e+02 |  5 -0.25775 -2.11513e+01 |  6 -0.07766 -7.84508e+01
  7 -0.20638  3.08100e+00 |  8 -0.31035 -1.80146e+02 |  9 -0.08594 -2.63178e+02
 10 -0.06602 -4.91682e+00 | 11 -0.04050 -3.34338e+00 | 12 -0.03918 -5.05405e+00
 13 -0.02794 -7.80861e+00 | 14 -0.00286 -1.08950e+01 | 15  0.01640 -1.63480e+01
 16  0.14253 -3.78624e+01 | 17  0.01499 -2.09567e+01 | 18 -0.02166 -1.29917e+01
 19  0.02459 -1.17921e+01 | 20  0.09570 -4.38269e+01 | 21 -0.03899 -8.98943e+00
 22 -0.05735 -1.42051e+01 | 23  0.01802 -1.45734e+01 | 24  0.03423 -1.38186e+01
 25  0.07279 -1.82421e+01 | 26  0.03458 -1.35754e+01 | 27  0.07122 -1.28679e+01
 28  0.07951 -7.87307e+00 | 29  0.03021 -4.38768e+00 | 30  0.04044  5.35869e+00
 31  0.04336  6.48387e+00 | 32  0.04948  8.47839e+00 | 33  0.06454  4.13335e+00
 34  0.03121  1.81538e-01 | 35 -0.00808 -7.20627e+00 | 36 -0.02497 -6.22681e+00
 37 -0.00536 -5.92337e+00 | 38  0.02604  5.62281e-01 | 39 -0.01158 -6.91792e-01
 40 -0.02522 -4.51472e+00 | 41 -0.03288 -6.61574e+00 | 42  0.01645 -1.68549e-01
 43  0.01534  1.10646e+01 | 44 -0.04956  3.40825e+00 | 45 -0.06619 -2.10352e+00
 46 -0.04502  3.34382e+00 | 47 -0.04710  6.85972e+00 | 48  0.02837  6.98247e+00
 49  0.06811  1.96136e+01 | 50  0.02805  9.37702e+00 | 51  0.07451 -1.82774e+00
 52 -0.00162  2.77659e-01 | 53  0.02141 -1.03284e+00 | 54  0.07728  1.02219e+00
 55  0.12268  9.62549e+00 | 56  0.05512  2.19460e-01 | 57 -0.09199 -7.18586e+00
 58 -0.06382  7.67642e+00 | 59 -0.06718  9.53784e+00 | 60 -0.05325  7.83599e+00
 61 -0.09589 -9.75613e-01 | 62 -0.11850 -3.32010e+00 | 63 -0.10675  1.46581e+00
 64 -0.08604  1.94211e+00 | 65 -0.09196  1.60497e+00 | 66 -0.01808 -1.20258e-01
 67  0.00000  0.00000e+00 | 68 -0.92668 -1.15267e+01 | 69 -0.83548 -2.03696e+01
 70 -0.81693 -1.13602e+01 | 71 -0.67834 -1.15478e+01 | 72 -0.76146 -3.16065e+00
 73 -0.81719 -6.97834e+00 | 74 -0.77559 -1.49783e+01 | 75 -0.80217 -1.12609e+01
 76 -0.85043 -1.89406e+01 | 77 -0.86049 -2.30000e+01 | 78 -0.75090  3.03158e+00
 79 -0.73529 -7.41763e+00 | 80 -0.69258  4.07439e+00 | 81 -0.54820 -9.94933e-01
 82 -0.53450 -9.67640e-01 | 83 -0.52514 -1.65061e+00 | 84 -0.59878 -3.16945e+00
 85 -0.63897  8.38806e+00 | 86 -0.58017  5.53536e-01 | 87 -0.53579  1.04499e+00
 88 -0.47984  2.56751e+00 | 89 -0.46902 -6.58046e-01 | 90 -0.44986  4.06061e-01
 91 -0.51972 -6.45098e-01 | 92 -0.51579  1.34619e+00 | 93 -0.55814  5.97756e-01
 94 -0.57119  1.56874e+00 | 95 -0.59694  4.37119e+00 | 96 -0.57160 -1.56019e+00
 97 -0.58385  2.72365e+00 | 98 -0.62156  3.70130e+00 | 99 -0.53666 -4.43578e-01
100 -0.63797  1.96581e+00 |101 -0.58291 -1.39197e-01 |102 -0.65916  6.73946e+00
103 -0.63725 -1.57784e+00 |104 -0.63063  6.18706e+00 |105 -0.55843  2.28343e+00
106 -0.53562  1.65311e+00 |107 -0.56455  4.64730e+00 |108 -0.50545  3.14011e+00
109 -0.73134  1.25164e+00 |110 -0.70992 -9.66307e-01 |111 -0.76077  3.14167e+00
112 -0.70573  1.67200e+00 |113 -0.66475 -2.94975e+00 |114 -0.70198  3.04799e+00
115 -0.70037 -8.31166e+00 |116 -0.86550 -2.89408e+01 |117 -0.71431 -1.45664e+01
118 -0.66823 -1.62317e+01 |119 -0.45982 -4.13673e+00 |120 -0.57755 -1.16735e+00
121 -0.64249 -4.87289e+00 |122 -0.60693  9.28090e-01 |123 -0.70027 -9.30988e+00
124 -0.70418 -1.02197e+01 |125 -0.63341  1.01009e+01 |126 -0.81635 -1.18200e+01
127 -0.87578 -2.80254e+01 |128 -0.87555 -1.03048e+01 |129 -0.83890 -1.69658e+00
130 -0.83184 -1.55298e+00 |131 -0.74683 -1.97684e+00 |132 -0.80506  2.35755e+00
133 -0.83191  5.17152e+00 |134 -0.78693 -8.67710e+00 |135 -0.78514 -3.68374e+00
136 -0.74211  1.41696e+01 |137 -0.72655  2.32324e+00 |138 -0.66731  5.42087e+00
139 -0.65299  2.94283e+00 |140 -0.65806  6.69575e+00 |141 -0.58930  4.32915e+00
142 -0.63846  1.52574e+00 |143 -0.64171 -1.33379e+00 |144 -0.73983  9.89587e+00
145 -0.69170  4.02235e+00 |146 -0.62849 -1.36461e+00 |147 -0.57936 -1.78781e+00
148 -0.54388  7.31277e-02 |149 -0.53510  2.99800e+00 |150 -0.55143  2.61052e+00
151 -0.59658  4.37391e+00 |152 -0.66314 -1.08716e-01 |153 -0.59034 -7.86064e-01
154 -0.54961  1.11986e+00 |155 -0.59246 -1.30477e+00 |156 -0.57712  2.20314e+00
157 -0.73340  4.15394e-01 |158 -0.73532 -1.57142e+00 |159 -0.83161 -5.47023e+00
160 -0.70901  6.24902e+00 |161 -0.68129 -2.43139e+00 |162 -0.67311 -2.81574e+00
163 -0.67733 -2.71420e+00 |164 -0.94452  5.13811e+01 |165 -0.92166 -4.49884e+01
166 -0.96123 -1.12299e+02 |167 -0.84798  6.01489e+00 |168 -0.78377 -1.04377e+01
169 -0.77581 -5.94490e+00 |170 -0.77514  2.92428e+01 |171 -0.78787 -1.62442e+01
172 -0.71840 -1.78909e-01 |173 -0.74462 -5.28348e+00 |174 -0.67026 -1.06293e-01
175 -0.59680 -2.37517e+00 |176 -0.43904 -1.25091e+00 |177 -0.44857  3.48297e-01
178 -0.59255 -1.36541e+00 |179 -0.53566  1.07208e+00 |180 -0.50678 -2.87349e+00
181 -0.47052 -3.39710e-01 |182 -0.48738 -3.16257e+00 |183 -0.47005 -9.82767e-01
184 -0.41249  4.98989e-01 |185 -0.37141  2.57793e-01 |186 -0.43156  2.30325e-01
187 -0.35419 -6.61050e-01 |188 -0.29727  3.70071e+00 |189 -0.40790  2.94569e+00
190 -0.48360  4.98589e-01 |191 -0.36529  2.00590e+00 |192 -0.21556 -3.17012e-01
193 -0.14219  1.12843e+00 |194 -0.22099  2.74113e+00 |195 -0.59995 -1.34227e+01
196 -0.60273  5.97345e+00 |197 -0.81504  1.95772e+00 |198 -0.64470  3.20128e+00
199 -0.59656  5.96524e+00 |200 -0.65864 -1.33185e+00 |201 -0.60938  4.22947e+00
202  0.02665  6.91432e+01 |203  0.02088 -1.45054e+02 |204  0.03194 -2.53703e+01
205  0.02810  3.47455e+01 |206  0.01842  1.93522e-04 |207  0.34078 -4.09455e+01
208 -0.01860  1.23129e-05 |209  0.26138  2.45586e+01 |210 -0.00247 -7.11541e-05
211  0.34205 -1.57949e+01 |212  0.33437  4.90489e+01 |213 -0.31092 -4.15828e-04
214  0.33252 -1.09521e+02 |215 -0.11066  1.62534e+00 |216 -0.00263 -1.21365e+01
217  0.11210 -6.36230e+00 |218 -0.30335 -8.20250e-04 |219  0.34054  1.06342e+00
220  0.10128  6.27015e+00 |221  0.08028 -1.49913e+00 |222 -0.12079 -5.67098e-01
223  0.22657 -5.54985e+01 |224 -0.33188 -1.04551e-03 |225  0.30799  1.08236e+02
226 -0.03569 -3.33874e+00 |227 -0.03342 -6.42970e+00 |228  0.44591 -1.55087e+00
229  0.42572 -5.27215e+00 |230  0.38181 -1.36978e+01 |231  0.23525  4.88355e-04
232  0.00289 -2.24871e-06 |233  0.00959  3.12542e-04 |234  0.00479 -2.61689e-05
235  0.40532  5.41443e+00 |236  0.41328  1.51152e+01 |237  0.40955  3.81994e+01
238  0.42207 -5.24942e+00 |239  0.01347  3.28420e-05 |240  0.02032 -5.01015e-05
241  0.09847  1.83131e-03 |242  0.03353  1.51696e-04 |243  0.38490 -1.85903e+01
244  0.28164 -4.33741e+00 |245  0.35639 -1.87766e+01 |246  0.39570  5.66714e+00
247  0.20714 -3.43824e-04 |248 -0.00451  2.75842e-06 |249 -0.00490  1.37101e-05
250  0.01322 -2.72721e-05 |251  0.36684  5.41213e+01 |252  0.34936 -1.09924e+00
253  0.35941  2.89738e+01 |254  0.37171 -1.02610e+01 |255  0.40234 -5.82344e+00
256  0.88902  1.78090e-02 |257  0.35982  3.28808e+01 |258  0.22463 -3.28034e-01
259  0.10422 -6.53590e+00 |260  0.03486  6.85713e-04 |261  0.05393 -1.14085e-04
262  0.41470  1.60455e+00 |263  0.36101  7.73441e+00 |264 -0.10163  8.43145e-04
265 -0.10282 -9.29304e-05 |266  0.10800  1.40787e+00 |267  0.15741  1.54030e+00
268 -0.02955 -7.02402e-01 |269 -0.02013  2.60528e+00 |270 -0.00322  2.21125e+00
271  0.04057  2.46762e+01 |272 -0.02132  6.94724e-01 |273 -0.01486  7.44772e+00
274  0.00533  2.39584e+00 |275 -0.02193  2.82646e+01 |276  0.04975  1.81921e+01
277 -0.00369  6.02223e+00 |278  0.00178 -9.63880e-01 |279  0.00376  4.29398e+00
280  0.03853 -1.02380e+00 |281 -0.01684  1.48640e+00 |282 -0.00090 -1.55802e+00
283  0.00795  4.23424e-02 |284  0.00536 -1.44144e+01 |285 -0.02554 -8.19579e-01
286  0.00450 -2.61011e+00 |287 -0.01494  9.68394e-01 |288 -0.05241 -7.33278e+00
289  0.02437 -1.29261e+01 |290  0.03516 -5.04896e+00 |291  0.00090  2.73231e-01
292 -0.01369 -6.89795e+00 |293  0.04798  7.80752e-01 |294 -0.00000 -5.49112e-06
295 -0.00000  4.79176e-07 |296  0.00000  4.57394e-07 |297  0.00000 -2.37115e-07
298 -0.00000 -2.69787e-08 |299  0.00000  1.04803e-07 |300  0.00000 -1.19221e-06
301  0.00000  1.05244e-06 |302 -0.00000  1.96868e-07 |303  0.00000  2.52489e-06
304 -0.00000  2.25692e-07 |305  0.00000  9.27706e-07 |306 -0.00000 -8.22889e-07
307 -0.02866  4.19700e+00 |308 -0.03558  2.53376e+01 |309  0.00553  1.88869e+01
310 -0.03015  5.24512e+00 |311 -0.04320  5.16859e+00 |312 -0.04080  6.11389e+00
313  0.00034  1.82925e+01 |314  0.09027  3.98438e+00 |315  0.08223 -3.54531e+01
316  0.00036  6.91771e+00 |317 -0.01132  9.54289e+00 |318  0.00267  4.75550e+00
319 -0.00952  1.74651e+00 |320 -0.02489 -9.62950e+00 |321  0.01519 -1.15662e+01
322 -0.02573 -3.12913e+00 |323 -0.02580 -5.09395e+00 |324 -0.04594 -1.48327e+00
325  0.00154 -1.78507e+01 |326  0.06127  1.18706e+01 |327  0.05429  2.73437e+01
328 -0.00039 -2.83227e+00 |329 -0.00909 -3.72240e+00 |330 -0.00108 -1.82679e+00
330 variables; iteration 140; function evaluation 144; phase 10
Function value 2.0484687e+03; maximum gradient component mag 4.6917e+02
Var    Value     Gradient |Var    Value     Gradient |Var    Value     Gradient
  1 -0.34183 -2.09328e+02 |  2 -0.96356  1.75523e+00 |  3 -0.01144  9.19398e+01
  4 -0.42289  4.69175e+02 |  5 -0.26243  7.22364e+00 |  6 -0.06689  1.91560e+01
  7 -0.19969 -4.21047e+01 |  8 -0.30321  2.41624e+02 |  9 -0.08389 -1.62416e+02
 10 -0.06475 -3.39204e+00 | 11 -0.04004 -2.26663e+00 | 12 -0.03902 -3.45508e+00
 13 -0.02697 -4.96583e+00 | 14 -0.00375 -7.61614e+00 | 15  0.02904 -1.06467e+01
 16  0.13104 -2.68511e+01 | 17  0.03133 -9.61582e+00 | 18 -0.02700 -6.08707e+00
 19  0.01086 -6.38842e+00 | 20  0.09568 -1.89165e+01 | 21 -0.04157 -3.54755e+00
 22 -0.05624 -4.20892e+00 | 23  0.01642 -2.44538e+00 | 24  0.03385  6.34829e-01
 25  0.07591  5.03388e+00 | 26  0.03904  4.59794e+00 | 27  0.07430  8.67717e+00
 28  0.07877  1.07444e+01 | 29  0.03286  8.02093e+00 | 30  0.04176  1.32315e+01
 31  0.04320  1.18574e+01 | 32  0.04942  7.89831e+00 | 33  0.06670  1.24751e+01
 34  0.03037  1.21193e+01 | 35 -0.00659  7.61973e+00 | 36 -0.02553  7.30218e+00
 37 -0.00491  7.23374e+00 | 38  0.02506  5.96356e+00 | 39 -0.01172  8.31637e+00
 40 -0.02512  1.10427e+01 | 41 -0.03287  1.24010e+01 | 42  0.01612  1.12808e+01
 43  0.01408  6.39273e+00 | 44 -0.04937  7.17251e+00 | 45 -0.06655  6.44343e+00
 46 -0.04596  5.98711e+00 | 47 -0.04814  1.24089e+01 | 48  0.02786  1.81563e+01
 49  0.06779  1.97386e+01 | 50  0.02681  9.90980e+00 | 51  0.07511  1.57103e+01
 52 -0.00313  8.29149e+00 | 53  0.02152  1.26551e+01 | 54  0.07716  1.84770e+01
 55  0.12341  2.41415e+01 | 56  0.05558  1.25658e+01 | 57 -0.08844  7.80220e-01
 58 -0.06530  7.15586e+00 | 59 -0.06644  8.50520e+00 | 60 -0.05352  1.17908e+01
 61 -0.09587  5.22838e+00 | 62 -0.11892  4.88319e+00 | 63 -0.10764 -1.18044e+00
 64 -0.08753 -2.74013e-01 | 65 -0.09382 -1.02159e+00 | 66 -0.01801 -8.74190e-02
 67  0.00000  0.00000e+00 | 68 -0.92783 -2.67307e+01 | 69 -0.83835 -1.62213e+01
 70 -0.81333 -1.42578e+01 | 71 -0.68364 -7.48975e+00 | 72 -0.76305 -4.19287e+00
 73 -0.81851 -6.35934e+00 | 74 -0.77618 -7.44586e+00 | 75 -0.80270  1.77630e+00
 76 -0.85034 -1.45323e+00 | 77 -0.86132 -7.93304e+00 | 78 -0.75387  5.10532e-01
 79 -0.73783 -3.09746e+00 | 80 -0.69660  2.17895e+00 | 81 -0.55328 -2.31599e+00
 82 -0.53969 -1.81174e+00 | 83 -0.53060 -1.69429e+00 | 84 -0.60247  2.70402e+00
 85 -0.64350  8.25376e-03 | 86 -0.58355  4.61590e+00 | 87 -0.54038 -1.10780e+00
 88 -0.48509 -1.03088e+00 | 89 -0.47375 -1.48116e+00 | 90 -0.45574 -2.53495e+00
 91 -0.52409  9.39642e-01 | 92 -0.52075 -1.08662e+00 | 93 -0.56250 -1.01693e+00
 94 -0.57538 -3.51377e-01 | 95 -0.60011  5.51460e+00 | 96 -0.57233 -8.65647e-01
 97 -0.58442  2.43556e+00 | 98 -0.62424 -2.34778e+00 | 99 -0.53885  1.08121e+00
100 -0.64056 -9.51879e-01 |101 -0.58574  7.35674e-01 |102 -0.66231  2.43034e+00
103 -0.64036 -3.55501e-01 |104 -0.63466 -1.29795e+00 |105 -0.56210  1.00715e+00
106 -0.53940  6.51044e-01 |107 -0.56909 -1.44181e+00 |108 -0.51058  5.93583e-01
109 -0.73414 -1.77098e-01 |110 -0.71256 -3.35920e+00 |111 -0.76229  5.75525e+00
112 -0.70764 -2.43727e+00 |113 -0.66599  1.46103e+00 |114 -0.70299  6.17267e+00
115 -0.70060  1.89785e+00 |116 -0.86839 -2.31621e+01 |117 -0.71768 -6.09340e+00
118 -0.67423 -8.40336e+00 |119 -0.47065 -1.39106e+00 |120 -0.58151 -6.67093e-01
121 -0.64346  3.05512e-02 |122 -0.60879 -1.37515e+00 |123 -0.69974 -1.84600e+00
124 -0.70365 -6.55675e+00 |125 -0.63202 -9.30744e-01 |126 -0.81661 -5.86844e+00
127 -0.87685 -9.73845e-01 |128 -0.87900  6.47602e+00 |129 -0.84065  2.07829e+00
130 -0.83367  3.08694e+00 |131 -0.74934  6.98594e+00 |132 -0.80721  2.30358e+00
133 -0.83365  4.32697e+00 |134 -0.78869 -1.89794e-01 |135 -0.78697  2.79201e-01
136 -0.74548 -6.23239e+00 |137 -0.72899  4.08572e+00 |138 -0.67080  3.10892e+00
139 -0.65695 -1.65685e+00 |140 -0.66209 -3.47539e-01 |141 -0.59379  7.18997e-01
142 -0.64201  1.64412e+00 |143 -0.64444  2.62068e+00 |144 -0.74125  6.55131e+00
145 -0.69325  1.39409e+00 |146 -0.62987  1.55325e+00 |147 -0.58124 -1.43211e+00
148 -0.54642 -8.95240e-01 |149 -0.53821  1.54053e+00 |150 -0.55492  6.60210e-01
151 -0.60044 -1.48673e-01 |152 -0.66586  2.64357e-01 |153 -0.59305  1.61334e+00
154 -0.55241  3.52822e+00 |155 -0.59517  1.30699e+00 |156 -0.58254 -8.69944e-01
157 -0.73643  2.80248e+00 |158 -0.73743  8.64922e+00 |159 -0.83280  4.09252e+00
160 -0.71168 -3.06271e+00 |161 -0.68303  1.38253e+00 |162 -0.67424  5.13684e+00
163 -0.67814  5.28510e+00 |164 -0.94512  2.16844e+01 |165 -0.92245  2.89018e+00
166 -0.96162  6.38362e+00 |167 -0.84982  5.79018e+00 |168 -0.78619 -5.71240e+00
169 -0.77808  5.81444e+00 |170 -0.77838  9.82290e+00 |171 -0.78957 -2.18653e+00
172 -0.72140 -4.05658e+00 |173 -0.74642  5.38548e+00 |174 -0.67305  2.36922e+00
175 -0.59995  2.86728e+00 |176 -0.44426  1.56798e-01 |177 -0.45368  1.19280e+00
178 -0.59642 -2.05726e+00 |179 -0.54118 -5.86758e+00 |180 -0.51076  1.84554e-01
181 -0.47456  4.14018e-01 |182 -0.49032 -1.62906e+00 |183 -0.47235  2.27612e+00
184 -0.41653 -1.39401e+00 |185 -0.37501  1.44646e+00 |186 -0.43529  2.56724e+00
187 -0.35934  1.04277e+00 |188 -0.30485  1.52927e+00 |189 -0.41453  5.32449e-01
190 -0.48871 -6.06615e-01 |191 -0.37121 -2.68692e-01 |192 -0.22245 -1.19489e+00
193 -0.15138 -7.01850e-01 |194 -0.23310 -1.10287e+00 |195 -0.60354 -1.02256e+00
196 -0.60768  1.23423e+00 |197 -0.81656  7.45627e+00 |198 -0.64785 -6.05749e-01
199 -0.59991  2.41966e+00 |200 -0.66058  7.99134e-01 |201 -0.61196 -1.44538e-01
202  0.02565 -4.49256e+00 |203  0.02018 -5.39536e+01 |204  0.03342 -7.42559e+00
205  0.03830  1.14151e+01 |206  0.01825  5.68786e-04 |207  0.34060 -1.06330e+01
208 -0.01866  1.30045e-04 |209  0.25249  1.77889e+01 |210 -0.00245 -6.31235e-05
211  0.33875 -3.69014e+01 |212  0.33379  2.02626e+01 |213 -0.31059 -1.43498e-04
214  0.33231 -3.67588e+01 |215 -0.11186  4.93249e+00 |216 -0.00144  1.66642e+01
217  0.14910  6.88777e-01 |218 -0.30282 -1.22242e-03 |219  0.35851  4.76102e-01
220 -0.00787  1.27709e+00 |221  0.07230  3.58894e-01 |222 -0.07261  2.62578e+00
223  0.22719  4.29602e+01 |224 -0.33166 -2.53917e-04 |225  0.30756 -5.54603e+01
226 -0.03631  4.17862e+00 |227 -0.03389  9.76282e+00 |228  0.44463  1.44862e+01
229  0.43037 -1.10377e-01 |230  0.38139  9.80178e+00 |231  0.23500  5.67156e-04
232  0.00289  4.68630e-07 |233  0.00947  3.14667e-04 |234  0.00480 -1.81698e-05
235  0.40476 -4.85997e+01 |236  0.41379  1.06122e+00 |237  0.40899 -3.37214e+01
238  0.42172 -1.64560e+00 |239  0.01345  3.89694e-05 |240  0.02033 -3.00828e-05
241  0.09775  1.85799e-03 |242  0.03346  2.14746e-04 |243  0.38307  5.08765e+00
244  0.28469 -2.76521e-01 |245  0.35779  6.99619e+00 |246  0.39351 -2.63269e+00
247  0.20728 -2.94584e-04 |248 -0.00451  3.18578e-06 |249 -0.00490  1.96648e-05
250  0.01323 -2.16145e-05 |251  0.36594 -2.20827e+01 |252  0.35025 -1.35387e+00
253  0.35957 -1.83735e+01 |254  0.37091  2.91520e+00 |255  0.39780  5.89489e+00
256  0.88108  1.65934e-02 |257  0.35798 -1.71762e+01 |258  0.22099 -2.48204e+00
259  0.11141  6.90839e+00 |260  0.03459  6.57587e-04 |261  0.05395  8.26033e-05
262  0.41249  3.71839e+00 |263  0.36428 -1.13102e+01 |264 -0.10196  8.11485e-04
265 -0.10281  7.63261e-05 |266  0.10736  1.84411e+00 |267  0.15317 -6.88027e+00
268 -0.03097  1.86127e+00 |269 -0.02304  9.28072e-01 |270  0.00420  5.07164e+00
271  0.03492  9.85822e+00 |272 -0.02376  1.27510e+00 |273 -0.01986  2.82289e+00
274  0.00201 -2.67558e+00 |275 -0.02668  3.64209e+00 |276  0.04603  4.55646e+00
277 -0.00323  9.62180e-01 |278 -0.00120 -4.99237e-01 |279  0.00255  2.08514e+00
280  0.03422 -1.78896e+00 |281 -0.01654  7.22677e-02 |282  0.00168 -1.18471e-01
283 -0.00745 -3.90557e+00 |284  0.00444 -6.07158e+00 |285 -0.02308 -3.08560e-01
286  0.00366 -1.09816e+00 |287 -0.01404  4.04257e+00 |288 -0.05421 -1.60748e+00
289  0.02378 -6.28170e+00 |290  0.03909  4.53850e-01 |291  0.00273  4.77157e-01
292 -0.00883 -6.07504e-02 |293  0.04836  1.70338e+00 |294  0.00000  9.27125e-07
295 -0.00000  4.99663e-07 |296 -0.00000  2.48575e-07 |297  0.00000  6.44846e-07
298 -0.00000  7.93375e-07 |299  0.00000  4.16402e-07 |300  0.00000  1.31800e-07
301  0.00000  1.21054e-07 |302 -0.00000  1.09474e-06 |303 -0.00000 -1.30860e-06
304 -0.00000 -7.52236e-08 |305  0.00000  4.10783e-07 |306 -0.00000 -1.03991e-07
307 -0.02374  5.98953e+00 |308 -0.03825  7.49808e+00 |309  0.00395  3.82976e+00
310 -0.02829  4.39957e+00 |311 -0.03932  4.54725e+00 |312 -0.03821  1.72138e+00
313  0.00439  6.24996e+00 |314  0.09240  7.38308e+00 |315  0.08568  1.11952e+01
316  0.00323  4.55797e+00 |317 -0.00906  8.43807e-01 |318 -0.00119 -2.52250e+00
319 -0.00520 -4.83013e+00 |320 -0.02787 -2.76212e+00 |321  0.01420 -7.07549e+00
322 -0.02399 -2.23133e+00 |323 -0.02143 -2.03057e+00 |324 -0.04311  1.88173e-01
325  0.00590 -4.32301e+00 |326  0.06308  5.75956e-01 |327  0.05664 -1.38080e+01
328 -0.00165 -1.86764e+00 |329 -0.00781 -1.30459e-01 |330  0.00030  9.68274e-01
330 variables; iteration 160; function evaluation 164; phase 10
Function value 2.0484226e+03; maximum gradient component mag 4.5606e+02
Var    Value     Gradient |Var    Value     Gradient |Var    Value     Gradient
  1 -0.34154 -2.06291e+02 |  2 -0.96373  1.55612e+00 |  3 -0.01144  8.75590e+01
  4 -0.42295  4.56062e+02 |  5 -0.26252  7.87229e+00 |  6 -0.06638  2.11079e+01
  7 -0.19978 -4.34860e+01 |  8 -0.30298  2.38127e+02 |  9 -0.08445 -1.75792e+02
 10 -0.06537 -4.14726e+00 | 11 -0.04040 -2.73067e+00 | 12 -0.03921 -3.96183e+00
 13 -0.02687 -5.59544e+00 | 14 -0.00295 -8.33487e+00 | 15  0.02310 -1.25614e+01
 16  0.13479 -2.88531e+01 | 17  0.02484 -1.20541e+01 | 18 -0.02444 -5.57682e+00
 19  0.01731 -4.14739e+00 | 20  0.09615 -1.50183e+01 | 21 -0.04341 -3.25303e+00
 22 -0.05589 -3.23117e+00 | 23  0.01702 -1.16226e+00 | 24  0.03439  6.50038e-01
 25  0.07630  5.12687e+00 | 26  0.03926  4.95363e+00 | 27  0.07474  8.84609e+00
 28  0.07849  9.95483e+00 | 29  0.03321  7.46301e+00 | 30  0.04184  1.19823e+01
 31  0.04312  1.19217e+01 | 32  0.04981  9.82900e+00 | 33  0.06683  1.33662e+01
 34  0.03021  1.06343e+01 | 35 -0.00639  6.32819e+00 | 36 -0.02571  6.60284e+00
 37 -0.00473  8.50672e+00 | 38  0.02532  8.01315e+00 | 39 -0.01179  7.25313e+00
 40 -0.02516  9.70051e+00 | 41 -0.03262  1.29370e+01 | 42  0.01632  1.25294e+01
 43  0.01435  5.05250e+00 | 44 -0.04972  4.47202e+00 | 45 -0.06637  6.12878e+00
 46 -0.04583  7.41298e+00 | 47 -0.04798  1.27420e+01 | 48  0.02779  1.66193e+01
 49  0.06791  1.98905e+01 | 50  0.02668  9.43372e+00 | 51  0.07517  1.60656e+01
 52 -0.00339  7.93108e+00 | 53  0.02168  1.43308e+01 | 54  0.07713  1.87133e+01
 55  0.12328  2.27763e+01 | 56  0.05542  1.31993e+01 | 57 -0.08820  2.19900e+00
 58 -0.06540  8.35088e+00 | 59 -0.06631  9.66605e+00 | 60 -0.05366  9.40585e+00
 61 -0.09599  3.86989e+00 | 62 -0.11897  5.16693e+00 | 63 -0.10773 -7.77024e-01
 64 -0.08790 -9.89081e-01 | 65 -0.09394 -1.06280e+00 | 66 -0.01814 -1.26466e-01
 67  0.00000  0.00000e+00 | 68 -0.92747 -2.40029e+01 | 69 -0.83739 -1.83253e+01
 70 -0.81570 -1.66373e+01 | 71 -0.68227 -7.92685e+00 | 72 -0.76326 -5.39753e+00
 73 -0.81845 -5.43067e+00 | 74 -0.77617 -8.55389e+00 | 75 -0.80275  1.75934e+00
 76 -0.85039 -5.97382e-01 | 77 -0.86174 -5.59239e+00 | 78 -0.75430  2.25099e-01
 79 -0.73815 -1.90840e+00 | 80 -0.69702  1.98300e+00 | 81 -0.55395 -3.45790e+00
 82 -0.54030 -2.61881e+00 | 83 -0.53117 -2.30830e+00 | 84 -0.60317  1.29412e-01
 85 -0.64376  4.36439e-01 | 86 -0.58413  2.78964e+00 | 87 -0.54061 -5.44813e-01
 88 -0.48547 -1.39289e+00 | 89 -0.47397 -1.18615e+00 | 90 -0.45643 -3.73078e+00
 91 -0.52454  6.16129e-01 | 92 -0.52112 -1.01925e+00 | 93 -0.56301 -2.11644e+00
 94 -0.57569  3.20829e-01 | 95 -0.60049  6.16777e+00 | 96 -0.57469 -1.79842e+00
 97 -0.58652  1.62334e+00 | 98 -0.62440 -1.98408e+00 | 99 -0.53923  2.80998e-01
100 -0.64063 -2.92019e-01 |101 -0.58581  1.02680e+00 |102 -0.66250  1.07639e+00
103 -0.64048 -1.37395e+00 |104 -0.63459 -1.33998e+00 |105 -0.56210  4.12272e-01
106 -0.53952 -1.00926e-01 |107 -0.56911 -8.51393e-01 |108 -0.51092  1.01664e-01
109 -0.73444 -2.92606e+00 |110 -0.71240  1.27837e+00 |111 -0.76248  3.35184e+00
112 -0.70768 -2.48958e+00 |113 -0.66589  2.00684e+00 |114 -0.70276  7.84789e+00
115 -0.70024  4.15781e+00 |116 -0.86704 -2.35245e+01 |117 -0.71638 -9.97026e+00
118 -0.67170 -7.69933e+00 |119 -0.46611 -2.00240e+00 |120 -0.58128 -4.30871e-01
121 -0.64328  9.73309e-01 |122 -0.60850 -1.11855e+00 |123 -0.69916  8.72256e-01
124 -0.70260 -5.35084e+00 |125 -0.63163 -2.08727e+00 |126 -0.81731 -6.48351e+00
127 -0.87698  5.85857e-01 |128 -0.87798  3.30190e+00 |129 -0.84075  3.47789e+00
130 -0.83379  3.65339e+00 |131 -0.74944  8.81449e+00 |132 -0.80730  3.72085e+00
133 -0.83378  3.85817e+00 |134 -0.78881 -1.06404e-01 |135 -0.78704  9.20805e-01
136 -0.74545 -4.04029e+00 |137 -0.72907  4.06297e+00 |138 -0.67108  1.51160e+00
139 -0.65690  1.04810e+00 |140 -0.66237 -1.50629e+00 |141 -0.59396  9.86742e-01
142 -0.64214  2.73714e+00 |143 -0.64474  2.84558e+00 |144 -0.74163  3.90152e+00
145 -0.69366 -8.73919e-01 |146 -0.63014  1.23191e+00 |147 -0.58150 -1.20746e+00
148 -0.54662 -4.67451e-01 |149 -0.53839  1.70775e+00 |150 -0.55495  1.42916e+00
151 -0.60046  2.78006e-01 |152 -0.66574  1.43648e+00 |153 -0.59297  1.81008e+00
154 -0.55248  3.38965e+00 |155 -0.59519  2.46585e+00 |156 -0.58282 -1.09961e+00
157 -0.73648  4.92555e+00 |158 -0.73776  5.38492e+00 |159 -0.83287  4.53392e+00
160 -0.71175 -3.13652e+00 |161 -0.68281  3.83470e+00 |162 -0.67414  5.00096e+00
163 -0.67807  3.92163e+00 |164 -0.94520  2.00461e+01 |165 -0.92253  5.21748e+00
166 -0.96165  1.09246e+01 |167 -0.84986  8.43555e+00 |168 -0.78625 -4.08964e+00
169 -0.77820  5.52438e+00 |170 -0.77854  8.54456e+00 |171 -0.78969 -2.51393e+00
172 -0.72077  8.14354e+00 |173 -0.74677 -5.21502e-01 |174 -0.67310  2.15498e+00
175 -0.59996  2.97642e+00 |176 -0.44431  5.76239e-01 |177 -0.45382  1.65342e+00
178 -0.59649 -1.57652e+00 |179 -0.54117 -4.97450e+00 |180 -0.51097  5.26504e-01
181 -0.47470  1.83927e+00 |182 -0.49071 -1.45357e+00 |183 -0.47281  1.42204e+00
184 -0.41665 -1.12662e+00 |185 -0.37547  9.79499e-01 |186 -0.43564  2.07850e+00
187 -0.35939  1.31808e+00 |188 -0.30569 -4.58830e-02 |189 -0.41403  2.12314e+00
190 -0.48871 -1.17868e+00 |191 -0.37054  1.00075e+00 |192 -0.22232 -1.04890e+00
193 -0.15247 -1.82071e+00 |194 -0.23421 -1.50022e+00 |195 -0.60384 -2.61106e-01
196 -0.60816  2.03050e-01 |197 -0.81673  6.47323e+00 |198 -0.64782  1.78403e+00
199 -0.60021  1.03997e+00 |200 -0.66088 -2.58909e+00 |201 -0.61185 -9.39392e-02
202  0.02569 -7.24323e+00 |203  0.02013 -4.59565e+01 |204  0.03374 -1.55906e+00
205  0.03307  1.00603e+01 |206  0.01823  4.08626e-04 |207  0.34082 -1.01956e+01
208 -0.01866  9.19898e-05 |209  0.25848  2.27619e+01 |210 -0.00245 -6.11637e-05
211  0.34026 -4.86041e+01 |212  0.33375  1.80208e+01 |213 -0.31054 -3.57823e-05
214  0.33228 -3.40512e+01 |215 -0.11164  5.51573e+00 |216 -0.00162  1.88154e+01
217  0.15385  1.19081e-01 |218 -0.30275 -1.38121e-03 |219  0.36071  2.30994e-01
220 -0.02436 -1.78511e-01 |221  0.07063 -1.26559e-01 |222 -0.07037  1.62926e+00
223  0.22719  4.52237e+01 |224 -0.33163 -2.42075e-04 |225  0.30754 -5.95301e+01
226 -0.03606  4.17970e+00 |227 -0.03410  9.44477e+00 |228  0.44417  1.50545e+01
229  0.42593 -7.84548e-01 |230  0.38143  1.08692e+01 |231  0.23497  5.44841e-04
232  0.00289 -9.22918e-07 |233  0.00945  3.14240e-04 |234  0.00480 -1.62340e-05
235  0.40467 -4.83494e+01 |236  0.41298  2.47005e+00 |237  0.40900 -3.44005e+01
238  0.42171 -2.62810e+00 |239  0.01345  3.75824e-05 |240  0.02033 -4.11793e-05
241  0.09765  1.85778e-03 |242  0.03345  2.27667e-04 |243  0.38285  4.45140e+00
244  0.28446 -3.80364e-02 |245  0.35757  5.82609e+00 |246  0.39342 -2.71279e+00
247  0.20730 -2.68247e-04 |248 -0.00451  2.58579e-06 |249 -0.00490  2.02424e-05
250  0.01323 -2.15147e-05 |251  0.36584 -2.52991e+01 |252  0.35026 -9.34231e-03
253  0.35947 -2.16432e+01 |254  0.37089  3.23699e+00 |255  0.39720  6.43618e+00
256  0.88014  1.64588e-02 |257  0.35781 -1.84142e+01 |258  0.22283 -1.17710e+00
259  0.11133  7.66075e+00 |260  0.03455  6.71778e-04 |261  0.05396  8.86802e-05
262  0.41319  1.26087e+00 |263  0.36409 -1.33957e+01 |264 -0.10201  8.33225e-04
265 -0.10281  8.24793e-05 |266  0.10632  9.22525e-01 |267  0.15309 -6.86024e+00
268 -0.02994  1.77791e+00 |269 -0.02080  1.27015e+00 |270  0.00001  4.97538e+00
271  0.03773  1.02782e+01 |272 -0.02225  2.06298e+00 |273 -0.01839  3.11146e+00
274  0.00400 -3.78329e+00 |275 -0.02437  2.85245e+00 |276  0.04825  4.33489e+00
277 -0.00338  3.73154e-01 |278  0.00049 -2.17524e-01 |279  0.00401  2.91339e+00
280  0.03582 -1.56816e+00 |281 -0.01777 -2.00121e-01 |282  0.00119  5.36825e-02
283 -0.00024 -2.96900e+00 |284  0.00495 -5.74678e+00 |285 -0.02378 -5.96398e-01
286  0.00263 -1.79752e+00 |287 -0.01438  4.68768e+00 |288 -0.05390 -1.99734e-01
289  0.02371 -5.63068e+00 |290  0.03750  3.94229e-01 |291  0.00224  3.77714e-01
292 -0.01003 -1.88664e+00 |293  0.04784  1.40576e+00 |294 -0.00000 -3.31791e-06
295 -0.00000  4.57221e-07 |296 -0.00000  4.03499e-07 |297  0.00000  7.92202e-07
298 -0.00000  7.47988e-07 |299  0.00000  1.96646e-07 |300  0.00000  3.06640e-08
301  0.00000  3.42760e-07 |302 -0.00000  3.46965e-07 |303 -0.00000 -4.21557e-07
304 -0.00000 -1.97236e-07 |305  0.00000  4.75408e-08 |306 -0.00000 -3.30611e-08
307 -0.02599  5.33589e+00 |308 -0.03761  8.23283e+00 |309  0.00479  9.39240e+00
310 -0.02960  5.70528e+00 |311 -0.04137  4.87461e+00 |312 -0.03986  2.93690e+00
313  0.00316  6.61703e+00 |314  0.09129  9.50741e+00 |315  0.08445  1.50992e+01
316  0.00171  4.53051e+00 |317 -0.01038 -2.66027e-01 |318  0.00055 -1.02534e+00
319 -0.00712 -2.77684e+00 |320 -0.02681 -4.51712e+00 |321  0.01513 -1.02030e+01
322 -0.02442 -2.40139e+00 |323 -0.02335 -3.26453e+00 |324 -0.04462 -1.55391e+00
325  0.00490 -6.65022e+00 |326  0.06199 -4.15462e+00 |327  0.05561 -1.61215e+01
328 -0.00082 -1.82897e+00 |329 -0.00811  2.15474e-01 |330 -0.00035  3.93828e-01
330 variables; iteration 180; function evaluation 184; phase 10
Function value 2.0482002e+03; maximum gradient component mag 1.6011e+02
Var    Value     Gradient |Var    Value     Gradient |Var    Value     Gradient
  1 -0.34634 -3.54148e+01 |  2 -0.95110  1.28454e-01 |  3 -0.01144  3.11528e+01
  4 -0.42323  1.60108e+02 |  5 -0.26388  4.61243e+00 |  6 -0.06330  1.02584e+01
  7 -0.20432 -1.65706e-01 |  8 -0.30851  4.05796e+01 |  9 -0.08488 -2.58338e+01
 10 -0.06674 -9.21907e-02 | 11 -0.04017  7.56439e-02 | 12 -0.03867 -1.73227e-01
 13 -0.02678 -5.42818e-01 | 14 -0.00474 -1.49869e+00 | 15  0.02425 -1.84091e+00
 16  0.13582 -4.13774e+00 | 17  0.02501 -2.92975e+00 | 18 -0.02429 -1.02370e+00
 19  0.01826 -4.18530e-01 | 20  0.09636 -7.84442e+00 | 21 -0.04582 -3.66420e+00
 22 -0.05557 -1.81615e+00 | 23  0.01741 -1.18081e+00 | 24  0.03343 -1.51776e+00
 25  0.07361 -1.31012e+00 | 26  0.03820  1.97757e-02 | 27  0.07441  5.40520e-01
 28  0.07724 -1.69596e-01 | 29  0.03350  1.09604e+00 | 30  0.04084  1.80217e+00
 31  0.04292  1.75351e+00 | 32  0.04945  1.67944e+00 | 33  0.06658  2.34078e+00
 34  0.02976  9.10711e-01 | 35 -0.00611  1.10245e+00 | 36 -0.02536  9.56585e-01
 37 -0.00465  1.61408e+00 | 38  0.02610  2.85013e+00 | 39 -0.01156  2.28648e+00
 40 -0.02494  2.22573e+00 | 41 -0.03226  3.39515e+00 | 42  0.01689  3.87872e+00
 43  0.01549  1.98730e+00 | 44 -0.04937  7.43413e-01 | 45 -0.06574  1.61502e+00
 46 -0.04495  3.49027e+00 | 47 -0.04768  4.33776e+00 | 48  0.02868  7.90596e+00
 49  0.06827  5.04625e+00 | 50  0.02752  3.46664e+00 | 51  0.07558  5.47146e+00
 52 -0.00321  7.48609e-01 | 53  0.02150  2.07680e+00 | 54  0.07725  3.67041e+00
 55  0.12308 -1.62591e+00 | 56  0.05422 -5.17927e+00 | 57 -0.08790  4.66517e-01
 58 -0.06657  2.68974e+00 | 59 -0.06689  2.87014e+00 | 60 -0.05338  3.58332e+00
 61 -0.09556  4.35227e-01 | 62 -0.11900  1.15941e+00 | 63 -0.10659  6.61699e-01
 64 -0.08638  1.14658e+00 | 65 -0.09196  9.67956e-01 | 66 -0.01674  3.08324e-01
 67  0.00000  0.00000e+00 | 68 -0.92678 -3.46799e+00 | 69 -0.83577 -2.69522e+00
 70 -0.81407 -2.09741e+00 | 71 -0.67947 -7.10836e-01 | 72 -0.76041 -3.86399e+00
 73 -0.81645 -3.66988e+00 | 74 -0.77331 -4.06211e-01 | 75 -0.80094 -3.73026e+00
 76 -0.84907 -1.52048e+00 | 77 -0.85960 -4.56738e+00 | 78 -0.75104 -9.89132e-01
 79 -0.73480  3.95636e-01 | 80 -0.69307 -3.21485e-01 | 81 -0.54869  3.13517e-01
 82 -0.53514 -1.57854e-01 | 83 -0.52582 -3.04751e-01 | 84 -0.59898 -3.52995e-01
 85 -0.64024  1.63056e-02 | 86 -0.58076 -1.01890e+00 | 87 -0.53646 -6.04035e-01
 88 -0.48053  5.08309e-01 | 89 -0.46891  1.56460e-01 | 90 -0.45006  4.22516e-01
 91 -0.51984 -2.29019e-01 | 92 -0.51617 -7.48143e-01 | 93 -0.55830 -1.55460e-01
 94 -0.57157  9.01958e-01 | 95 -0.59804 -1.10973e+00 | 96 -0.56894  1.59786e+00
 97 -0.58216 -3.24848e-01 | 98 -0.62188  6.90034e-01 | 99 -0.53663 -1.03920e+00
100 -0.63843 -1.57672e+00 |101 -0.58312  1.74689e-01 |102 -0.65992  1.75159e+00
103 -0.63743  1.05152e+00 |104 -0.63151 -3.19126e-01 |105 -0.55841  3.59355e-01
106 -0.53537  6.44104e-01 |107 -0.56477  1.05550e+00 |108 -0.50477  4.42188e-01
109 -0.73063  5.99022e-01 |110 -0.70878  3.71564e-02 |111 -0.75988  2.24348e-01
112 -0.70450  1.30091e+00 |113 -0.66295  1.01857e+00 |114 -0.70088 -2.94471e-01
115 -0.69839  1.93936e-01 |116 -0.86529 -4.22204e+00 |117 -0.71375 -6.32384e-01
118 -0.66902 -2.52718e+00 |119 -0.46127 -1.04066e+00 |120 -0.57738  4.97985e-01
121 -0.63960 -1.12434e+00 |122 -0.60408 -9.86679e-01 |123 -0.69599 -1.06083e+00
124 -0.69959 -2.79815e-01 |125 -0.62979  1.91397e-01 |126 -0.81482 -5.45171e+00
127 -0.87528 -7.39936e-01 |128 -0.87659 -6.20901e-01 |129 -0.83909 -3.56577e-01
130 -0.83206 -2.96029e-01 |131 -0.74718 -2.29295e+00 |132 -0.80524  1.06977e+00
133 -0.83211  1.08166e+00 |134 -0.78669  5.39432e-01 |135 -0.78501  1.07621e+00
136 -0.74279  1.25624e+00 |137 -0.72669  1.52583e-01 |138 -0.66779  7.56400e-01
139 -0.65313  1.85772e+00 |140 -0.65857  4.81790e-02 |141 -0.58969  3.54063e-01
142 -0.63871  9.75717e-02 |143 -0.64173  2.68895e-01 |144 -0.73991 -2.61568e-01
145 -0.69147  4.22768e-02 |146 -0.62813 -1.00827e+00 |147 -0.57851  7.83484e-01
148 -0.54343  3.49554e-01 |149 -0.53513  1.62257e+00 |150 -0.55157  1.00757e+00
151 -0.59720  6.24504e-01 |152 -0.66316 -1.13603e+00 |153 -0.58961  4.94794e-02
154 -0.54876  8.10988e-01 |155 -0.59144  6.58539e-01 |156 -0.57734  2.99212e-01
157 -0.73318 -1.02778e+00 |158 -0.73471 -1.09508e+00 |159 -0.83103 -4.55923e-01
160 -0.70856  1.41353e+00 |161 -0.68016  9.27378e-01 |162 -0.67190 -3.67775e-01
163 -0.67600  7.78669e-01 |164 -0.94452 -4.42227e+00 |165 -0.92152  1.30437e+00
166 -0.96117  7.93379e+00 |167 -0.84820  9.34767e-01 |168 -0.78352  1.63913e+00
169 -0.77577 -6.15537e-01 |170 -0.77626 -4.49219e-01 |171 -0.78718  2.06209e+00
172 -0.71827  2.57297e-01 |173 -0.74402  1.79688e+00 |174 -0.66990  7.09619e-01
175 -0.59640 -1.25245e+00 |176 -0.43878 -1.22602e+00 |177 -0.44822 -3.83569e-01
178 -0.59166  5.47244e-01 |179 -0.53483  1.69779e+00 |180 -0.50583  6.06552e-02
181 -0.47016 -7.68162e-02 |182 -0.48610 -1.18753e-01 |183 -0.46910 -5.57976e-01
184 -0.41181 -1.11081e-01 |185 -0.37087 -7.95060e-01 |186 -0.43095  9.58334e-01
187 -0.35342  1.29598e+00 |188 -0.29859  3.75749e-01 |189 -0.40899 -7.27333e-01
190 -0.48298  1.08102e+00 |191 -0.36441 -6.72228e-01 |192 -0.21282 -4.45572e-02
193 -0.14017  1.09792e+00 |194 -0.22265  5.15717e-01 |195 -0.59802  1.24043e-01
196 -0.60293 -6.18336e-01 |197 -0.81465 -4.41485e-01 |198 -0.64419  3.63243e-02
199 -0.59648 -4.77321e-01 |200 -0.65751  1.05080e+00 |201 -0.60866  6.97172e-01
202  0.02676 -2.49083e+00 |203  0.02152 -1.64601e+01 |204  0.03181 -3.59267e+00
205  0.03909  1.45046e+00 |206  0.01768  5.45846e-04 |207  0.34106 -1.28142e-01
208 -0.01882  1.55882e-04 |209  0.26339  3.82667e+00 |210 -0.00239 -5.49844e-05
211  0.34148 -7.24057e+00 |212  0.33453 -8.05463e+00 |213 -0.30963 -8.32732e-04
214  0.33264  1.87535e+01 |215 -0.11755 -3.32013e-01 |216 -0.00122  3.53838e+00
217  0.14902 -7.15866e-01 |218 -0.30122 -1.34126e-03 |219  0.35857  2.43213e-01
220 -0.00565  2.61462e-02 |221  0.07311  4.52668e-01 |222 -0.07864 -6.85185e-01
223  0.22726  5.87649e+00 |224 -0.33102 -4.45149e-04 |225  0.30768 -9.00908e+00
226 -0.03610  4.09229e-01 |227 -0.03492 -1.32662e+00 |228  0.44420  1.38060e-01
229  0.43021 -2.60666e-01 |230  0.38041 -1.75358e+00 |231  0.23436  5.26106e-04
232  0.00289 -1.53999e-07 |233  0.00910  3.11278e-04 |234  0.00482 -2.21755e-05
235  0.40479  1.02429e+00 |236  0.41377 -1.25204e-01 |237  0.40903  4.83619e+00
238  0.42174  2.61361e+00 |239  0.01340  3.62793e-05 |240  0.02038 -3.42346e-05
241  0.09557  1.86277e-03 |242  0.03324  1.87116e-04 |243  0.38364  6.24383e-01
244  0.28441 -3.91579e-02 |245  0.35683 -3.51429e+00 |246  0.39339 -1.68901e+00
247  0.20771 -3.28795e-04 |248 -0.00451  1.81689e-06 |249 -0.00492  1.76587e-05
250  0.01326 -2.60891e-05 |251  0.36618 -1.47993e+00 |252  0.35033  9.35135e-02
253  0.35942  3.92580e+00 |254  0.37090  5.38397e+00 |255  0.39831  9.23296e-01
256  0.86129  1.41561e-02 |257  0.35819 -2.00463e+00 |258  0.22757  6.72973e-01
259  0.10865 -8.26544e-01 |260  0.03377  6.78648e-04 |261  0.05396 -2.95189e-05
262  0.41563 -4.23128e-01 |263  0.36317  1.02167e+00 |264 -0.10297  8.46722e-04
265 -0.10280 -2.33005e-05 |266  0.10500 -1.03355e+00 |267  0.15513  2.38729e-01
268 -0.03180  9.65302e-01 |269 -0.02304  1.90642e-01 |270 -0.00146 -5.40510e-02
271  0.03497 -2.08759e+00 |272 -0.02385  2.19886e+00 |273 -0.02120 -2.12730e-01
274  0.00142 -1.51665e-02 |275 -0.02709 -2.70236e+00 |276  0.04568 -4.07593e-01
277 -0.00384  6.83677e-01 |278 -0.00164  2.75804e-01 |279  0.00231  3.24761e-01
280  0.03466  8.91767e-01 |281 -0.01721  2.34470e-02 |282  0.00052 -4.93803e-01
283  0.00166  2.98470e-01 |284  0.00452  4.98068e-01 |285 -0.02293 -6.22821e-01
286  0.00236  1.37105e-01 |287 -0.01553 -1.70099e+00 |288 -0.05409  1.80117e+00
289  0.02400  1.18085e+00 |290  0.03804 -2.54802e-01 |291  0.00153 -5.13825e-01
292 -0.00894  8.58213e-01 |293  0.04768 -9.68537e-01 |294 -0.00000 -3.55868e-06
295 -0.00000  1.88956e-08 |296 -0.00000 -2.86146e-07 |297  0.00000  6.88039e-07
298 -0.00000  8.70506e-07 |299  0.00000  4.27320e-08 |300  0.00000 -5.34879e-07
301  0.00000 -6.51265e-09 |302 -0.00000 -2.55736e-07 |303  0.00000  8.13525e-09
304  0.00000  6.83800e-07 |305  0.00000 -3.66689e-08 |306 -0.00000  2.94191e-08
307 -0.02767 -8.30566e-01 |308 -0.03972  1.02841e+00 |309  0.00405 -3.85121e-01
310 -0.03133 -1.07153e+00 |311 -0.04304  2.28086e-01 |312 -0.04122 -7.37589e-02
313  0.00246  9.61400e-02 |314  0.09002  3.04104e+00 |315  0.08235  2.77836e+00
316  0.00126  3.57938e+00 |317 -0.01098  9.72508e-01 |318 -0.00015  1.55208e-01
319 -0.00808 -5.07454e-02 |320 -0.02849 -1.01200e+00 |321  0.01518  1.34372e+00
322 -0.02544  5.29126e-01 |323 -0.02446 -1.27528e-01 |324 -0.04562 -1.04954e+00
325  0.00504  1.05689e+00 |326  0.06121 -4.38596e+00 |327  0.05454 -3.95019e+00
328 -0.00047 -1.39134e+00 |329 -0.00889 -6.48644e-01 |330 -0.00006 -5.05709e-02
330 variables; iteration 200; function evaluation 204; phase 10
Function value 2.0481859e+03; maximum gradient component mag 1.0437e+02
Var    Value     Gradient |Var    Value     Gradient |Var    Value     Gradient
  1 -0.34706 -5.40909e+00 |  2 -0.95116 -3.78984e-01 |  3 -0.01144  1.92343e+01
  4 -0.42323  1.04373e+02 |  5 -0.26406  3.63582e+00 |  6 -0.06302  7.81571e+00
  7 -0.20465  6.79348e+00 |  8 -0.30935  3.63858e+00 |  9 -0.08508 -5.78351e+00
 10 -0.06805 -1.68313e-01 | 11 -0.04074  1.41835e-01 | 12 -0.03867  2.44888e-01
 13 -0.02681  4.43700e-02 | 14 -0.00318 -7.85549e-02 | 15  0.02371 -6.12102e-01
 16  0.13654 -7.47116e-01 | 17  0.02613 -1.33061e+00 | 18 -0.02414 -1.01382e-01
 19  0.01651 -1.50177e-01 | 20  0.09696 -5.00016e+00 | 21 -0.04487 -2.09331e+00
 22 -0.05519 -1.12731e+00 | 23  0.01729 -9.41379e-01 | 24  0.03337 -1.01475e+00
 25  0.07336 -1.80260e+00 | 26  0.03739 -1.30349e+00 | 27  0.07423 -1.06317e+00
 28  0.07764 -1.10968e+00 | 29  0.03322 -6.79390e-01 | 30  0.04064 -1.01432e+00
 31  0.04283 -2.32538e-01 | 32  0.04964  5.71164e-01 | 33  0.06638 -7.02880e-02
 34  0.02987 -4.03065e-01 | 35 -0.00607  1.41820e-01 | 36 -0.02535  1.62179e-01
 37 -0.00446  1.12156e+00 | 38  0.02619  2.08893e+00 | 39 -0.01144  1.10317e+00
 40 -0.02488  5.51266e-01 | 41 -0.03223  1.91901e+00 | 42  0.01702  2.42433e+00
 43  0.01552  6.92392e-01 | 44 -0.04935 -4.39955e-01 | 45 -0.06575  5.76052e-01
 46 -0.04473  3.16891e+00 | 47 -0.04758  3.51070e+00 | 48  0.02881  5.20765e+00
 49  0.06844  2.92222e+00 | 50  0.02775  3.09262e+00 | 51  0.07558  2.65202e+00
 52 -0.00286  5.22188e-01 | 53  0.02157  4.10598e-01 | 54  0.07750  1.30290e+00
 55  0.12316 -6.12390e+00 | 56  0.05441 -6.46877e+00 | 57 -0.08786 -3.27193e-01
 58 -0.06687  2.33521e-01 | 59 -0.06697  7.70584e-01 | 60 -0.05357  1.69091e+00
 61 -0.09565  8.74147e-02 | 62 -0.11927  4.66123e-01 | 63 -0.10686 -7.87278e-02
 64 -0.08678  6.84332e-01 | 65 -0.09247  5.35469e-01 | 66 -0.01675  3.35653e-01
 67  0.00000  0.00000e+00 | 68 -0.92672 -2.42691e+00 | 69 -0.83567 -8.11839e-01
 70 -0.81398 -2.34805e-01 | 71 -0.67872  2.02285e-01 | 72 -0.76050 -2.77599e+00
 73 -0.81652 -2.60755e+00 | 74 -0.77344  4.38877e-01 | 75 -0.80099 -3.34062e+00
 76 -0.84914 -9.35421e-01 | 77 -0.85946 -3.56040e+00 | 78 -0.75067 -8.76242e-01
 79 -0.73439  3.71706e-01 | 80 -0.69288 -7.51584e-01 | 81 -0.54805  5.88532e-01
 82 -0.53446  1.24543e-01 | 83 -0.52500  3.43805e-01 | 84 -0.59835 -1.42988e-01
 85 -0.63976 -5.93634e-02 | 86 -0.58021 -7.51593e-01 | 87 -0.53583 -7.68199e-02
 88 -0.48007  9.32436e-02 | 89 -0.46835  1.82788e-01 | 90 -0.44932  1.01007e+00
 91 -0.51928 -1.50386e-01 | 92 -0.51547  6.98149e-02 | 93 -0.55772  3.85399e-01
 94 -0.57112  7.20038e-01 | 95 -0.59763 -1.27876e+00 | 96 -0.56886  1.20901e+00
 97 -0.58207 -8.60261e-01 | 98 -0.62155  3.52822e-02 | 99 -0.53603 -2.33160e-01
100 -0.63795 -1.10310e-01 |101 -0.58290 -2.53995e-01 |102 -0.65977  1.27607e+00
103 -0.63725  6.00533e-01 |104 -0.63130 -3.77553e-01 |105 -0.55823  8.30516e-02
106 -0.53510  5.36695e-01 |107 -0.56443  7.16743e-01 |108 -0.50413  3.91969e-01
109 -0.73025 -3.95350e-03 |110 -0.70837 -8.12519e-01 |111 -0.75950 -3.21400e-01
112 -0.70397  1.75418e+00 |113 -0.66251 -1.03855e+00 |114 -0.70033 -1.08202e+00
115 -0.69773 -1.90475e-01 |116 -0.86568 -3.60073e-01 |117 -0.71337 -7.67525e-02
118 -0.66894 -1.41692e+00 |119 -0.46075 -5.69304e-01 |120 -0.57726 -3.47659e-02
121 -0.63976 -1.02460e+00 |122 -0.60439 -6.71119e-01 |123 -0.69667 -1.33969e+00
124 -0.70043  2.02631e-01 |125 -0.63095  4.47047e-01 |126 -0.81529 -2.05511e+00
127 -0.87528 -1.02965e+00 |128 -0.87671  9.52197e-02 |129 -0.83891 -1.23817e+00
130 -0.83186 -1.11393e+00 |131 -0.74685 -2.91091e+00 |132 -0.80498  3.69469e-01
133 -0.83191  4.57358e-01 |134 -0.78644  5.56527e-01 |135 -0.78478  6.04845e-01
136 -0.74250  1.46960e+00 |137 -0.72643 -1.55917e-01 |138 -0.66775 -2.55600e+00
139 -0.65275  1.99796e+00 |140 -0.65835 -1.34876e+00 |141 -0.58938 -4.35439e-01
142 -0.63840 -3.82433e-01 |143 -0.64152 -9.20109e-01 |144 -0.73955  2.33409e-01
145 -0.69085  3.13602e+00 |146 -0.62772 -1.24285e+00 |147 -0.57800  8.42571e-01
148 -0.54282  1.07581e+00 |149 -0.53492  7.18196e-01 |150 -0.55131  7.67193e-01
151 -0.59687  9.75638e-01 |152 -0.66278  5.02060e-01 |153 -0.58937 -9.03223e-02
154 -0.54862 -3.53037e-01 |155 -0.59107  2.63954e-01 |156 -0.57662  9.85775e-01
157 -0.73281 -2.06825e+00 |158 -0.73431 -1.95910e+00 |159 -0.83075 -1.18279e+00
160 -0.70798  2.20211e+00 |161 -0.67948  1.67237e+00 |162 -0.67110  8.29985e-01
163 -0.67534 -5.05825e-01 |164 -0.94445 -8.04884e+00 |165 -0.92138 -9.47733e-01
166 -0.96110  3.13982e+00 |167 -0.84801 -1.62469e+00 |168 -0.78319  1.44658e+00
169 -0.77540 -1.14604e+00 |170 -0.77592 -1.30637e+00 |171 -0.78686  2.10961e+00
172 -0.71795 -9.04523e-01 |173 -0.74369  1.55853e+00 |174 -0.66954 -1.03188e-02
175 -0.59579 -2.66499e-01 |176 -0.43771  2.33200e-01 |177 -0.44758 -5.34443e-01
178 -0.59112  7.90027e-01 |179 -0.53425  1.67082e+00 |180 -0.50518  2.91102e-01
181 -0.46962 -4.28706e-01 |182 -0.48543  5.42060e-02 |183 -0.46853 -1.01446e+00
184 -0.41093  3.20210e-01 |185 -0.36989 -2.30375e-01 |186 -0.43053  2.25922e-01
187 -0.35340 -9.28409e-02 |188 -0.29835 -2.59429e-01 |189 -0.40847 -5.84002e-01
190 -0.48264  7.85998e-01 |191 -0.36403 -8.38319e-01 |192 -0.21210  1.22574e-01
193 -0.13923  1.11039e+00 |194 -0.22167  5.99330e-01 |195 -0.59740  5.27019e-01
196 -0.60232 -6.28409e-01 |197 -0.81439 -1.37309e+00 |198 -0.64373 -1.05851e+00
199 -0.59575 -4.46482e-01 |200 -0.65676  1.91370e+00 |201 -0.60773  1.23780e+00
202  0.02694 -1.47806e+00 |203  0.02174 -2.07721e+01 |204  0.03149 -4.85720e+00
205  0.03366 -3.20711e-01 |206  0.01760  4.63095e-04 |207  0.34075  2.55126e-01
208 -0.01884  1.27532e-04 |209  0.25741 -4.08081e-01 |210 -0.00238 -5.47729e-05
211  0.34026  6.15761e-01 |212  0.33452 -9.47169e+00 |213 -0.30950 -9.42266e-04
214  0.33265  2.13204e+01 |215 -0.11754 -1.02509e+00 |216 -0.00131  1.02567e+00
217  0.14880 -9.26669e-01 |218 -0.30101 -1.32148e-03 |219  0.35870  1.08461e+00
220 -0.00398  1.43358e-01 |221  0.07312  4.37376e-01 |222 -0.07921 -7.06355e-01
223  0.22744  3.33380e+00 |224 -0.33093 -5.50278e-04 |225  0.30778 -5.62932e+00
226 -0.03813 -8.95216e-01 |227 -0.03444 -1.76253e+00 |228  0.44408 -2.17362e+00
229  0.42935 -3.17078e-02 |230  0.38019 -2.80108e+00 |231  0.23427  5.31537e-04
232  0.00289 -5.24494e-07 |233  0.00905  3.10620e-04 |234  0.00483 -2.32651e-05
235  0.40478  4.91042e+00 |236  0.41362 -5.18124e-01 |237  0.40902  7.96200e+00
238  0.42181  2.68963e+00 |239  0.01340  3.66053e-05 |240  0.02038 -3.70697e-05
241  0.09528  1.86296e-03 |242  0.03321  1.80174e-04 |243  0.38343  1.28591e+00
244  0.28434 -2.89887e-01 |245  0.35677 -3.94400e+00 |246  0.39341 -1.26643e+00
247  0.20777 -3.57705e-04 |248 -0.00451  2.45876e-06 |249 -0.00493  1.74396e-05
250  0.01327 -2.58433e-05 |251  0.36616  5.00590e-02 |252  0.35025 -6.72507e-01
253  0.35942  5.44037e+00 |254  0.37093  3.75896e+00 |255  0.39812  5.30509e-02
256  0.85887  1.39035e-02 |257  0.35817 -2.47909e-01 |258  0.22681  6.93422e-01
259  0.10862 -1.63188e+00 |260  0.03367  6.73383e-04 |261  0.05396 -3.53754e-05
262  0.41518 -7.89948e-01 |263  0.36329  2.73243e+00 |264 -0.10310  8.41218e-04
265 -0.10280 -2.85354e-05 |266  0.10565 -8.45383e-01 |267  0.15536  2.83285e-01
268 -0.03041  2.92329e-01 |269 -0.02181  3.14990e-01 |270 -0.00035 -3.72480e-01
271  0.03735 -1.33160e+00 |272 -0.02235  1.31075e+00 |273 -0.01914  2.39741e-01
274  0.00358  1.01514e+00 |275 -0.02527 -2.31931e+00 |276  0.04759 -3.80912e-01
277 -0.00249  1.01454e+00 |278  0.00024  3.91244e-01 |279  0.00413 -9.87155e-02
280  0.03622  8.93003e-01 |281 -0.01799 -8.87358e-03 |282  0.00006 -6.95392e-01
283  0.00110  5.17577e-01 |284  0.00492  7.60350e-01 |285 -0.02345 -3.22445e-01
286  0.00266  1.16552e-01 |287 -0.01504 -1.44240e+00 |288 -0.05430  9.94302e-01
289  0.02421  1.24180e+00 |290  0.03771 -4.40140e-01 |291  0.00161 -3.02686e-01
292 -0.00916  7.40654e-01 |293  0.04769 -8.51143e-01 |294  0.00000  6.21202e-08
295 -0.00000  6.10014e-08 |296  0.00000  2.66141e-08 |297  0.00000 -1.07701e-08
298 -0.00000  5.75788e-07 |299  0.00000  1.74724e-07 |300  0.00000  2.35848e-08
301  0.00000 -1.35650e-07 |302 -0.00000  9.20088e-08 |303 -0.00000 -7.47269e-07
304  0.00000  3.47990e-07 |305  0.00000  1.37583e-07 |306 -0.00000 -3.36502e-08
307 -0.02545 -6.04617e-01 |308 -0.03930  2.51473e-01 |309  0.00527 -2.40432e-01
310 -0.02973 -7.30400e-01 |311 -0.04134 -3.05543e-01 |312 -0.03958 -3.33287e-01
313  0.00342 -1.17348e+00 |314  0.09138  1.32174e+00 |315  0.08350 -3.00872e-01
316  0.00119  1.21262e+00 |317 -0.01011  5.38738e-01 |318  0.00020 -5.54237e-02
319 -0.00611  9.76099e-01 |320 -0.02899 -8.29970e-01 |321  0.01566  9.50794e-01
322 -0.02465  3.25020e-01 |323 -0.02329  5.23767e-01 |324 -0.04439  9.10600e-02
325  0.00547  1.84356e+00 |326  0.06220 -2.15800e+00 |327  0.05541 -4.23894e-01
328 -0.00065 -4.68890e-01 |329 -0.00844 -2.12896e-01 |330 -0.00026  1.73409e-02
330 variables; iteration 220; function evaluation 224; phase 10
Function value 2.0481272e+03; maximum gradient component mag -3.8532e+01
Var    Value     Gradient |Var    Value     Gradient |Var    Value     Gradient
  1 -0.35040 -3.50367e+00 |  2 -0.93660 -8.54000e-01 |  3 -0.01144  1.52943e+01
  4 -0.42351  3.70869e+01 |  5 -0.26685  5.71259e-01 |  6 -0.06133 -9.11341e-02
  7 -0.20907 -5.96775e+00 |  8 -0.31318  2.01116e+01 |  9 -0.08681 -3.85322e+01
 10 -0.06984 -1.20584e+00 | 11 -0.04252 -8.37189e-01 | 12 -0.04068 -1.03333e+00
 13 -0.02817 -1.21549e+00 | 14 -0.00518 -1.89278e+00 | 15  0.02847 -1.32643e+00
 16  0.13470 -5.68167e+00 | 17  0.03020 -2.43595e+00 | 18 -0.02375 -1.79782e+00
 19  0.01730 -1.96459e+00 | 20  0.09487 -1.32152e+01 | 21 -0.04632 -4.34720e+00
 22 -0.05803 -3.71547e+00 | 23  0.01465 -3.88502e+00 | 24  0.03163 -2.54067e+00
 25  0.07214 -6.81533e-01 | 26  0.03762  1.07030e+00 | 27  0.07407  2.40212e+00
 28  0.07690  2.24226e+00 | 29  0.03353  2.13492e+00 | 30  0.04029  6.81957e-01
 31  0.04273  2.48688e+00 | 32  0.04981  3.85699e+00 | 33  0.06649  2.18845e+00
 34  0.02978  4.45452e-01 | 35 -0.00556  1.85581e+00 | 36 -0.02491  6.32410e-01
 37 -0.00432 -5.38303e-01 | 38  0.02661  2.05175e+00 | 39 -0.01109  1.80691e+00
 40 -0.02418  1.72860e+00 | 41 -0.03224  1.07314e+00 | 42  0.01762  3.57274e+00
 43  0.01589  3.41164e+00 | 44 -0.04887  9.58366e-01 | 45 -0.06527  1.83351e+00
 46 -0.04441  7.39380e-01 | 47 -0.04725  8.71395e-01 | 48  0.02935  3.75211e+00
 49  0.06896  1.77764e+00 | 50  0.02790  1.61567e-01 | 51  0.07576  3.22146e-01
 52 -0.00285  3.79291e-01 | 53  0.02180  1.03845e+00 | 54  0.07746  2.31203e+00
 55  0.12303  3.87068e+00 | 56  0.05359  1.05215e+00 | 57 -0.08904  1.36325e+00
 58 -0.06711  3.62962e+00 | 59 -0.06703  3.37369e+00 | 60 -0.05305  4.21470e+00
 61 -0.09513  9.19506e-01 | 62 -0.11874  8.35403e-01 | 63 -0.10587  1.90636e+00
 64 -0.08612  4.06282e-01 | 65 -0.09219  3.87753e-01 | 66 -0.01774 -5.78798e-02
 67  0.00000  0.00000e+00 | 68 -0.92533 -1.95155e+00 | 69 -0.83268 -4.60767e-01
 70 -0.80853 -5.55491e+00 | 71 -0.67218 -1.17182e+00 | 72 -0.75592 -1.19629e+00
 73 -0.81307 -2.78040e+00 | 74 -0.76903 -1.28458e+00 | 75 -0.79708 -4.60019e+00
 76 -0.84629 -4.37143e+00 | 77 -0.85740  4.98474e-01 | 78 -0.74742  1.97940e-01
 79 -0.73160  4.59203e-01 | 80 -0.68983  3.47300e-01 | 81 -0.54386 -6.72823e-01
 82 -0.53013  4.77567e-02 | 83 -0.52064  1.62486e-01 | 84 -0.59486 -4.21064e-02
 85 -0.63690  4.78150e-01 | 86 -0.57709 -1.67769e-01 | 87 -0.53245  1.11220e+00
 88 -0.47697 -1.24967e+00 | 89 -0.46470  4.64092e-01 | 90 -0.44561 -1.44647e-01
 91 -0.51565 -4.44892e-01 | 92 -0.51191 -4.02904e-01 | 93 -0.55449  2.65761e-01
 94 -0.56815 -4.40945e-01 | 95 -0.59462 -1.75513e-01 | 96 -0.56545  4.67827e-01
 97 -0.57857  1.01415e+00 | 98 -0.61904  1.04054e+00 | 99 -0.53287 -8.70874e-01
100 -0.63502  2.36653e+00 |101 -0.57958  1.19133e+00 |102 -0.65722 -1.51227e-01
103 -0.63417  7.60945e-01 |104 -0.62783  2.11556e+00 |105 -0.55444  1.83811e-02
106 -0.53132  9.63625e-01 |107 -0.56151 -5.45638e-02 |108 -0.50122  1.08476e+00
109 -0.72873  1.17198e+00 |110 -0.70684  2.03543e-01 |111 -0.75842  5.30416e-01
112 -0.70292  8.08979e-01 |113 -0.66112  1.54718e+00 |114 -0.69940 -7.43527e-01
115 -0.69692  5.56416e-01 |116 -0.86246 -3.22992e+00 |117 -0.70799 -6.87657e-01
118 -0.66282 -8.60428e-01 |119 -0.44907 -6.87405e-01 |120 -0.56873 -8.49881e-01
121 -0.63283 -1.21147e+00 |122 -0.59657 -9.72783e-01 |123 -0.69029 -2.08986e+00
124 -0.69365 -2.85568e+00 |125 -0.62278 -2.21626e+00 |126 -0.81186 -4.21217e+00
127 -0.87380 -3.23812e-01 |128 -0.87530 -3.27775e-01 |129 -0.83743  8.50570e-01
130 -0.83039  9.87585e-01 |131 -0.74456  1.53727e-01 |132 -0.80342  5.86085e-01
133 -0.83070  7.28530e-01 |134 -0.78505  2.64814e-01 |135 -0.78341  2.12933e+00
136 -0.74102  9.57121e-01 |137 -0.72480 -1.22693e-01 |138 -0.66499  3.70046e+00
139 -0.65061 -1.32342e+00 |140 -0.65558  2.66710e+00 |141 -0.58656 -5.28405e-01
142 -0.63597 -8.27848e-01 |143 -0.63892  1.19083e+00 |144 -0.73804 -7.29608e-01
145 -0.68952 -2.78831e+00 |146 -0.62496  2.32840e+00 |147 -0.57519 -4.15841e-01
148 -0.53941  5.48758e-01 |149 -0.53161 -7.38828e-01 |150 -0.54787 -3.59511e-01
151 -0.59355 -2.74678e-01 |152 -0.65980  7.51820e-01 |153 -0.58580 -1.25098e-01
154 -0.54471  1.11342e+00 |155 -0.58827 -1.13233e-01 |156 -0.57442  3.62109e-01
157 -0.73123  1.66061e-01 |158 -0.73290 -6.09946e-01 |159 -0.83000  8.74583e-02
160 -0.70698  7.11593e-01 |161 -0.67863 -1.42369e+00 |162 -0.67023 -6.34993e-01
163 -0.67440  1.15253e+00 |164 -0.94372  2.04983e+00 |165 -0.92058  1.47604e+00
166 -0.96078  5.03407e+00 |167 -0.84679  1.45227e+00 |168 -0.78158  1.82867e+00
169 -0.77370  4.07711e-01 |170 -0.77430  1.92615e-01 |171 -0.78557  1.75223e+00
172 -0.71634 -6.20850e-01 |173 -0.74240  6.26020e-01 |174 -0.66800 -9.19605e-01
175 -0.59378 -5.54580e-01 |176 -0.43445  1.14272e-02 |177 -0.44407 -5.32474e-01
178 -0.58881 -1.43135e-01 |179 -0.53172  6.63238e-01 |180 -0.50217  6.32569e-01
181 -0.46648 -3.96734e-02 |182 -0.48281 -6.25692e-01 |183 -0.46564 -2.06411e-01
184 -0.40785  4.19841e-01 |185 -0.36598  1.73907e-01 |186 -0.42682  4.23244e-01
187 -0.34925 -1.98626e-01 |188 -0.29340 -2.81072e-01 |189 -0.40396 -5.00015e-01
190 -0.47884 -4.49746e-02 |191 -0.35901 -4.20325e-01 |192 -0.20654  5.05808e-02
193 -0.13461 -1.13326e-01 |194 -0.21733  9.71314e-02 |195 -0.59534 -2.55360e-02
196 -0.60033 -2.03456e-01 |197 -0.81360  6.49433e-01 |198 -0.64232  9.98392e-01
199 -0.59440  3.34192e-01 |200 -0.65593  9.32283e-01 |201 -0.60706 -2.55387e-01
202  0.02770  1.22963e+01 |203  0.02261  2.37916e+01 |204  0.03036 -6.67013e-01
205  0.03766  3.63425e+00 |206  0.01662  4.76522e-04 |207  0.34041 -3.57604e+00
208 -0.01912  1.23715e-04 |209  0.26340  7.25884e+00 |210 -0.00227 -5.64755e-05
211  0.34086 -1.52229e+01 |212  0.33445 -2.45874e+00 |213 -0.30798 -7.19128e-04
214  0.33260  3.13477e+00 |215 -0.11487  2.00028e-01 |216 -0.00135  9.12671e-02
217  0.15097  1.15230e+00 |218 -0.29840 -1.26454e-03 |219  0.35968 -1.30779e+00
220 -0.01087  3.33533e-01 |221  0.07312 -2.67013e-01 |222 -0.07509  5.54718e-01
223  0.22762 -1.56210e+01 |224 -0.32997 -5.22793e-04 |225  0.30792  2.16522e+01
226 -0.03976 -1.07071e+00 |227 -0.03370 -1.06804e+00 |228  0.44555 -2.41182e-03
229  0.43147 -4.41172e-01 |230  0.38151 -3.00456e+00 |231  0.23326  4.61759e-04
232  0.00290 -1.72591e-07 |233  0.00845  3.07159e-04 |234  0.00487 -2.10615e-05
235  0.40509  4.31659e+00 |236  0.41402  4.36850e-01 |237  0.40931  6.22513e+00
238  0.42190  3.06765e+00 |239  0.01333  3.18555e-05 |240  0.02045 -3.35453e-05
241  0.09170  1.86411e-03 |242  0.03284  1.92698e-04 |243  0.38399 -4.73622e+00
244  0.28531  4.87971e-01 |245  0.35782 -2.52426e+00 |246  0.39338 -4.07796e-01
247  0.20847 -3.37878e-04 |248 -0.00452  1.04197e-06 |249 -0.00496  1.64132e-05
250  0.01332 -2.58865e-05 |251  0.36629  9.31097e+00 |252  0.35076  1.59864e+00
253  0.35972  7.77201e+00 |254  0.37098  2.19176e+00 |255  0.39772 -2.57566e+00
256  0.83102  1.15112e-02 |257  0.35816  7.38571e+00 |258  0.22279 -1.00596e+00
259  0.10820 -2.07707e+00 |260  0.03237  6.25554e-04 |261  0.05397 -2.55390e-05
262  0.41299  9.71305e-01 |263  0.36290  2.95152e+00 |264 -0.10471  7.86432e-04
265 -0.10280 -1.85763e-05 |266  0.10863  1.49737e-02 |267  0.15635  7.51764e-02
268 -0.03204  2.85021e-01 |269 -0.02190  5.76678e-01 |270  0.00231  1.98233e+00
271  0.03606  1.07871e+00 |272 -0.02358  4.37170e-01 |273 -0.02020  5.65800e-01
274  0.00219  1.27955e+00 |275 -0.02648  7.30921e-01 |276  0.04633  1.37789e+00
277 -0.00401 -3.23871e-01 |278 -0.00062 -3.55996e-02 |279  0.00256  4.39446e-03
280  0.03505  2.86520e-01 |281 -0.01871 -6.75779e-01 |282  0.00176 -3.02905e-01
283 -0.00366 -1.62791e+00 |284  0.00529 -7.23390e-01 |285 -0.02286 -6.58707e-02
286  0.00352  1.98125e-01 |287 -0.01452 -8.93544e-01 |288 -0.05370  1.25545e-01
289  0.02444 -2.29620e-01 |290  0.03785  3.13850e-02 |291  0.00271  1.68556e-01
292 -0.00894  2.89594e-01 |293  0.04835 -1.53531e-01 |294  0.00000  3.71352e-06
295 -0.00000  7.79677e-08 |296 -0.00000 -1.58593e-07 |297  0.00000 -1.54840e-07
298 -0.00000  2.65111e-07 |299  0.00000  1.29674e-07 |300  0.00000 -2.32694e-07
301  0.00000  3.93735e-07 |302 -0.00000  3.61823e-08 |303  0.00000  7.30355e-07
304 -0.00000 -5.42341e-08 |305  0.00000 -1.59185e-07 |306 -0.00000 -9.38465e-08
307 -0.02615  5.93599e-01 |308 -0.04039 -2.57810e+00 |309  0.00398  1.21002e+00
310 -0.03110  1.71588e+00 |311 -0.04255 -1.71822e-01 |312 -0.04133 -8.62014e-01
313  0.00201  3.04413e+00 |314  0.09014  8.07616e+00 |315  0.08258  8.27201e+00
316  0.00123  2.85905e+00 |317 -0.01110  4.02578e-01 |318 -0.00041  2.24057e-02
319 -0.00563  1.61213e-01 |320 -0.02860  1.89088e+00 |321  0.01532 -1.05609e+00
322 -0.02502 -1.30243e+00 |323 -0.02308  8.04475e-01 |324 -0.04510 -4.33127e-01
325  0.00494 -2.39649e+00 |326  0.06169 -7.38299e+00 |327  0.05506 -6.77293e+00
328 -0.00091 -1.20733e+00 |329 -0.00824 -2.18192e-01 |330  0.00008  8.81158e-03
330 variables; iteration 240; function evaluation 246; phase 10
Function value 2.0480986e+03; maximum gradient component mag 1.1738e+02
Var    Value     Gradient |Var    Value     Gradient |Var    Value     Gradient
  1 -0.35279 -5.87714e+01 |  2 -0.92589  9.43688e-01 |  3 -0.01144  2.84278e+01
  4 -0.42369  1.17375e+02 |  5 -0.26811  1.78767e+00 |  6 -0.06029  3.29646e+00
  7 -0.21081 -1.02068e+01 |  8 -0.31566  8.38078e+01 |  9 -0.08761  3.57979e+00
 10 -0.07037 -7.02127e-02 | 11 -0.04209  1.07615e-01 | 12 -0.04050  4.04506e-02
 13 -0.02821  6.79512e-02 | 14 -0.00386  3.18514e-01 | 15  0.02540  4.37305e-01
 16  0.13589  6.59872e-01 | 17  0.02993  4.95961e-01 | 18 -0.02314  3.40611e-02
 19  0.01711 -5.14326e-01 | 20  0.09447 -3.42969e+00 | 21 -0.04784 -1.66395e+00
 22 -0.05823 -6.86772e-01 | 23  0.01334 -7.85921e-01 | 24  0.03095  5.61651e-01
 25  0.07188  2.33004e+00 | 26  0.03671  1.60544e+00 | 27  0.07340  2.48275e+00
 28  0.07669  2.19130e+00 | 29  0.03331  2.47460e+00 | 30  0.04019  1.89667e+00
 31  0.04259  2.90327e+00 | 32  0.04954  3.47732e+00 | 33  0.06638  3.53505e+00
 34  0.03002  1.54786e+00 | 35 -0.00605  4.16770e-01 | 36 -0.02492  1.34861e+00
 37 -0.00355  3.30036e+00 | 38  0.02638  1.31686e+00 | 39 -0.01079  1.97668e+00
 40 -0.02422  1.93125e+00 | 41 -0.03198  2.16699e+00 | 42  0.01763  2.82997e+00
 43  0.01591  2.84344e+00 | 44 -0.04832  2.01505e+00 | 45 -0.06537  8.18754e-01
 46 -0.04409  1.48488e+00 | 47 -0.04690  2.24287e+00 | 48  0.02951  4.28508e+00
 49  0.06932  4.60943e+00 | 50  0.02816  1.49726e+00 | 51  0.07618  4.00217e+00
 52 -0.00263  1.63599e+00 | 53  0.02205  2.25085e+00 | 54  0.07792  5.17121e+00
 55  0.12321  5.94155e+00 | 56  0.05362  3.53615e+00 | 57 -0.08894  2.08985e+00
 58 -0.06792  1.79069e+00 | 59 -0.06689  3.47271e+00 | 60 -0.05321  3.93088e+00
 61 -0.09494  2.03134e+00 | 62 -0.11868  9.41568e-01 | 63 -0.10622 -2.95944e-01
 64 -0.08598  4.41114e-01 | 65 -0.09257  8.58067e-02 | 66 -0.01830 -2.19493e-01
 67  0.00000  0.00000e+00 | 68 -0.92472  1.71233e+00 | 69 -0.83140  9.92146e-01
 70 -0.80816  2.04499e+00 | 71 -0.66923 -4.05543e-01 | 72 -0.75397 -5.41372e-02
 73 -0.81156 -1.33576e+00 | 74 -0.76714 -1.20640e+00 | 75 -0.79527 -1.67094e+00
 76 -0.84502 -1.97823e+00 | 77 -0.85639  1.35775e+00 | 78 -0.74600  2.95689e-01
 79 -0.73011  2.66868e-01 | 80 -0.68854  2.03454e-01 | 81 -0.54151  2.02792e-01
 82 -0.52796 -5.28649e-02 | 83 -0.51858 -4.93239e-01 | 84 -0.59308  1.50596e-01
 85 -0.63555 -2.80677e-01 | 86 -0.57560 -5.38936e-01 | 87 -0.53112 -4.61099e-01
 88 -0.47459  1.10481e+00 | 89 -0.46294  1.58900e-01 | 90 -0.44353  1.76314e-01
 91 -0.51373 -1.18616e-01 | 92 -0.50987  1.69480e-01 | 93 -0.55271  5.78344e-01
 94 -0.56647 -3.84903e-01 | 95 -0.59303  2.17861e-01 | 96 -0.56312  2.93065e-01
 97 -0.57664 -1.08176e-01 | 98 -0.61793  8.97848e-01 | 99 -0.53105  1.44313e+00
100 -0.63404  1.29943e+00 |101 -0.57844  2.01347e-01 |102 -0.65617  4.21475e-02
103 -0.63323 -3.38457e-01 |104 -0.62715 -5.56782e-01 |105 -0.55319  7.71588e-01
106 -0.53031 -2.42144e-01 |107 -0.56007  1.02078e+00 |108 -0.50008 -1.16608e+00
109 -0.72787  5.07559e-01 |110 -0.70585  5.36108e-01 |111 -0.75767  7.70124e-01
112 -0.70208  5.40261e-01 |113 -0.66023  8.58229e-01 |114 -0.69853  3.30558e-01
115 -0.69614  5.04625e-01 |116 -0.86170  2.46278e+00 |117 -0.70574  6.45483e-02
118 -0.66000  2.46345e-01 |119 -0.44320  2.27860e-01 |120 -0.56468  2.34589e-01
121 -0.62961 -7.06446e-01 |122 -0.59279  2.11454e-01 |123 -0.68744 -6.39210e-01
124 -0.69104 -1.21486e+00 |125 -0.61944 -8.78440e-01 |126 -0.81057 -1.64137e+00
127 -0.87340  3.09506e+00 |128 -0.87503  3.34808e+00 |129 -0.83664  1.03716e+00
130 -0.82962  8.34242e-01 |131 -0.74339  8.82698e-01 |132 -0.80258  6.60355e-01
133 -0.83003  1.00694e+00 |134 -0.78430  1.74061e-01 |135 -0.78274  1.01215e+00
136 -0.74021  9.94564e-02 |137 -0.72386  1.67253e-01 |138 -0.66406  1.19091e+00
139 -0.64928 -1.49309e+00 |140 -0.65438  8.44089e-01 |141 -0.58465  1.17116e+00
142 -0.63430  1.16863e+00 |143 -0.63743  1.59749e+00 |144 -0.73704 -1.63499e-02
145 -0.68839 -1.68095e+00 |146 -0.62409  1.96492e-02 |147 -0.57371  7.84388e-01
148 -0.53814 -5.02841e-01 |149 -0.52971  1.38579e+00 |150 -0.54635  7.45551e-02
151 -0.59233 -3.61399e-01 |152 -0.65898 -2.02201e-01 |153 -0.58464  5.49401e-01
154 -0.54377 -3.55953e-01 |155 -0.58704  3.00238e-01 |156 -0.57308  6.75162e-01
157 -0.73034  5.91405e-01 |158 -0.73201  2.58663e-01 |159 -0.82947  1.10058e+00
160 -0.70617  5.25741e-01 |161 -0.67766 -2.83069e-01 |162 -0.66937 -3.98957e-01
163 -0.67362  6.71442e-01 |164 -0.94339  3.98129e+00 |165 -0.92015  1.80469e+00
166 -0.96058  4.74951e+00 |167 -0.84607  9.84125e-01 |168 -0.78063  8.57321e-01
169 -0.77271  8.83894e-01 |170 -0.77333  9.98518e-01 |171 -0.78478  7.16076e-01
172 -0.71528  3.81942e-01 |173 -0.74159  2.71070e-01 |174 -0.66674  6.69756e-01
175 -0.59234 -2.43014e-02 |176 -0.43260 -4.78227e-01 |177 -0.44168  1.60422e-01
178 -0.58724 -3.67913e-01 |179 -0.53012 -6.07816e-01 |180 -0.50041 -2.58040e-01
181 -0.46430  2.31942e-01 |182 -0.48043  1.46876e+00 |183 -0.46381  1.72160e-01
184 -0.40619 -2.64964e-01 |185 -0.36404 -1.73023e-01 |186 -0.42514 -3.83970e-01
187 -0.34657  7.23032e-01 |188 -0.29053  3.95728e-01 |189 -0.40194 -3.14818e-01
190 -0.47731  9.10929e-02 |191 -0.35676  7.17129e-01 |192 -0.20417 -1.37252e-02
193 -0.13127  2.62948e-01 |194 -0.21477 -1.57418e-01 |195 -0.59408 -4.61723e-01
196 -0.59909 -5.60686e-01 |197 -0.81304  1.32974e+00 |198 -0.64127  1.61587e+00
199 -0.59316  1.29358e+00 |200 -0.65518 -3.75366e-01 |201 -0.60602  3.25668e-01
202  0.02811  5.38624e+00 |203  0.02298  2.39686e+01 |204  0.02999  2.19226e+00
205  0.03513 -4.55918e-01 |206  0.01570  4.93516e-04 |207  0.34021  1.90051e-01
208 -0.01939  1.63163e-04 |209  0.26205 -1.64073e-01 |210 -0.00217 -5.29096e-05
211  0.34195 -2.69597e-01 |212  0.33463 -1.97304e-01 |213 -0.30659 -5.52074e-04
214  0.33267 -3.81861e-01 |215 -0.11509  7.26550e-01 |216 -0.00136  1.29628e+00
217  0.15068  7.81597e-02 |218 -0.29596 -1.27980e-03 |219  0.35974 -2.50457e-01
220 -0.01006 -4.37327e-03 |221  0.07303 -1.27313e+00 |222 -0.07646 -2.69400e-01
223  0.22740 -7.18669e+00 |224 -0.32910 -3.51115e-04 |225  0.30781  9.20839e+00
226 -0.03750  7.45709e-01 |227 -0.03403  9.51721e-01 |228  0.44565  2.11012e-01
229  0.43342  3.12458e-01 |230  0.38152 -1.86645e+00 |231  0.23234  4.44914e-04
232  0.00290 -9.87470e-08 |233  0.00789  3.04381e-04 |234  0.00491 -2.06379e-05
235  0.40513 -7.13818e-01 |236  0.41443  4.47113e-01 |237  0.40936  1.86984e+00
238  0.42203  2.59155e+00 |239  0.01327  3.02905e-05 |240  0.02052 -3.18575e-05
241  0.08828  1.87585e-03 |242  0.03249  1.94580e-04 |243  0.38430 -2.82641e+00
244  0.28566  4.28198e-01 |245  0.35783 -2.35513e+00 |246  0.39310 -9.42266e-01
247  0.20912 -3.17813e-04 |248 -0.00452  1.14607e-06 |249 -0.00499  1.56387e-05
250  0.01337 -2.51361e-05 |251  0.36638  3.90821e+00 |252  0.35087  1.18497e+00
253  0.35973  4.34758e+00 |254  0.37097  2.06539e+00 |255  0.39731 -1.16682e+00
256  0.80755  1.00151e-02 |257  0.35807  2.27905e+00 |258  0.22408  4.48325e-03
259  0.10764 -6.77191e-01 |260  0.03117  6.10769e-04 |261  0.05402 -3.41715e-05
262  0.41347  1.03433e+00 |263  0.36241  5.31947e-01 |264 -0.10621  7.76968e-04
265 -0.10276 -2.39377e-05 |266  0.10930  2.32886e-01 |267  0.15734 -5.87267e-02
268 -0.03051  1.44778e-01 |269 -0.02134 -2.56436e-01 |270  0.00002 -1.00124e+00
271  0.03703 -5.81751e-01 |272 -0.02295 -7.89667e-02 |273 -0.01981  2.53729e-01
274  0.00306 -3.63830e-03 |275 -0.02549  4.24323e-01 |276  0.04741  6.72498e-01
277 -0.00273  2.24102e-01 |278 -0.00009 -1.36888e-01 |279  0.00347  3.74392e-01
280  0.03566 -2.98377e-01 |281 -0.01717  2.40244e-01 |282  0.00209  6.63099e-01
283 -0.00171  2.22657e-01 |284  0.00538  3.83798e-01 |285 -0.02309  9.71750e-02
286  0.00303 -2.76867e-01 |287 -0.01437 -5.51382e-02 |288 -0.05366  3.59518e-03
289  0.02460 -3.46004e-01 |290  0.03796 -4.30942e-01 |291  0.00239  1.11968e-01
292 -0.00890  1.26034e-01 |293  0.04864  7.61169e-01 |294 -0.00000 -6.57960e-06
295 -0.00000 -1.89838e-08 |296 -0.00000 -6.67148e-07 |297  0.00000  1.09898e-07
298 -0.00000  3.27542e-07 |299  0.00000 -1.26758e-07 |300  0.00000 -7.46727e-07
301  0.00000  4.61917e-07 |302 -0.00000  1.25930e-07 |303 -0.00000 -2.20691e-06
304 -0.00000 -5.03567e-07 |305  0.00000 -2.11645e-07 |306 -0.00000 -4.50968e-08
307 -0.02623  3.59956e-01 |308 -0.04020 -3.05967e+00 |309  0.00471 -7.94119e-01
310 -0.03054  2.24674e-02 |311 -0.04221 -1.09984e-01 |312 -0.04069 -6.34652e-01
313  0.00246  1.00105e+00 |314  0.09047  1.97559e+00 |315  0.08318  3.70281e+00
316  0.00214  1.34111e+00 |317 -0.01139 -2.40853e+00 |318 -0.00067 -1.45690e+00
319 -0.00712 -8.04225e-01 |320 -0.02973  2.25401e+00 |321  0.01468  4.86272e-01
322 -0.02560 -7.95511e-01 |323 -0.02411  1.71944e-01 |324 -0.04543  2.64887e-01
325  0.00410 -1.04986e+00 |326  0.06072 -1.85437e+00 |327  0.05425 -3.23287e+00
328 -0.00087 -4.89520e-01 |329 -0.00853  1.06343e+00 |330  0.00019  5.99692e-01
330 variables; iteration 260; function evaluation 267; phase 10
Function value 2.0480863e+03; maximum gradient component mag 4.3456e+01
Var    Value     Gradient |Var    Value     Gradient |Var    Value     Gradient
  1 -0.35408 -2.35139e+01 |  2 -0.92331 -2.97723e-01 |  3 -0.01144  9.92765e+00
  4 -0.42377  4.34561e+01 |  5 -0.26866  4.68435e-01 |  6 -0.05992  1.18836e+00
  7 -0.21234 -2.77049e+00 |  8 -0.31720  3.18342e+01 |  9 -0.08786  1.63161e+01
 10 -0.06930  9.44900e-01 | 11 -0.04238  2.29425e-01 | 12 -0.04029  4.11629e-01
 13 -0.02762  6.72560e-01 | 14 -0.00421  7.30424e-01 | 15  0.02465  1.08013e+00
 16  0.13723  3.07547e+00 | 17  0.02965  1.22677e+00 | 18 -0.02369  7.87877e-02
 19  0.01693 -2.60505e-01 | 20  0.09424 -2.86980e+00 | 21 -0.04789 -1.20590e+00
 22 -0.05850 -5.44104e-01 | 23  0.01278 -1.24261e+00 | 24  0.03087  2.34586e-01
 25  0.07135  7.54418e-01 | 26  0.03714  4.22372e-01 | 27  0.07285  1.31916e-01
 28  0.07766  4.45503e-01 | 29  0.03222 -2.60591e-01 | 30  0.04103  1.37499e+00
 31  0.04242  5.38330e-01 | 32  0.04959  8.89271e-01 | 33  0.06645  9.67938e-01
 34  0.03033  6.19234e-01 | 35 -0.00609 -6.16170e-01 | 36 -0.02450  5.88507e-01
 37 -0.00337  1.81130e+00 | 38  0.02671  5.85806e-02 | 39 -0.01049  9.17360e-01
 40 -0.02388  8.96994e-01 | 41 -0.03160  1.28697e+00 | 42  0.01799  1.44565e+00
 43  0.01633  2.02987e+00 | 44 -0.04834  5.91211e-01 | 45 -0.06491  5.98630e-01
 46 -0.04368  9.56241e-01 | 47 -0.04651  1.03956e+00 | 48  0.02986  1.71139e+00
 49  0.06959  1.71420e+00 | 50  0.02844  3.18972e-01 | 51  0.07637  1.18342e+00
 52 -0.00246  3.03610e-01 | 53  0.02226  5.85312e-01 | 54  0.07801  1.57006e+00
 55  0.12316  1.46172e+00 | 56  0.05345  9.17518e-01 | 57 -0.08963  1.83523e-01
 58 -0.06783  5.06272e-01 | 59 -0.06700  1.07321e+00 | 60 -0.05303  1.51218e+00
 61 -0.09475  1.07217e+00 | 62 -0.11843  4.97431e-01 | 63 -0.10592 -3.37021e-01
 64 -0.08547  8.65358e-01 | 65 -0.09242  4.52072e-02 | 66 -0.01742  8.24490e-02
 67  0.00000  0.00000e+00 | 68 -0.92458  4.25457e+00 | 69 -0.83108  2.54018e+00
 70 -0.80703  1.02461e+00 | 71 -0.66783  2.36250e-01 | 72 -0.75289 -2.52946e-01
 73 -0.81076 -1.28878e+00 | 74 -0.76616 -1.02128e+00 | 75 -0.79433 -1.18517e+00
 76 -0.84431 -1.37346e+00 | 77 -0.85586 -3.48849e-02 | 78 -0.74515 -5.94741e-02
 79 -0.72926  1.58400e-01 | 80 -0.68761  2.23329e-01 | 81 -0.54033  6.76332e-01
 82 -0.52687  9.54645e-02 | 83 -0.51743  4.69663e-03 | 84 -0.59235 -9.30777e-01
 85 -0.63481 -4.69174e-01 | 86 -0.57464  4.52099e-01 | 87 -0.53023 -2.98523e-01
 88 -0.47389  2.94586e-01 | 89 -0.46212 -1.55645e-01 | 90 -0.44237  7.36193e-01
 91 -0.51266  6.60422e-01 | 92 -0.50901  2.92314e-01 | 93 -0.55213 -8.94525e-02
 94 -0.56578  1.18490e-01 | 95 -0.59253  1.46229e-01 | 96 -0.56361 -4.17853e-02
 97 -0.57703 -1.09621e-01 | 98 -0.61759  4.00352e-01 | 99 -0.53064  8.45074e-01
100 -0.63365  3.95576e-01 |101 -0.57781 -6.40897e-02 |102 -0.65553  1.35279e-01
103 -0.63244 -4.39028e-02 |104 -0.62633 -4.17047e-01 |105 -0.55232  2.11151e-01
106 -0.52919  4.76946e-01 |107 -0.55926  3.70309e-01 |108 -0.49888 -1.40508e-01
109 -0.72730  1.06095e-01 |110 -0.70525  2.16519e-01 |111 -0.75721  3.82493e-01
112 -0.70156  3.67923e-01 |113 -0.65971  2.78603e-01 |114 -0.69808  1.15991e-01
115 -0.69576  8.73989e-02 |116 -0.86143  3.90797e+00 |117 -0.70518  1.06545e+00
118 -0.65923  1.12121e+00 |119 -0.44163  2.80838e-01 |120 -0.56267  1.32479e-01
121 -0.62796 -3.15727e-01 |122 -0.59108 -1.50012e-01 |123 -0.68599 -4.04173e-01
124 -0.68954 -8.96699e-01 |125 -0.61799 -5.26273e-01 |126 -0.81077  3.48718e+00
127 -0.87291  9.23707e-01 |128 -0.87431 -1.93856e-01 |129 -0.83630  1.06823e-01
130 -0.82928  8.67218e-02 |131 -0.74292  1.35598e-01 |132 -0.80223 -1.16670e-01
133 -0.82974 -5.15921e-02 |134 -0.78395 -1.74255e-01 |135 -0.78242  1.33421e-01
136 -0.73982  3.42386e-02 |137 -0.72347  4.25601e-02 |138 -0.66364  1.04446e-02
139 -0.64862 -5.92755e-01 |140 -0.65393  8.15612e-02 |141 -0.58421  4.12009e-01
142 -0.63394  5.48115e-01 |143 -0.63720  4.47317e-01 |144 -0.73685  1.15940e-01
145 -0.68808 -4.32552e-01 |146 -0.62376 -2.91224e-01 |147 -0.57337  3.29732e-01
148 -0.53756 -2.85892e-01 |149 -0.52910  9.50190e-01 |150 -0.54558 -7.63964e-02
151 -0.59145  1.56327e-01 |152 -0.65825 -1.26785e-01 |153 -0.58380  2.99361e-01
154 -0.54284 -3.16446e-01 |155 -0.58620  4.17159e-01 |156 -0.57234  3.37473e-01
157 -0.72981  1.36744e-01 |158 -0.73147  1.32732e-01 |159 -0.82917  8.57276e-03
160 -0.70569  3.11604e-01 |161 -0.67711  9.94189e-02 |162 -0.66886 -1.58479e-01
163 -0.67325  9.76005e-02 |164 -0.94322  8.83484e-01 |165 -0.91993 -1.88509e-01
166 -0.96049  1.55277e+00 |167 -0.84579 -5.23535e-01 |168 -0.78025  1.28463e-01
169 -0.77234  2.53970e-01 |170 -0.77297  2.17315e-01 |171 -0.78443  1.00138e-01
172 -0.71484  1.94941e-01 |173 -0.74122  1.99965e-01 |174 -0.66629  6.66041e-01
175 -0.59177  3.48287e-01 |176 -0.43174 -2.77639e-01 |177 -0.44093 -8.39384e-02
178 -0.58658  4.54678e-01 |179 -0.52957 -5.08382e-01 |180 -0.49993 -2.79324e-01
181 -0.46396 -1.64768e-01 |182 -0.48026  3.97159e-01 |183 -0.46348 -2.63389e-01
184 -0.40585 -5.31705e-01 |185 -0.36367 -3.25729e-01 |186 -0.42466 -3.88201e-01
187 -0.34604  1.34392e-01 |188 -0.28956  1.58993e-01 |189 -0.40083 -5.32370e-02
190 -0.47642 -2.18089e-01 |191 -0.35562  7.02998e-01 |192 -0.20290 -7.89551e-02
193 -0.13035 -3.54326e-01 |194 -0.21334 -3.23022e-01 |195 -0.59318 -1.65711e-01
196 -0.59819 -6.23283e-02 |197 -0.81271  3.95692e-01 |198 -0.64074  8.10860e-01
199 -0.59257  6.95537e-01 |200 -0.65465 -2.28316e-01 |201 -0.60552  1.60568e-01
202  0.02831  1.89872e+00 |203  0.02320  7.95271e+00 |204  0.02973  4.74090e-01
205  0.03594 -2.23125e-01 |206  0.01499  4.56136e-04 |207  0.34022  4.13411e-01
208 -0.01961  1.53661e-04 |209  0.26106 -1.17164e+00 |210 -0.00210 -5.20524e-05
211  0.34135  1.96322e+00 |212  0.33451 -1.44088e+00 |213 -0.30555 -6.71223e-04
214  0.33267  2.49967e+00 |215 -0.11487  1.57852e-01 |216 -0.00119  3.26296e-01
217  0.14975 -2.17313e-01 |218 -0.29406 -1.30815e-03 |219  0.35908 -2.98312e-01
220 -0.00964 -2.66801e-01 |221  0.07475  1.71940e-01 |222 -0.07648 -5.51038e-01
223  0.22750 -2.13584e+00 |224 -0.32847 -3.86642e-04 |225  0.30788  2.75472e+00
226 -0.03838  4.55515e-02 |227 -0.03386  2.93461e-01 |228  0.44595 -2.08645e-02
229  0.43144  7.35473e-02 |230  0.38191 -4.59433e-01 |231  0.23167  4.25030e-04
232  0.00290 -5.87591e-07 |233  0.00744  3.02404e-04 |234  0.00494 -2.08659e-05
235  0.40521  5.10473e-01 |236  0.41408  2.42622e-01 |237  0.40950  1.92675e+00
238  0.42205  1.12819e+00 |239  0.01322  2.84785e-05 |240  0.02057 -3.57597e-05
241  0.08557  1.88398e-03 |242  0.03221  1.91604e-04 |243  0.38419 -1.19097e+00
244  0.28497 -1.17181e-03 |245  0.35800 -7.84219e-01 |246  0.39297 -3.90512e-01
247  0.20961 -3.25599e-04 |248 -0.00452  1.41629e-06 |249 -0.00501  1.56050e-05
250  0.01340 -2.53192e-05 |251  0.36637  7.35921e-01 |252  0.35061  3.59417e-01
253  0.35981  2.26201e+00 |254  0.37096  9.18485e-01 |255  0.39722 -4.50619e-01
256  0.79132  9.16666e-03 |257  0.35807  9.64654e-01 |258  0.22339  1.90708e-02
259  0.10772  9.17979e-02 |260  0.03027  5.92084e-04 |261  0.05407 -3.29233e-05
262  0.41312  3.53833e-01 |263  0.36247  2.41267e-01 |264 -0.10736  7.59157e-04
265 -0.10272 -2.22448e-05 |266  0.10983 -6.94633e-02 |267  0.15784  1.74552e-01
268 -0.03122 -6.22579e-01 |269 -0.02311 -8.16148e-01 |270  0.00221 -1.42232e-01
271  0.03710 -6.31601e-01 |272 -0.02305  2.99774e-01 |273 -0.01993  4.10586e-01
274  0.00261  2.55793e-02 |275 -0.02578  1.74805e-01 |276  0.04722  9.51158e-01
277 -0.00281  2.44980e-01 |278 -0.00034 -2.43314e-01 |279  0.00326  1.98575e-01
280  0.03559 -9.81322e-04 |281 -0.01745  2.81362e-01 |282  0.00067  8.90548e-02
283 -0.00085  2.46490e-01 |284  0.00586  1.18869e+00 |285 -0.02292 -4.61020e-02
286  0.00329 -2.34250e-01 |287 -0.01456 -4.29582e-01 |288 -0.05365 -8.22790e-02
289  0.02471  1.69960e-01 |290  0.03829 -1.65069e-01 |291  0.00257  2.82747e-01
292 -0.00884  1.73468e-01 |293  0.04864  4.27807e-01 |294  0.00000  3.97817e-06
295 -0.00000 -1.85623e-07 |296  0.00000  5.57809e-07 |297  0.00000 -4.83640e-08
298 -0.00000  3.12731e-08 |299  0.00000  1.98987e-07 |300  0.00000 -1.89634e-07
301  0.00000  1.31844e-07 |302 -0.00000  1.86613e-07 |303 -0.00000 -5.45531e-07
304  0.00000  3.23143e-07 |305  0.00000  1.36031e-07 |306 -0.00000 -4.58972e-07
307 -0.02618 -7.36710e-01 |308 -0.04070 -1.87412e+00 |309  0.00464 -1.58391e+00
310 -0.03012  6.12031e-01 |311 -0.04184  1.21561e-01 |312 -0.04046 -3.44426e-01
313  0.00280  8.59274e-01 |314  0.09084  1.79102e+00 |315  0.08336  1.90450e+00
316  0.00099 -2.47091e+00 |317 -0.01107 -9.19403e-01 |318  0.00038  1.35949e-01
319 -0.00658  8.63872e-02 |320 -0.03022  9.88882e-01 |321  0.01490  1.23576e+00
322 -0.02490 -5.88455e-01 |323 -0.02345  1.76936e-01 |324 -0.04495  3.37458e-01
325  0.00467 -3.69684e-01 |326  0.06127 -1.44334e+00 |327  0.05468 -1.95553e+00
328 -0.00026  1.11136e+00 |329 -0.00880  2.92336e-01 |330 -0.00025 -3.79122e-02
330 variables; iteration 280; function evaluation 289; phase 10
Function value 2.0480771e+03; maximum gradient component mag 6.3506e+01
Var    Value     Gradient |Var    Value     Gradient |Var    Value     Gradient
  1 -0.35503 -3.85857e+01 |  2 -0.91834  4.04928e-01 |  3 -0.01144  1.52347e+01
  4 -0.42388  6.35059e+01 |  5 -0.26896  9.59467e-01 |  6 -0.05960  2.26555e+00
  7 -0.21285 -3.37750e+00 |  8 -0.31839  4.81981e+01 |  9 -0.08811  1.50779e+01
 10 -0.07027  4.09629e-01 | 11 -0.04225  2.32756e-01 | 12 -0.04040  2.95324e-01
 13 -0.02794  4.48672e-01 | 14 -0.00419  6.02595e-01 | 15  0.02532  1.07547e+00
 16  0.13720  2.58950e+00 | 17  0.02929  9.92666e-01 | 18 -0.02279  5.91195e-01
 19  0.01752  5.08652e-01 | 20  0.09434  3.15667e+00 | 21 -0.04783  9.97461e-01
 22 -0.05896  8.05026e-01 | 23  0.01303  1.20250e+00 | 24  0.03049  1.14610e+00
 25  0.07127  1.30856e+00 | 26  0.03755  1.26354e+00 | 27  0.07319  1.31413e+00
 28  0.07722  9.37851e-01 | 29  0.03297  7.15315e-01 | 30  0.04078  1.08703e+00
 31  0.04274  9.81693e-01 | 32  0.04972  1.19028e+00 | 33  0.06664  1.08550e+00
 34  0.03048  9.00926e-01 | 35 -0.00567  5.23289e-01 | 36 -0.02424  7.18042e-01
 37 -0.00329  1.23183e+00 | 38  0.02718  1.26706e+00 | 39 -0.01033  9.84749e-01
 40 -0.02354  9.70037e-01 | 41 -0.03145  1.15400e+00 | 42  0.01836  1.61358e+00
 43  0.01647  1.40209e+00 | 44 -0.04806  6.41043e-01 | 45 -0.06474  5.82759e-01
 46 -0.04331  9.53962e-01 | 47 -0.04622  1.06848e+00 | 48  0.03021  1.71592e+00
 49  0.06993  1.68334e+00 | 50  0.02878  8.28202e-01 | 51  0.07668  1.42352e+00
 52 -0.00209  6.40217e-01 | 53  0.02263  1.01325e+00 | 54  0.07837  1.70540e+00
 55  0.12358  2.01572e+00 | 56  0.05371  1.13541e+00 | 57 -0.08926  6.13537e-01
 58 -0.06762  8.14238e-01 | 59 -0.06676  1.19137e+00 | 60 -0.05280  1.53023e+00
 61 -0.09455  5.92128e-01 | 62 -0.11824  4.72503e-01 | 63 -0.10549  2.67397e-01
 64 -0.08548  1.62412e-01 | 65 -0.09188  4.17920e-01 | 66 -0.01733  1.18328e-01
 67  0.00000  0.00000e+00 | 68 -0.92432  2.69886e+00 | 69 -0.83046  1.13126e+00
 70 -0.80679  1.60225e+00 | 71 -0.66669  5.34329e-01 | 72 -0.75219  6.09767e-01
 73 -0.81022  5.72704e-01 | 74 -0.76540  3.86788e-01 | 75 -0.79373  6.02474e-01
 76 -0.84391  7.60810e-01 | 77 -0.85548  4.94225e-01 | 78 -0.74465  1.96131e-01
 79 -0.72888  2.05067e-01 | 80 -0.68713  1.28735e-01 | 81 -0.53981  1.35522e-01
 82 -0.52627  3.14677e-02 | 83 -0.51683 -2.03542e-01 | 84 -0.59171  9.36670e-02
 85 -0.63436  4.38550e-02 | 86 -0.57428  2.88220e-02 | 87 -0.52977  7.98438e-03
 88 -0.47353  1.39014e-01 | 89 -0.46174 -1.92600e-01 | 90 -0.44216  2.08233e-02
 91 -0.51248 -1.19362e-01 | 92 -0.50873 -4.84398e-02 | 93 -0.55179 -1.88479e-02
 94 -0.56544  2.54581e-01 | 95 -0.59220  7.89850e-02 | 96 -0.56326  9.94109e-02
 97 -0.57666  1.34482e-01 | 98 -0.61723  1.65816e-01 | 99 -0.53028  2.72696e-01
100 -0.63333  1.71689e-01 |101 -0.57742  1.81444e-02 |102 -0.65522  1.75442e-01
103 -0.63211  1.28543e-01 |104 -0.62599  2.22143e-02 |105 -0.55200  2.88864e-01
106 -0.52891  3.33020e-02 |107 -0.55890 -9.66571e-03 |108 -0.49820 -1.06135e-02
109 -0.72694  1.35867e-01 |110 -0.70490  1.42414e-01 |111 -0.75697  2.36288e-01
112 -0.70130  2.22340e-01 |113 -0.65942  1.48085e-01 |114 -0.69782  2.92656e-01
115 -0.69551  3.21429e-01 |116 -0.86083  1.77688e+00 |117 -0.70420  5.55359e-01
118 -0.65806  6.72851e-01 |119 -0.43940  1.59775e-01 |120 -0.56134  1.30636e-01
121 -0.62691  2.85486e-01 |122 -0.58985  2.15990e-01 |123 -0.68510  3.69423e-01
124 -0.68862  4.34020e-01 |125 -0.61712  3.22407e-01 |126 -0.80932 -6.41420e-01
127 -0.87257  9.36299e-01 |128 -0.87393 -2.41186e-01 |129 -0.83604  5.41850e-01
130 -0.82902  4.47091e-01 |131 -0.74252  3.06869e-01 |132 -0.80192  3.53889e-01
133 -0.82950  4.24948e-01 |134 -0.78365  3.79172e-01 |135 -0.78217  2.39158e-01
136 -0.73956  2.01253e-01 |137 -0.72319  2.96041e-01 |138 -0.66328  1.95381e-01
139 -0.64818  8.93001e-02 |140 -0.65356  1.03505e-01 |141 -0.58378  2.33890e-01
142 -0.63354  3.50355e-01 |143 -0.63676  3.06038e-01 |144 -0.73664  1.85743e-01
145 -0.68779  8.78411e-02 |146 -0.62329  6.62085e-02 |147 -0.57291  1.02922e-01
148 -0.53698  4.55097e-02 |149 -0.52875  1.05737e-01 |150 -0.54508  8.89211e-02
151 -0.59102  2.43600e-01 |152 -0.65792  1.47757e-01 |153 -0.58350  9.52031e-02
154 -0.54233  2.31179e-01 |155 -0.58575  3.80656e-01 |156 -0.57187  9.75301e-02
157 -0.72946  1.51594e-01 |158 -0.73115  1.63719e-01 |159 -0.82900  4.18157e-01
160 -0.70545  2.66407e-01 |161 -0.67684  1.85075e-01 |162 -0.66857  1.54642e-01
163 -0.67301  2.24255e-01 |164 -0.94309  2.03215e+00 |165 -0.91978  1.59781e+00
166 -0.96043  3.89221e+00 |167 -0.84554  3.64243e-01 |168 -0.77992  2.89482e-01
169 -0.77199  3.00800e-01 |170 -0.77263  2.86410e-01 |171 -0.78413  2.90769e-01
172 -0.71447  2.90409e-01 |173 -0.74093  2.42180e-01 |174 -0.66602  2.09749e-01
175 -0.59140  2.08755e-01 |176 -0.43107 -1.05306e-01 |177 -0.44034 -9.90877e-02
178 -0.58622  2.46079e-02 |179 -0.52899 -7.61016e-02 |180 -0.49940 -3.84747e-01
181 -0.46329  1.04632e-03 |182 -0.47968  1.04859e-01 |183 -0.46275 -1.86062e-02
184 -0.40493  7.33891e-02 |185 -0.36278 -6.26200e-02 |186 -0.42387 -3.24593e-03
187 -0.34536 -3.06302e-02 |188 -0.28887 -1.17858e-01 |189 -0.40013  6.33688e-02
190 -0.47587 -5.57404e-02 |191 -0.35527  8.23588e-02 |192 -0.20208 -9.28583e-02
193 -0.12894 -3.73934e-02 |194 -0.21202  2.94270e-02 |195 -0.59260 -1.51260e-02
196 -0.59769  2.60998e-02 |197 -0.81252  3.94211e-01 |198 -0.64049  1.84667e-01
199 -0.59231  6.53006e-02 |200 -0.65434  1.15529e-01 |201 -0.60522  2.68671e-01
202  0.02842  9.20771e-01 |203  0.02333  4.99954e+00 |204  0.02958  4.76796e-01
205  0.03634 -1.42053e+00 |206  0.01377  4.57657e-04 |207  0.34077  1.27851e+00
208 -0.01999  1.46856e-04 |209  0.26125 -1.51478e+00 |210 -0.00196 -5.17567e-05
211  0.34051  3.29785e+00 |212  0.33459 -6.97035e-01 |213 -0.30383 -5.94490e-04
214  0.33270  1.55305e+00 |215 -0.11537  2.24273e-01 |216 -0.00118  1.14353e+00
217  0.14952 -2.78379e-02 |218 -0.29080 -1.23414e-03 |219  0.35914  5.25710e-02
220 -0.00898  4.28356e-02 |221  0.07506  1.70745e-01 |222 -0.07545  1.71043e-01
223  0.22749 -8.79450e-01 |224 -0.32745 -3.43832e-04 |225  0.30788  1.12840e+00
226 -0.03817  1.02080e-01 |227 -0.03393  2.35771e-01 |228  0.44567  1.65638e-02
229  0.43112 -1.14223e-01 |230  0.38183 -2.28932e-01 |231  0.23057  3.87255e-04
232  0.00290 -5.25775e-07 |233  0.00668  2.99445e-04 |234  0.00499 -2.06391e-05
235  0.40518 -8.13421e-01 |236  0.41402  2.49414e-01 |237  0.40950  6.86197e-01
238  0.42209  8.07787e-01 |239  0.01315  2.49472e-05 |240  0.02067 -3.49779e-05
241  0.08079  1.90398e-03 |242  0.03173  1.90410e-04 |243  0.38454 -4.72728e-01
244  0.28439 -5.60642e-01 |245  0.35806 -5.73932e-01 |246  0.39283 -5.69902e-01
247  0.21043 -2.77949e-04 |248 -0.00453  1.44730e-06 |249 -0.00505  1.53729e-05
250  0.01347 -2.50970e-05 |251  0.36649  1.16276e+00 |252  0.35039 -9.80866e-03
253  0.35982  1.08613e+00 |254  0.37093  7.62497e-01 |255  0.39714 -4.14134e-01
256  0.76635  8.07384e-03 |257  0.35805  2.70840e-01 |258  0.22245  5.14292e-03
259  0.10721 -4.26738e-02 |260  0.02875  5.59936e-04 |261  0.05419 -4.93191e-05
262  0.41262  1.00868e-01 |263  0.36218  2.00852e-01 |264 -0.10929  7.25744e-04
265 -0.10263 -3.54187e-05 |266  0.11066 -5.57366e-02 |267  0.15823 -3.40874e-02
268 -0.03141 -3.23278e-01 |269 -0.02219 -1.16294e-01 |270  0.00090 -6.09329e-01
271  0.03689 -7.07972e-01 |272 -0.02302 -1.40571e-01 |273 -0.02014 -1.94970e-01
274  0.00270 -3.02841e-01 |275 -0.02596 -1.62208e-01 |276  0.04690 -6.25486e-01
277 -0.00262  5.54982e-02 |278 -0.00028 -3.70004e-01 |279  0.00289 -2.15199e-01
280  0.03535  6.78658e-02 |281 -0.01799  3.10123e-02 |282  0.00112  6.53927e-02
283 -0.00128  2.20782e-01 |284  0.00521  6.15371e-01 |285 -0.02287  1.78022e-01
286  0.00281  2.55007e-02 |287 -0.01466  2.38910e-01 |288 -0.05410 -5.97151e-02
289  0.02408  7.58180e-02 |290  0.03810 -1.21446e-02 |291  0.00254  4.19554e-01
292 -0.00949  3.95057e-02 |293  0.04808  5.77116e-02 |294 -0.00000  5.25109e-07
295 -0.00000  3.21354e-07 |296  0.00000  2.42604e-07 |297  0.00000  9.74026e-08
298 -0.00000  3.53461e-07 |299  0.00000 -6.43766e-08 |300  0.00000 -1.79485e-07
301  0.00000  3.77857e-08 |302 -0.00000  1.89096e-07 |303 -0.00000 -1.00642e-06
304  0.00000  2.01039e-08 |305  0.00000 -3.55029e-08 |306 -0.00000 -2.78446e-07
307 -0.02627 -1.21964e-01 |308 -0.04046 -5.98850e-01 |309  0.00481 -4.70581e-01
310 -0.03009  1.74740e-01 |311 -0.04201 -1.87462e-03 |312 -0.04055 -3.29727e-01
313  0.00269 -6.47367e-01 |314  0.09078 -1.49560e+00 |315  0.08319 -1.64620e+00
316  0.00199  6.02001e-01 |317 -0.01097 -1.89773e-01 |318  0.00050  1.89016e-01
319 -0.00598  7.09311e-02 |320 -0.02922  3.51608e-01 |321  0.01576  3.99494e-01
322 -0.02400  8.05788e-03 |323 -0.02289  1.26342e-01 |324 -0.04436  2.06786e-01
325  0.00535  1.27112e-01 |326  0.06199  1.28026e+00 |327  0.05532  1.13435e+00
328 -0.00118 -2.77881e-01 |329 -0.00862 -1.12869e-01 |330 -0.00029 -5.70207e-02
330 variables; iteration 300; function evaluation 321; phase 10
Function value 2.0480725e+03; maximum gradient component mag 2.2717e+01
Var    Value     Gradient |Var    Value     Gradient |Var    Value     Gradient
  1 -0.35485 -1.47176e+01 |  2 -0.91360  8.23437e-02 |  3 -0.01144  5.78902e+00
  4 -0.42401  2.27167e+01 |  5 -0.26946  3.65101e-01 |  6 -0.05925  8.11164e-01
  7 -0.21260 -1.28834e+00 |  8 -0.31800  1.75600e+01 |  9 -0.08802  6.31126e+00
 10 -0.07053  1.42951e-02 | 11 -0.04237  3.80036e-02 | 12 -0.04000  2.76837e-01
 13 -0.02785  2.25724e-01 | 14 -0.00380  3.22655e-01 | 15  0.02530  4.02880e-01
 16  0.13679  8.67964e-01 | 17  0.02914  4.06631e-01 | 18 -0.02312  2.91899e-01
 19  0.01809  5.74161e-01 | 20  0.09393  1.98535e+00 | 21 -0.04833  5.54540e-01
 22 -0.05930  4.91269e-01 | 23  0.01297  7.64328e-01 | 24  0.03045  5.55629e-01
 25  0.07140  6.40776e-01 | 26  0.03725  4.82238e-01 | 27  0.07308  5.85189e-01
 28  0.07718  6.21946e-01 | 29  0.03284  3.51328e-01 | 30  0.04060  2.79727e-01
 31  0.04266  3.28159e-01 | 32  0.04956  2.56698e-01 | 33  0.06657  2.98424e-01
 34  0.03024  1.42757e-01 | 35 -0.00574  3.70943e-01 | 36 -0.02442  1.62164e-01
 37 -0.00354  1.45348e-01 | 38  0.02704  3.75627e-01 | 39 -0.01052  2.41749e-01
 40 -0.02369  1.88723e-01 | 41 -0.03168  2.14014e-01 | 42  0.01824  2.66218e-01
 43  0.01624  9.37772e-02 | 44 -0.04817  1.15866e-01 | 45 -0.06490  1.98066e-01
 46 -0.04350  1.43618e-01 | 47 -0.04639  2.77225e-01 | 48  0.03005  4.11611e-01
 49  0.06976  4.48906e-01 | 50  0.02867  5.21127e-01 | 51  0.07653  6.31307e-01
 52 -0.00220  3.58472e-01 | 53  0.02248  4.52653e-01 | 54  0.07824  5.64934e-01
 55  0.12347  7.02889e-01 | 56  0.05363  4.65940e-01 | 57 -0.08943  1.91251e-01
 58 -0.06764  3.79423e-01 | 59 -0.06690  2.38234e-01 | 60 -0.05297  1.34006e-01
 61 -0.09471  4.02305e-02 | 62 -0.11845  8.38052e-02 | 63 -0.10569  5.01798e-02
 64 -0.08572 -7.18967e-02 | 65 -0.09254 -1.25157e-01 | 66 -0.01842 -2.58887e-01
 67  0.00000  0.00000e+00 | 68 -0.92439  8.78933e-01 | 69 -0.83062  2.49200e-01
 70 -0.80683  1.89551e-01 | 71 -0.66710  4.16218e-01 | 72 -0.75224  3.23131e-01
 73 -0.81012  5.48775e-01 | 74 -0.76524  4.55683e-01 | 75 -0.79366  5.36358e-01
 76 -0.84382  6.85597e-01 | 77 -0.85554  2.05605e-01 | 78 -0.74461  1.27762e-01
 79 -0.72896  4.34854e-02 | 80 -0.68726  1.28183e-02 | 81 -0.53993 -7.53035e-02
 82 -0.52637 -4.27297e-03 | 83 -0.51688  1.06675e-01 | 84 -0.59178  9.66774e-02
 85 -0.63441  1.08766e-01 | 86 -0.57434 -2.60749e-03 | 87 -0.52982  3.47344e-02
 88 -0.47366 -1.09156e-01 | 89 -0.46173  7.39107e-02 | 90 -0.44221 -8.26665e-02
 91 -0.51244  3.95105e-02 | 92 -0.50871  2.06486e-02 | 93 -0.55178  4.37204e-02
 94 -0.56546 -2.02335e-02 | 95 -0.59217  3.67247e-02 | 96 -0.56328  4.06198e-02
 97 -0.57670  2.39067e-02 | 98 -0.61733 -5.86528e-02 | 99 -0.53045 -1.33060e-01
100 -0.63342 -3.98448e-03 |101 -0.57751  5.56876e-02 |102 -0.65533  3.85912e-02
103 -0.63224  3.98144e-02 |104 -0.62613  7.91709e-02 |105 -0.55224 -9.31056e-02
106 -0.52908  1.52995e-02 |107 -0.55902  9.51781e-03 |108 -0.49836  4.87743e-02
109 -0.72704  6.12818e-02 |110 -0.70502  1.81956e-02 |111 -0.75705  4.38284e-02
112 -0.70137  2.73857e-02 |113 -0.65948  2.84317e-02 |114 -0.69786  4.92834e-02
115 -0.69553  4.36714e-02 |116 -0.86097  3.99069e-01 |117 -0.70448  1.33452e-01
118 -0.65833  6.15862e-02 |119 -0.44003  1.37984e-01 |120 -0.56155  2.12372e-01
121 -0.62680  1.37159e-01 |122 -0.58959  8.70159e-02 |123 -0.68471  3.01025e-01
124 -0.68797  3.96765e-01 |125 -0.61629  2.27575e-01 |126 -0.80958 -3.06898e-02
127 -0.87257  5.94839e-02 |128 -0.87415  1.15970e+00 |129 -0.83609  1.88670e-01
130 -0.82908  2.36124e-01 |131 -0.74262  5.32359e-02 |132 -0.80199  1.57386e-01
133 -0.82955  1.45721e-01 |134 -0.78371  1.07840e-01 |135 -0.78223  6.64873e-02
136 -0.73963  2.97042e-02 |137 -0.72327  2.24942e-02 |138 -0.66335  1.45514e-02
139 -0.64823  1.56144e-01 |140 -0.65362  9.04133e-03 |141 -0.58388 -7.40465e-02
142 -0.63363 -6.89993e-02 |143 -0.63684 -7.56053e-02 |144 -0.73656  8.59989e-02
145 -0.68771  1.39821e-01 |146 -0.62336  4.20743e-02 |147 -0.57301 -1.69251e-03
148 -0.53706  8.52938e-02 |149 -0.52887 -6.04640e-02 |150 -0.54521  2.39855e-02
151 -0.59119 -1.94307e-02 |152 -0.65805  6.64430e-02 |153 -0.58368  8.66174e-03
154 -0.54253  3.45396e-02 |155 -0.58592 -4.74689e-02 |156 -0.57191 -5.84866e-03
157 -0.72952  5.27391e-02 |158 -0.73122  3.30647e-02 |159 -0.82903  2.07996e-01
160 -0.70547  5.84957e-02 |161 -0.67683  1.05460e-01 |162 -0.66855  1.01723e-01
163 -0.67298  3.27717e-02 |164 -0.94310  9.86401e-01 |165 -0.91980  7.59739e-01
166 -0.96044  1.09400e+00 |167 -0.84558  3.78098e-01 |168 -0.77998  1.04033e-01
169 -0.77206  8.92729e-02 |170 -0.77269  9.03646e-02 |171 -0.78418  9.12460e-02
172 -0.71454  2.78442e-02 |173 -0.74098  8.40930e-03 |174 -0.66610 -6.39707e-02
175 -0.59149 -3.15806e-02 |176 -0.43105  1.01122e-01 |177 -0.44034  5.18876e-02
178 -0.58625  1.49638e-02 |179 -0.52898  9.64899e-02 |180 -0.49929  1.90349e-01
181 -0.46328  3.06988e-02 |182 -0.47972 -6.50626e-02 |183 -0.46278  1.11690e-02
184 -0.40500  2.07252e-02 |185 -0.36277  1.11685e-01 |186 -0.42386  6.76102e-02
187 -0.34535  2.71744e-02 |188 -0.28890  2.48908e-02 |189 -0.40028 -1.69570e-02
190 -0.47598  3.12503e-02 |191 -0.35554 -1.30104e-01 |192 -0.20217  3.98356e-02
193 -0.12901  3.96872e-02 |194 -0.21216 -7.20179e-02 |195 -0.59266  7.52827e-02
196 -0.59777  4.05729e-02 |197 -0.81255  1.36318e-01 |198 -0.64050 -8.98336e-03
199 -0.59229  2.20855e-03 |200 -0.65430  9.99006e-02 |201 -0.60519  5.20080e-03
202  0.02837  2.20878e-02 |203  0.02328  7.69053e-01 |204  0.02965  2.09079e-01
205  0.03654 -5.05227e-01 |206  0.01029  4.05019e-04 |207  0.34103  5.58537e-01
208 -0.02115  1.41278e-04 |209  0.26122 -5.93957e-01 |210 -0.00155 -5.02597e-05
211  0.34037  6.49148e-01 |212  0.33473  4.05479e-01 |213 -0.29906 -4.63389e-04
214  0.33273 -4.58395e-01 |215 -0.11584  4.23328e-02 |216 -0.00114  4.20720e-01
217  0.14991  7.77319e-02 |218 -0.28114 -1.09394e-03 |219  0.35931  2.71003e-02
220 -0.00908  1.82884e-02 |221  0.07480 -5.64246e-02 |222 -0.07592 -6.36218e-02
223  0.22751  1.32211e-01 |224 -0.32473 -2.48091e-04 |225  0.30788 -1.28660e-01
226 -0.03805  6.33653e-02 |227 -0.03390  7.25202e-02 |228  0.44596  2.68631e-01
229  0.43105 -9.13988e-02 |230  0.38183  6.30395e-02 |231  0.22757  3.06264e-04
232  0.00290 -5.84924e-07 |233  0.00430  2.92630e-04 |234  0.00516 -2.12502e-05
235  0.40521 -4.62485e-01 |236  0.41397  2.22390e-02 |237  0.40947 -3.90806e-01
238  0.42207  1.31814e-01 |239  0.01296  1.55803e-05 |240  0.02095 -3.40211e-05
241  0.06558  1.97753e-03 |242  0.03025  1.77884e-04 |243  0.38452 -1.19514e-01
244  0.28520  1.85702e-01 |245  0.35804 -1.28818e-01 |246  0.39309 -1.30656e-01
247  0.21264 -2.19524e-04 |248 -0.00454  1.40807e-06 |249 -0.00517  1.43423e-05
250  0.01367 -2.46128e-05 |251  0.36646  9.77222e-02 |252  0.35066 -7.10609e-03
253  0.35980 -1.66374e-01 |254  0.37098  2.52524e-01 |255  0.39742  3.55273e-02
256  0.70290  5.99814e-03 |257  0.35812  4.62642e-02 |258  0.22192  1.20062e-02
259  0.10704  1.58850e-02 |260  0.02438  4.83167e-04 |261  0.05463 -4.93866e-05
262  0.41223 -4.02222e-02 |263  0.36198  4.01085e-02 |264 -0.11497  6.44324e-04
265 -0.10231 -3.29225e-05 |266  0.11098 -6.78776e-02 |267  0.15829 -8.86291e-02
268 -0.03124  2.97529e-02 |269 -0.02237 -1.00384e-01 |270  0.00163  2.96131e-02
271  0.03666 -5.70220e-01 |272 -0.02330 -1.69585e-01 |273 -0.01998 -7.79086e-02
274  0.00271 -1.69824e-01 |275 -0.02591 -1.32395e-01 |276  0.04702 -2.14923e-01
277 -0.00259  1.60674e-02 |278 -0.00018  1.27698e-01 |279  0.00290 -1.97059e-03
280  0.03523  7.36820e-02 |281 -0.01782  4.93230e-02 |282  0.00073 -8.41535e-02
283 -0.00103  1.60595e-02 |284  0.00486  1.31831e-01 |285 -0.02340  2.08747e-02
286  0.00278  1.10931e-01 |287 -0.01488  6.05258e-02 |288 -0.05417  1.06292e-01
289  0.02398  1.57508e-01 |290  0.03801  9.19627e-02 |291  0.00210 -3.60675e-02
292 -0.00964 -4.37166e-02 |293  0.04780 -8.85796e-02 |294  0.00000  1.53579e-05
295  0.00000  2.39491e-06 |296  0.00000  7.08443e-06 |297  0.00000  3.29049e-06
298 -0.00000 -1.50439e-06 |299  0.00000  1.02560e-06 |300  0.00000  2.95953e-06
301  0.00000 -1.60120e-06 |302 -0.00000  1.00623e-06 |303  0.00000  6.96323e-06
304  0.00000  1.04659e-05 |305  0.00000  1.09757e-06 |306 -0.00000 -4.28599e-06
307 -0.02632 -2.08144e-02 |308 -0.04013  9.65105e-02 |309  0.00479 -4.41496e-01
310 -0.03024 -3.84420e-01 |311 -0.04208 -4.46113e-02 |312 -0.04050  2.39521e-02
313  0.00302 -2.06398e-01 |314  0.09103 -5.04049e-01 |315  0.08356 -6.36789e-02
316  0.00181  1.17625e-01 |317 -0.01040  1.46398e-01 |318  0.00019 -4.33966e-01
319 -0.00601  3.40082e-04 |320 -0.02873 -2.45613e-02 |321  0.01590  1.84280e-01
322 -0.02411  7.29408e-02 |323 -0.02295 -2.43664e-02 |324 -0.04427 -4.91740e-02
325  0.00572  2.05574e-01 |326  0.06215  3.27144e-01 |327  0.05559  5.23657e-02
328 -0.00073  1.14341e-02 |329 -0.00733  2.67316e-01 |330  0.00028  2.98736e-01
330 variables; iteration 320; function evaluation 354; phase 10
Function value 2.0480690e+03; maximum gradient component mag 1.2898e+00
Var    Value     Gradient |Var    Value     Gradient |Var    Value     Gradient
  1 -0.35367 -9.40872e-01 |  2 -0.91083 -1.12716e-02 |  3 -0.01144  3.35256e-01
  4 -0.42411  1.28984e+00 |  5 -0.26970  1.96933e-02 |  6 -0.05905  4.54850e-02
  7 -0.21159 -1.41979e-01 |  8 -0.31668  1.17333e+00 |  9 -0.08757  2.98841e-01
 10 -0.06996  3.59883e-03 | 11 -0.04213 -1.54004e-03 | 12 -0.04021  1.89988e-02
 13 -0.02786  5.07194e-03 | 14 -0.00382  2.73213e-02 | 15  0.02534  3.40660e-02
 16  0.13649  4.37752e-02 | 17  0.02876  1.12614e-02 | 18 -0.02333  5.15237e-03
 19  0.01762  1.58876e-02 | 20  0.09465 -3.31893e-02 | 21 -0.04778 -1.09737e-02
 22 -0.05865 -8.56992e-03 | 23  0.01360 -1.02963e-02 | 24  0.03091 -2.66352e-03
 25  0.07169  1.51586e-02 | 26  0.03740  3.96409e-02 | 27  0.07337  6.19119e-02
 28  0.07725  5.22608e-02 | 29  0.03290  3.99387e-02 | 30  0.04069  3.64993e-02
 31  0.04273  4.54500e-02 | 32  0.04962  3.63529e-02 | 33  0.06660  5.02966e-02
 34  0.03027  2.92257e-02 | 35 -0.00589  4.37925e-02 | 36 -0.02449  1.67881e-02
 37 -0.00363  3.93321e-02 | 38  0.02692  4.75740e-02 | 39 -0.01064  4.60755e-02
 40 -0.02379  3.58656e-02 | 41 -0.03182  4.10315e-02 | 42  0.01816  4.60483e-02
 43  0.01612  3.35435e-02 | 44 -0.04829  2.68841e-02 | 45 -0.06511  2.03765e-02
 46 -0.04363  2.59335e-02 | 47 -0.04658  2.88886e-02 | 48  0.02988  3.99571e-02
 49  0.06960  4.57556e-02 | 50  0.02848  3.59694e-02 | 51  0.07638  5.81024e-02
 52 -0.00236  3.49922e-02 | 53  0.02231  4.96399e-02 | 54  0.07809  6.60038e-02
 55  0.12341  9.42663e-02 | 56  0.05369  7.22136e-02 | 57 -0.08932  2.75834e-02
 58 -0.06758  3.92335e-02 | 59 -0.06685  3.36616e-02 | 60 -0.05301  3.11695e-02
 61 -0.09476  5.67516e-03 | 62 -0.11856  6.36881e-03 | 63 -0.10578  1.54366e-02
 64 -0.08580 -9.92938e-03 | 65 -0.09252 -1.10116e-02 | 66 -0.01774 -1.05171e-02
 67  0.00000  0.00000e+00 | 68 -0.92471  6.81735e-02 | 69 -0.83129  2.47804e-02
 70 -0.80773  6.11046e-02 | 71 -0.66865  2.17391e-02 | 72 -0.75357 -6.13915e-03
 73 -0.81119 -2.45043e-02 | 74 -0.76662 -1.05388e-02 | 75 -0.79483 -1.40890e-02
 76 -0.84466 -2.06619e-02 | 77 -0.85616 -8.72313e-02 | 78 -0.74556  4.62260e-03
 79 -0.72981 -5.40568e-03 | 80 -0.68811  2.68841e-03 | 81 -0.54106 -3.34127e-03
 82 -0.52749 -3.66083e-04 | 83 -0.51804 -7.35413e-03 | 84 -0.59270  1.23074e-02
 85 -0.63515  8.36707e-03 | 86 -0.57512 -2.71236e-03 | 87 -0.53064  5.75385e-03
 88 -0.47449  5.68692e-03 | 89 -0.46262 -5.52266e-04 | 90 -0.44315 -6.54422e-03
 91 -0.51334 -3.21037e-03 | 92 -0.50960  1.54387e-03 | 93 -0.55256  5.08984e-03
 94 -0.56619  1.29082e-02 | 95 -0.59285  4.46181e-03 | 96 -0.56386  4.61336e-03
 97 -0.57721  5.18527e-03 | 98 -0.61780  1.42008e-03 | 99 -0.53104  2.88575e-03
100 -0.63391  1.29092e-03 |101 -0.57808 -6.42308e-04 |102 -0.65582  4.51163e-03
103 -0.63277  4.06893e-03 |104 -0.62666  1.76560e-03 |105 -0.55282  6.33363e-03
106 -0.52971 -4.94580e-03 |107 -0.55965 -5.01304e-03 |108 -0.49922  1.87002e-04
109 -0.72754  8.87563e-03 |110 -0.70553  8.85519e-03 |111 -0.75741  9.13229e-03
112 -0.70177  5.57743e-03 |113 -0.65991  4.34127e-03 |114 -0.69821  6.63112e-03
115 -0.69585  7.61698e-03 |116 -0.86159  2.85514e-02 |117 -0.70565  1.50671e-02
118 -0.65972  1.76527e-02 |119 -0.44271  8.77882e-03 |120 -0.56394  9.77138e-03
121 -0.62893  7.46393e-03 |122 -0.59204  4.91518e-03 |123 -0.68669 -5.01227e-03
124 -0.69011 -1.65561e-02 |125 -0.61873 -1.37044e-02 |126 -0.81050 -7.90924e-02
127 -0.87302  1.09926e-02 |128 -0.87447  7.97475e-02 |129 -0.83648  2.34188e-02
130 -0.82946  2.58552e-02 |131 -0.74318  7.46181e-03 |132 -0.80240  1.57733e-02
133 -0.82987  1.24091e-02 |134 -0.78408  1.04945e-02 |135 -0.78257  1.52949e-02
136 -0.74002  6.43382e-03 |137 -0.72368  5.97795e-03 |138 -0.66389  1.34691e-03
139 -0.64885  4.66142e-03 |140 -0.65422 -6.57519e-04 |141 -0.58458 -8.81586e-05
142 -0.63423  5.06801e-03 |143 -0.63741  1.88676e-03 |144 -0.73699  8.95953e-03
145 -0.68819  4.99299e-03 |146 -0.62384  3.56432e-03 |147 -0.57357  8.06365e-04
148 -0.53771  4.02445e-03 |149 -0.52951 -4.11139e-03 |150 -0.54588  5.64419e-03
151 -0.59179  7.91224e-03 |152 -0.65854  5.85845e-03 |153 -0.58424  6.86684e-04
154 -0.54313  1.24010e-02 |155 -0.58649  1.06963e-02 |156 -0.57256 -1.13917e-03
157 -0.72998  7.40246e-03 |158 -0.73165  8.38006e-03 |159 -0.82927  1.69372e-02
160 -0.70582  5.00794e-03 |161 -0.67720  5.54784e-03 |162 -0.66891  6.40004e-03
163 -0.67329  4.04451e-03 |164 -0.94330  6.74017e-02 |165 -0.92005  6.63895e-02
166 -0.96054  1.84069e-01 |167 -0.84595  2.94307e-02 |168 -0.78049  1.27908e-02
169 -0.77257  1.01625e-02 |170 -0.77319  1.07545e-02 |171 -0.78460  1.44875e-02
172 -0.71506  7.76419e-03 |173 -0.74142  3.61072e-03 |174 -0.66663  3.42960e-03
175 -0.59214  4.39229e-03 |176 -0.43210  1.01768e-03 |177 -0.44140 -2.81409e-03
178 -0.58699 -3.20283e-03 |179 -0.52984  1.72163e-03 |180 -0.50021 -1.36459e-02
181 -0.46421 -1.34240e-03 |182 -0.48055  2.04909e-03 |183 -0.46359 -4.84814e-03
184 -0.40585  1.74330e-03 |185 -0.36377  1.08352e-02 |186 -0.42476 -3.79774e-03
187 -0.34639  7.23955e-03 |188 -0.29012  2.88175e-03 |189 -0.40127  1.53292e-03
190 -0.47681 -3.86528e-03 |191 -0.35648 -9.40623e-03 |192 -0.20344 -2.19525e-04
193 -0.13057  4.51969e-03 |194 -0.21343 -6.59681e-04 |195 -0.59337  6.84675e-03
196 -0.59844  7.28091e-03 |197 -0.81281  1.87849e-02 |198 -0.64092  5.10706e-03
199 -0.59274 -2.14362e-03 |200 -0.65466  5.46954e-03 |201 -0.60555  8.35566e-03
202  0.02815  3.14814e-02 |203  0.02304  1.48620e-01 |204  0.02992  2.53942e-02
205  0.03647 -3.50813e-03 |206 -0.00353  1.32191e-04 |207  0.34088  1.26704e-03
208 -0.02651  6.94316e-05 |209  0.26106  1.82673e-02 |210  0.00080 -4.16004e-05
211  0.34048 -5.63788e-02 |212  0.33470  9.88660e-03 |213 -0.28542 -9.83786e-06
214  0.33269 -6.05126e-03 |215 -0.11546  5.25586e-03 |216 -0.00118  4.50094e-02
217  0.14999  4.59065e-03 |218 -0.24019 -2.76288e-04 |219  0.35923  3.39401e-03
220 -0.00956  2.56133e-03 |221  0.07457  8.75299e-04 |222 -0.07568 -2.13560e-03
223  0.22755 -7.66516e-03 |224 -0.31845  2.67159e-06 |225  0.30787  5.43664e-03
226 -0.03799  7.49176e-03 |227 -0.03390  1.11564e-02 |228  0.44589  1.54881e-02
229  0.43124 -9.59305e-03 |230  0.38193  4.55472e-03 |231  0.21820  3.39231e-05
232  0.00293 -3.54517e-07 |233 -0.00951  2.49037e-04 |234  0.00622 -2.12447e-05
235  0.40516 -2.73401e-02 |236  0.41398  1.42445e-02 |237  0.40943 -1.28574e-02
238  0.42199  2.05906e-02 |239  0.01288 -1.79237e-05 |240  0.02246 -2.49868e-05
241 -0.03723  2.16711e-03 |242  0.02242  1.28008e-04 |243  0.38454 -2.70997e-02
244  0.28505 -4.70346e-03 |245  0.35809 -6.06522e-03 |246  0.39334 -3.31887e-02
247  0.21879 -2.12243e-05 |248 -0.00460  9.92211e-07 |249 -0.00582  1.05962e-05
250  0.01483 -2.15374e-05 |251  0.36643  3.58678e-02 |252  0.35057 -1.36083e-03
253  0.35978  7.45882e-03 |254  0.37099  2.70892e-02 |255  0.39765 -8.38220e-03
256  0.53865 -2.28515e-03 |257  0.35813  1.16380e-02 |258  0.22170  4.92304e-03
259  0.10719  8.34429e-03 |260  0.00548  2.23935e-04 |261  0.05657 -2.06840e-05
262  0.41199  1.78425e-03 |263  0.36197  3.82238e-03 |264 -0.14062  3.02684e-04
265 -0.10127  7.09276e-07 |266  0.11089  1.06267e-03 |267  0.15795  4.76505e-04
268 -0.03129 -6.40737e-03 |269 -0.02212 -4.20690e-03 |270  0.00130 -2.42591e-02
271  0.03677 -3.26555e-02 |272 -0.02325 -1.77306e-02 |273 -0.02004  4.09909e-03
274  0.00270  2.63858e-03 |275 -0.02596  3.81942e-04 |276  0.04693  1.25547e-03
277 -0.00283  4.19223e-02 |278 -0.00029  2.68637e-02 |279  0.00294 -8.20614e-03
280  0.03527  2.55902e-02 |281 -0.01790  1.08603e-02 |282  0.00101 -2.88444e-03
283 -0.00098  1.48570e-02 |284  0.00504  1.70293e-02 |285 -0.02328  8.29023e-03
286  0.00278  5.15830e-03 |287 -0.01478  3.86986e-03 |288 -0.05414  7.01546e-03
289  0.02404 -1.10118e-02 |290  0.03792 -2.19657e-03 |291  0.00209 -1.12772e-02
292 -0.00951 -1.59254e-03 |293  0.04791  9.81731e-03 |294  0.00002  4.70705e-03
295  0.00003  7.22371e-03 |296  0.00005  1.18785e-02 |297 -0.00000 -1.23588e-03
298  0.00001  2.36416e-03 |299  0.00001  2.44063e-03 |300  0.00002  3.85588e-03
301  0.00006  1.50814e-02 |302 -0.00004 -9.08076e-03 |303  0.00002  4.75513e-03
304 -0.00009 -2.26763e-02 |305  0.00001  2.83721e-03 |306 -0.00000 -5.21914e-04
307 -0.02618  5.77730e-04 |308 -0.04001  4.71502e-03 |309  0.00493 -6.15675e-02
310 -0.03015 -2.67658e-02 |311 -0.04203 -7.94428e-03 |312 -0.04047  3.45134e-03
313  0.00288  2.15085e-02 |314  0.09086  3.43991e-02 |315  0.08332  8.25500e-02
316  0.00150  5.66959e-02 |317 -0.01078  1.22869e-02 |318  0.00015 -3.00463e-02
319 -0.00604  1.00732e-02 |320 -0.02878  3.09502e-03 |321  0.01586  4.00659e-02
322 -0.02415  1.27577e-02 |323 -0.02305 -1.48334e-03 |324 -0.04437  4.14666e-05
325  0.00547  9.56005e-04 |326  0.06200 -3.38785e-02 |327  0.05538 -6.54508e-02
328 -0.00087 -2.86737e-02 |329 -0.00817  1.19120e-02 |330 -0.00020  1.89287e-02
330 variables; iteration 340; function evaluation 379; phase 10
Function value 2.0480687e+03; maximum gradient component mag 1.2557e-02
Var    Value     Gradient |Var    Value     Gradient |Var    Value     Gradient
  1 -0.35361 -5.74024e-03 |  2 -0.91052  1.86433e-04 |  3 -0.01144  2.90700e-03
  4 -0.42412  1.25571e-02 |  5 -0.26973  2.08773e-04 |  6 -0.05903  4.19472e-04
  7 -0.21155 -4.58733e-04 |  8 -0.31660  7.19189e-03 |  9 -0.08755  6.58851e-03
 10 -0.06993  1.14900e-04 | 11 -0.04211  1.21029e-04 | 12 -0.04023  1.30070e-04
 13 -0.02783  2.17776e-04 | 14 -0.00383  2.86807e-04 | 15  0.02532  4.32243e-04
 16  0.13649  1.06710e-03 | 17  0.02874  4.61337e-04 | 18 -0.02334  2.66270e-04
 19  0.01758  2.70889e-04 | 20  0.09466  6.89120e-04 | 21 -0.04777  9.06157e-05
 22 -0.05865 -3.47163e-05 | 23  0.01361 -2.14930e-04 | 24  0.03092 -5.03641e-04
 25  0.07169 -7.51297e-04 | 26  0.03738 -2.96778e-04 | 27  0.07336  1.59744e-05
 28  0.07725  1.57334e-04 | 29  0.03288  1.24016e-04 | 30  0.04068  1.34379e-04
 31  0.04271  1.47657e-04 | 32  0.04960  1.96354e-04 | 33  0.06658  1.97556e-04
 34  0.03025  9.50777e-05 | 35 -0.00592  1.04140e-04 | 36 -0.02450  9.05960e-05
 37 -0.00366  1.34181e-04 | 38  0.02690  1.89724e-04 | 39 -0.01066  1.31204e-04
 40 -0.02381  1.20308e-04 | 41 -0.03184  1.50738e-04 | 42  0.01814  2.13145e-04
 43  0.01609  1.03554e-04 | 44 -0.04831  2.53398e-05 | 45 -0.06513  9.74243e-05
 46 -0.04365  1.24621e-04 | 47 -0.04661  2.08057e-04 | 48  0.02985  3.27494e-04
 49  0.06958  2.61565e-04 | 50  0.02845  1.74242e-04 | 51  0.07636  2.27872e-04
 52 -0.00239  9.95948e-05 | 53  0.02228  1.89390e-04 | 54  0.07807  2.86941e-04
 55  0.12339  2.07818e-04 | 56  0.05367  7.37940e-05 | 57 -0.08934  7.12128e-05
 58 -0.06760  2.02697e-04 | 59 -0.06686  2.12289e-04 | 60 -0.05303  2.29965e-04
 61 -0.09477  7.85751e-05 | 62 -0.11858  9.46289e-05 | 63 -0.10580  1.61319e-05
 64 -0.08581  3.26645e-05 | 65 -0.09253 -3.69962e-06 | 66 -0.01772  9.37560e-06
 67  0.00000  0.00000e+00 | 68 -0.92473  1.39777e-03 | 69 -0.83133  5.61452e-04
 70 -0.80777  6.27601e-04 | 71 -0.66873  4.17330e-04 | 72 -0.75363  1.79998e-04
 73 -0.81123  2.03506e-04 | 74 -0.76668  1.78235e-04 | 75 -0.79488  2.17854e-04
 76 -0.84469  1.48039e-04 | 77 -0.85619  2.00497e-04 | 78 -0.74561  7.35085e-05
 79 -0.72984  2.71123e-05 | 80 -0.68816  1.49815e-05 | 81 -0.54111 -1.61743e-05
 82 -0.52755 -5.46142e-06 | 83 -0.51809  1.63465e-05 | 84 -0.59275  5.67354e-06
 85 -0.63518  2.26028e-05 | 86 -0.57516  1.22544e-05 | 87 -0.53068  3.01183e-06
 88 -0.47453 -2.79288e-05 | 89 -0.46266  1.26783e-05 | 90 -0.44320 -6.74953e-06
 91 -0.51337  2.25303e-05 | 92 -0.50964  6.80143e-06 | 93 -0.55259  1.00966e-05
 94 -0.56623 -3.98898e-06 | 95 -0.59288  2.62374e-05 | 96 -0.56389  2.26863e-05
 97 -0.57723  7.82979e-06 | 98 -0.61783  1.98702e-06 | 99 -0.53107 -8.63070e-06
100 -0.63393  4.22436e-05 |101 -0.57811  3.20208e-05 |102 -0.65584  2.83681e-05
103 -0.63280  1.51071e-05 |104 -0.62668  1.36402e-05 |105 -0.55285 -1.85172e-05
106 -0.52974  2.63199e-05 |107 -0.55968  3.32823e-05 |108 -0.49926  1.28546e-05
109 -0.72757  3.29785e-06 |110 -0.70555 -1.00363e-05 |111 -0.75743  3.91061e-05
112 -0.70179  3.92592e-05 |113 -0.65993  3.12037e-05 |114 -0.69823  3.49411e-05
115 -0.69587  5.23803e-05 |116 -0.86163  3.52337e-04 |117 -0.70571  2.40181e-04
118 -0.65980  1.85495e-04 |119 -0.44284  1.90087e-04 |120 -0.56405  1.75411e-04
121 -0.62902  7.26000e-05 |122 -0.59214  7.31475e-05 |123 -0.68677  1.62521e-04
124 -0.69018  2.28464e-04 |125 -0.61882  2.06440e-04 |126 -0.81054 -4.56111e-03
127 -0.87304  2.23972e-04 |128 -0.87449 -4.45816e-04 |129 -0.83650  1.44671e-04
130 -0.82948  7.74658e-05 |131 -0.74321  3.55776e-05 |132 -0.80242  5.65914e-05
133 -0.82989  8.38143e-05 |134 -0.78410  4.35608e-05 |135 -0.78259  5.49800e-05
136 -0.74004  1.10087e-05 |137 -0.72370  1.57585e-05 |138 -0.66391  3.58363e-05
139 -0.64887  3.25178e-05 |140 -0.65424  3.12977e-05 |141 -0.58461 -6.35707e-06
142 -0.63426  4.30408e-06 |143 -0.63744  2.07437e-05 |144 -0.73701  2.26927e-05
145 -0.68821 -3.70544e-06 |146 -0.62387  2.00089e-05 |147 -0.57360  2.31515e-05
148 -0.53774  4.02206e-05 |149 -0.52955  2.54891e-05 |150 -0.54591  1.61917e-05
151 -0.59183  7.86217e-06 |152 -0.65856  1.77324e-05 |153 -0.58426  1.08562e-05
154 -0.54317  2.34649e-05 |155 -0.58652  2.19785e-05 |156 -0.57258  1.79996e-05
157 -0.73000  3.28408e-06 |158 -0.73167 -1.46086e-05 |159 -0.82928  1.30777e-04
160 -0.70583  4.42611e-05 |161 -0.67721  3.80741e-05 |162 -0.66892  3.84933e-05
163 -0.67330  3.41788e-05 |164 -0.94331  3.11902e-04 |165 -0.92006  3.60495e-04
166 -0.96055  8.77331e-04 |167 -0.84597  1.42066e-04 |168 -0.78051  6.39241e-05
169 -0.77260  4.31773e-05 |170 -0.77321  4.70530e-05 |171 -0.78462  1.93489e-05
172 -0.71509  2.51045e-05 |173 -0.74144  4.05835e-05 |174 -0.66666  1.46818e-05
175 -0.59217  6.37203e-06 |176 -0.43214  2.19022e-05 |177 -0.44145  2.38317e-05
178 -0.58703  1.85223e-05 |179 -0.52988  1.35383e-05 |180 -0.50025  4.88620e-05
181 -0.46425  6.18343e-06 |182 -0.48059 -7.69324e-06 |183 -0.46363  4.35719e-07
184 -0.40590  1.48015e-06 |185 -0.36382  1.77284e-05 |186 -0.42481  2.85072e-05
187 -0.34645  7.10190e-06 |188 -0.29018 -2.99525e-06 |189 -0.40132 -1.20799e-05
190 -0.47685 -1.29686e-06 |191 -0.35652 -2.25349e-05 |192 -0.20350  9.41342e-06
193 -0.13064  7.43441e-06 |194 -0.21349 -1.10578e-05 |195 -0.59341 -7.09022e-06
196 -0.59847 -2.22537e-05 |197 -0.81282  6.03296e-05 |198 -0.64094  3.29369e-05
199 -0.59276  2.52261e-05 |200 -0.65468  3.13906e-05 |201 -0.60557  7.12170e-06
202  0.02814  2.41111e-04 |203  0.02303  1.05804e-04 |204  0.02994 -9.00480e-05
205  0.03647 -5.57388e-04 |206 -0.01846 -5.39534e-05 |207  0.34089  6.56260e-04
208 -0.03403 -1.21350e-05 |209  0.26105  1.69687e-04 |210  0.00611 -2.13747e-05
211  0.34049  6.72669e-05 |212  0.33470 -3.08754e-05 |213 -0.28542 -1.14192e-05
214  0.33269  2.14867e-04 |215 -0.11544  4.90161e-05 |216 -0.00118  2.24396e-04
217  0.14999 -2.28220e-05 |218 -0.23200 -3.46720e-05 |219  0.35923  5.50932e-05
220 -0.00959 -3.63783e-06 |221  0.07456 -1.05459e-05 |222 -0.07566 -5.42546e-05
223  0.22755 -1.72840e-04 |224 -0.31872 -9.86271e-06 |225  0.30787  3.38124e-04
226 -0.03798  2.02103e-05 |227 -0.03390  8.02565e-06 |228  0.44589  7.38680e-05
229  0.43126 -4.50790e-05 |230  0.38194 -8.58041e-05 |231  0.21528 -3.49546e-05
232  0.00297 -1.69305e-08 |233 -0.03638  5.19824e-06 |234  0.00912 -1.85044e-05
235  0.40515 -8.56590e-05 |236  0.41398  5.73655e-05 |237  0.40943  2.01073e-04
238  0.42198  1.90903e-04 |239  0.01553 -1.54054e-05 |240  0.02551 -7.62513e-06
241 -0.26057  1.61831e-05 |242  0.00693  3.44646e-05 |243  0.38455 -1.16299e-04
244  0.28506  5.15890e-05 |245  0.35809 -1.78324e-04 |246  0.39337 -4.32404e-05
247  0.22001  1.41218e-05 |248 -0.00472  3.22646e-07 |249 -0.00711  3.06238e-06
250  0.01764 -1.40343e-05 |251  0.36643  1.59935e-04 |252  0.35058  1.25706e-05
253  0.35978  2.93865e-04 |254  0.37100  1.56315e-04 |255  0.39766 -3.81107e-05
256  0.55679 -1.01123e-05 |257  0.35813  1.07270e-04 |258  0.22166 -1.27306e-05
259  0.10717 -4.34516e-05 |260 -0.02077 -2.25761e-05 |261  0.05886  2.98022e-07
262  0.41196  1.43728e-05 |263  0.36195  7.47608e-05 |264 -0.17238 -1.08174e-04
265 -0.10175  1.45809e-05 |266  0.11090 -2.84347e-05 |267  0.15794 -5.27318e-05
268 -0.03130 -7.76045e-05 |269 -0.02211 -7.41801e-05 |270  0.00131 -1.68432e-04
271  0.03677 -6.11938e-04 |272 -0.02324 -5.92778e-05 |273 -0.02004 -4.22521e-05
274  0.00270 -1.31536e-04 |275 -0.02596 -5.71279e-05 |276  0.04693 -1.00241e-04
277 -0.00291 -5.85353e-05 |278 -0.00030 -1.03405e-05 |279  0.00295  1.74416e-05
280  0.03525 -6.84830e-06 |281 -0.01793  3.68924e-05 |282  0.00101  4.68891e-05
283 -0.00099  7.97269e-05 |284  0.00503  3.13421e-04 |285 -0.02328  1.67729e-05
286  0.00277  3.12037e-05 |287 -0.01480  4.99995e-05 |288 -0.05415  2.99801e-05
289  0.02404  1.10136e-04 |290  0.03786  3.73367e-05 |291  0.00208  2.05030e-06
292 -0.00951 -2.11292e-06 |293  0.04788 -2.07246e-05 |294 -0.00000 -2.85218e-05
295  0.00000  6.01190e-05 |296 -0.00000 -2.58404e-05 |297  0.00000  9.04657e-06
298 -0.00000 -6.99409e-05 |299 -0.00000 -1.33099e-04 |300  0.00000  4.92321e-05
301 -0.00000 -3.53270e-05 |302 -0.00000 -8.54168e-05 |303  0.00000  3.84824e-05
304 -0.00000 -1.47828e-05 |305 -0.00000 -1.36279e-04 |306 -0.00000 -1.16187e-04
307 -0.02618 -3.13530e-05 |308 -0.04001 -1.31703e-04 |309  0.00493 -4.98374e-04
310 -0.03015 -2.68728e-04 |311 -0.04203 -1.84959e-06 |312 -0.04047 -3.94496e-05
313  0.00287 -1.27546e-04 |314  0.09086 -4.14006e-04 |315  0.08332 -4.68432e-04
316  0.00150  2.70495e-03 |317 -0.01081 -7.82483e-05 |318  0.00015  1.74280e-04
319 -0.00606 -2.94400e-05 |320 -0.02880  3.47236e-05 |321  0.01585  2.81300e-04
322 -0.02416  6.43256e-05 |323 -0.02305  1.04819e-05 |324 -0.04439 -7.51408e-06
325  0.00545  5.69419e-05 |326  0.06199  3.52263e-04 |327  0.05536  3.84155e-04
328 -0.00085 -1.08997e-03 |329 -0.00822  4.08420e-05 |330 -0.00023 -5.90141e-05
330 variables; iteration 360; function evaluation 408; phase 10
Function value 2.0480687e+03; maximum gradient component mag 4.7151e-03
Var    Value     Gradient |Var    Value     Gradient |Var    Value     Gradient
  1 -0.35361 -1.75263e-03 |  2 -0.91052  1.41120e-06 |  3 -0.01144  7.82043e-04
  4 -0.42412  3.22461e-03 |  5 -0.26973  4.39069e-05 |  6 -0.05903  6.99816e-05
  7 -0.21155  3.93713e-05 |  8 -0.31660  2.11253e-03 |  9 -0.08755  1.23859e-03
 10 -0.06993  4.29389e-05 | 11 -0.04211  4.28774e-05 | 12 -0.04023  3.54794e-05
 13 -0.02783  6.40363e-05 | 14 -0.00383  9.09556e-05 | 15  0.02532  9.90040e-05
 16  0.13649  1.98750e-04 | 17  0.02874  5.52081e-05 | 18 -0.02334  2.35327e-05
 19  0.01758 -8.05567e-06 | 20  0.09466 -3.67480e-04 | 21 -0.04777 -1.30190e-04
 22 -0.05865 -2.28313e-05 | 23  0.01361  2.29478e-04 | 24  0.03092  5.35102e-04
 25  0.07169  8.34850e-04 | 26  0.03738  3.68640e-04 | 27  0.07336  1.26254e-05
 28  0.07725 -1.02618e-04 | 29  0.03288 -7.60963e-05 | 30  0.04068 -8.22901e-05
 31  0.04271 -6.53146e-05 | 32  0.04960 -7.78028e-05 | 33  0.06658 -7.97312e-05
 34  0.03025 -7.49504e-05 | 35 -0.00592 -3.04468e-05 | 36 -0.02450 -4.25984e-05
 37 -0.00366 -7.58199e-05 | 38  0.02690 -8.04962e-05 | 39 -0.01066 -5.23430e-05
 40 -0.02381 -3.60155e-05 | 41 -0.03184  6.70606e-06 | 42  0.01814  4.98846e-05
 43  0.01609  4.93879e-05 | 44 -0.04831  3.39625e-05 | 45 -0.06513  4.84490e-05
 46 -0.04365  5.32521e-05 | 47 -0.04661  7.51617e-05 | 48  0.02985  1.35736e-04
 49  0.06958  1.56027e-04 | 50  0.02845  1.09211e-04 | 51  0.07636  1.20915e-04
 52 -0.00239  3.16691e-05 | 53  0.02228  1.61076e-05 | 54  0.07807  2.84926e-05
 55  0.12339 -2.06641e-05 | 56  0.05367 -7.09251e-05 | 57 -0.08934 -2.41022e-05
 58 -0.06760 -1.54030e-05 | 59 -0.06686 -9.23363e-06 | 60 -0.05303  1.27607e-07
 61 -0.09477  7.12241e-06 | 62 -0.11858  4.50914e-07 | 63 -0.10580  8.30526e-06
 64 -0.08581  4.24431e-06 | 65 -0.09253 -1.03082e-05 | 66 -0.01772 -5.54992e-09
 67  0.00000  0.00000e+00 | 68 -0.92473  6.71477e-05 | 69 -0.83133  8.23297e-05
 70 -0.80777  6.05588e-05 | 71 -0.66873  1.83011e-05 | 72 -0.75363 -1.00004e-04
 73 -0.81123 -1.87802e-04 | 74 -0.76668 -1.58615e-04 | 75 -0.79488 -2.42259e-04
 76 -0.84469 -1.45166e-04 | 77 -0.85619 -2.32505e-04 | 78 -0.74561 -4.33569e-05
 79 -0.72984  1.53595e-05 | 80 -0.68816  1.69764e-05 | 81 -0.54111  1.45424e-05
 82 -0.52755  1.36847e-05 | 83 -0.51809  2.70508e-05 | 84 -0.59275  6.18033e-06
 85 -0.63518  2.65029e-06 | 86 -0.57516  6.44822e-06 | 87 -0.53068  1.32514e-05
 88 -0.47453 -6.43761e-06 | 89 -0.46266  2.42724e-05 | 90 -0.44320  1.28062e-05
 91 -0.51337  1.48720e-05 | 92 -0.50964  5.32228e-06 | 93 -0.55259  6.90031e-06
 94 -0.56623 -4.65425e-06 | 95 -0.59288  8.87796e-06 | 96 -0.56389 -8.75786e-06
 97 -0.57723 -8.14169e-06 | 98 -0.61783  8.56440e-07 | 99 -0.53107 -9.72299e-06
100 -0.63393  2.29433e-05 |101 -0.57811  2.16832e-05 |102 -0.65584  2.13796e-05
103 -0.63280  2.41425e-05 |104 -0.62668  1.82636e-05 |105 -0.55285 -4.68078e-06
106 -0.52974  1.93475e-05 |107 -0.55968  1.54126e-05 |108 -0.49926  1.58635e-05
109 -0.72757 -4.80966e-06 |110 -0.70555 -8.04978e-06 |111 -0.75743  2.25376e-06
112 -0.70179  1.14369e-05 |113 -0.65993  7.22085e-06 |114 -0.69823 -1.00193e-05
115 -0.69587  1.66232e-06 |116 -0.86163  7.02183e-04 |117 -0.70571  9.52128e-05
118 -0.65980  8.42700e-05 |119 -0.44284  5.05612e-05 |120 -0.56405 -5.68258e-05
121 -0.62902 -4.60676e-05 |122 -0.59214 -6.40391e-05 |123 -0.68677 -1.23085e-04
124 -0.69018 -1.95168e-04 |125 -0.61883 -1.71326e-04 |126 -0.81054  4.71512e-03
127 -0.87304 -2.23935e-04 |128 -0.87449  5.58316e-04 |129 -0.83650 -1.60192e-04
130 -0.82948 -4.53576e-05 |131 -0.74321 -6.51251e-06 |132 -0.80242 -3.31185e-05
133 -0.82989 -2.81774e-05 |134 -0.78410 -5.04731e-05 |135 -0.78259 -4.12420e-05
136 -0.74004  6.09267e-08 |137 -0.72370  2.52362e-06 |138 -0.66391 -3.34351e-06
139 -0.64887 -1.38220e-07 |140 -0.65424 -2.13014e-06 |141 -0.58461 -1.28795e-05
142 -0.63426 -1.03106e-05 |143 -0.63744  6.28655e-06 |144 -0.73701  1.16979e-05
145 -0.68821  2.34047e-05 |146 -0.62387  1.18900e-05 |147 -0.57360  5.78976e-06
148 -0.53774  1.43890e-05 |149 -0.52955  1.25359e-05 |150 -0.54591  9.15171e-06
151 -0.59183  2.65834e-06 |152 -0.65856  1.87046e-05 |153 -0.58426  5.39832e-06
154 -0.54317 -2.70909e-06 |155 -0.58652 -1.46548e-05 |156 -0.57258  1.77495e-05
157 -0.73000 -7.19460e-06 |158 -0.73167 -9.81244e-06 |159 -0.82928 -1.02720e-04
160 -0.70583 -1.00139e-05 |161 -0.67721  1.61710e-05 |162 -0.66892  1.60078e-05
163 -0.67330  1.21056e-05 |164 -0.94331 -1.37323e-04 |165 -0.92006 -4.13718e-04
166 -0.96055 -8.25648e-04 |167 -0.84597 -1.70163e-04 |168 -0.78051 -4.52659e-05
169 -0.77260 -7.62334e-06 |170 -0.77321  1.07617e-06 |171 -0.78462  1.63867e-05
172 -0.71509 -2.14767e-05 |173 -0.74144 -1.79089e-05 |174 -0.66666 -9.76604e-06
175 -0.59217 -1.30297e-05 |176 -0.43214  4.58905e-06 |177 -0.44145 -8.92170e-06
178 -0.58703 -7.10427e-06 |179 -0.52988  1.80263e-07 |180 -0.50025  3.54910e-05
181 -0.46425 -2.53462e-07 |182 -0.48059 -1.61198e-06 |183 -0.46363  1.10138e-06
184 -0.40590  1.24140e-06 |185 -0.36382  1.03318e-05 |186 -0.42481  1.22995e-05
187 -0.34645  7.62729e-07 |188 -0.29018 -8.93272e-06 |189 -0.40132 -1.06647e-05
190 -0.47685  1.38614e-05 |191 -0.35652 -4.54786e-06 |192 -0.20350 -6.06297e-07
193 -0.13064  1.36563e-05 |194 -0.21349 -1.21274e-05 |195 -0.59341  9.57048e-06
196 -0.59847 -5.72295e-06 |197 -0.81282  1.71485e-06 |198 -0.64094 -1.49727e-06
199 -0.59276  2.90978e-06 |200 -0.65468  8.61235e-06 |201 -0.60557 -2.07873e-06
202  0.02814  1.46437e-04 |203  0.02303 -7.11618e-04 |204  0.02994 -2.06244e-04
205  0.03647  1.72657e-04 |206 -0.01295  1.90860e-06 |207  0.34089 -2.03095e-04
208 -0.03321  4.56631e-06 |209  0.26105 -5.79574e-04 |210  0.00916 -1.00237e-05
211  0.34049  4.36213e-04 |212  0.33470  6.96058e-05 |213 -0.28526 -5.07932e-06
214  0.33269 -1.47081e-04 |215 -0.11544 -4.47019e-05 |216 -0.00118 -1.06953e-04
217  0.14999 -7.43037e-06 |218 -0.23098 -1.78851e-06 |219  0.35923  9.98004e-06
220 -0.00960 -3.75078e-06 |221  0.07456 -7.80252e-06 |222 -0.07566 -1.36047e-05
223  0.22755 -1.36041e-05 |224 -0.31872 -1.01087e-05 |225  0.30787  3.23756e-05
226 -0.03798 -2.08232e-05 |227 -0.03390 -2.61776e-05 |228  0.44589 -1.86286e-06
229  0.43126  1.32529e-05 |230  0.38194 -4.65784e-05 |231  0.21598 -1.11892e-05
232  0.00297  3.02262e-08 |233 -0.03694 -2.37584e-07 |234  0.01192 -1.11462e-05
235  0.40515  8.05048e-05 |236  0.41398 -7.09774e-05 |237  0.40943  5.67978e-05
238  0.42198  5.85102e-05 |239  0.01684 -4.89014e-06 |240  0.02650 -2.00465e-06
241 -0.26220 -4.18179e-06 |242  0.00252  8.36395e-06 |243  0.38455  3.94017e-05
244  0.28506  2.92727e-05 |245  0.35809 -6.05056e-05 |246  0.39337 -1.74416e-05
247  0.21973  5.77288e-06 |248 -0.00476  9.09443e-08 |249 -0.00750  7.68387e-07
250  0.01977 -8.64121e-06 |251  0.36643 -1.25086e-05 |252  0.35058  2.06454e-05
253  0.35978  2.47143e-05 |254  0.37100  1.15263e-04 |255  0.39766 -4.62660e-05
256  0.55680 -9.30461e-06 |257  0.35813  1.21369e-04 |258  0.22166 -2.61707e-05
259  0.10717 -2.77502e-05 |260 -0.01851  5.33334e-07 |261  0.05958 -2.03230e-06
262  0.41196  4.19175e-05 |263  0.36195  3.59353e-05 |264 -0.16260  1.14216e-05
265 -0.10289  3.41904e-06 |266  0.11090 -8.74452e-07 |267  0.15794  2.20276e-06
268 -0.03130  1.56196e-05 |269 -0.02211 -3.61003e-06 |270  0.00131 -4.06298e-06
271  0.03677 -1.46198e-05 |272 -0.02324  4.62277e-05 |273 -0.02004  5.46347e-05
274  0.00270  1.22822e-04 |275 -0.02596  1.86142e-05 |276  0.04693  1.61323e-04
277 -0.00291  4.58820e-05 |278 -0.00030  7.21520e-06 |279  0.00295  1.15998e-05
280  0.03525 -1.71746e-05 |281 -0.01793  1.81267e-05 |282  0.00101 -4.20458e-06
283 -0.00099  2.95530e-06 |284  0.00503 -2.78972e-05 |285 -0.02328 -1.71417e-05
286  0.00277 -1.87942e-05 |287 -0.01480 -8.18850e-05 |288 -0.05415  7.13600e-07
289  0.02404 -1.13937e-04 |290  0.03786 -3.68495e-05 |291  0.00208  1.55738e-06
292 -0.00951  3.65791e-06 |293  0.04788 -3.17939e-06 |294 -0.00000  2.50080e-06
295  0.00000  1.67611e-05 |296  0.00000  1.25796e-05 |297 -0.00000 -1.20743e-05
298  0.00000  1.04550e-05 |299 -0.00000 -1.47587e-04 |300  0.00000  2.85950e-05
301 -0.00000 -6.41050e-05 |302 -0.00000 -1.01671e-04 |303 -0.00000 -3.01695e-05
304 -0.00000 -7.27227e-06 |305 -0.00000 -1.05541e-04 |306 -0.00000 -1.02976e-04
307 -0.02618 -1.03303e-04 |308 -0.04001 -7.08357e-05 |309  0.00493 -1.71903e-04
310 -0.03015  1.49809e-04 |311 -0.04203  1.38444e-05 |312 -0.04047  4.23612e-05
313  0.00287  1.80349e-04 |314  0.09086  5.02940e-04 |315  0.08332  6.14902e-04
316  0.00150 -2.81575e-03 |317 -0.01081  7.67778e-05 |318  0.00015 -1.87846e-04
319 -0.00605  5.06325e-05 |320 -0.02880  1.16091e-04 |321  0.01585  8.36421e-05
322 -0.02416 -8.44396e-05 |323 -0.02305  1.17360e-05 |324 -0.04439 -2.07574e-05
325  0.00545 -8.45870e-05 |326  0.06199 -3.98151e-04 |327  0.05536 -5.06889e-04
328 -0.00085  1.13851e-03 |329 -0.00822 -8.57692e-06 |330 -0.00023  8.48099e-05
330 variables; iteration 380; function evaluation 428; phase 10
Function value 2.0480687e+03; maximum gradient component mag 2.7199e-03
Var    Value     Gradient |Var    Value     Gradient |Var    Value     Gradient
  1 -0.35361  1.41292e-03 |  2 -0.91052  3.45528e-06 |  3 -0.01144 -2.47531e-04
  4 -0.42412 -5.51201e-04 |  5 -0.26973 -1.27599e-05 |  6 -0.05903 -5.31430e-05
  7 -0.21155  3.51021e-04 |  8 -0.31660 -1.76899e-03 |  9 -0.08755  2.71993e-03
 10 -0.06993  7.28056e-05 | 11 -0.04211  4.59010e-05 | 12 -0.04023  6.02977e-05
 13 -0.02783  8.53172e-05 | 14 -0.00383  1.31151e-04 | 15  0.02532  1.92960e-04
 16  0.13649  4.48731e-04 | 17  0.02874  1.83463e-04 | 18 -0.02334  8.89907e-05
 19  0.01758  4.99349e-05 | 20  0.09466 -1.07090e-04 | 21 -0.04777 -8.28517e-05
 22 -0.05865 -9.39420e-05 | 23  0.01361 -1.25519e-04 | 24  0.03092 -1.28500e-04
 25  0.07169 -1.87898e-04 | 26  0.03738 -1.43335e-04 | 27  0.07336 -2.02510e-04
 28  0.07725 -1.98152e-04 | 29  0.03288 -1.20819e-04 | 30  0.04068 -1.17738e-04
 31  0.04271 -1.08757e-04 | 32  0.04960 -1.03144e-04 | 33  0.06658 -9.40095e-05
 34  0.03025 -7.72343e-05 | 35 -0.00592 -6.23975e-05 | 36 -0.02450 -6.39723e-05
 37 -0.00366 -7.25926e-05 | 38  0.02690 -8.06855e-05 | 39 -0.01066 -7.23749e-05
 40 -0.02381 -6.59063e-05 | 41 -0.03184 -3.88347e-05 | 42  0.01814 -2.98329e-05
 43  0.01609 -4.93740e-05 | 44 -0.04831 -3.98023e-05 | 45 -0.06513 -2.15088e-05
 46 -0.04365 -1.28232e-05 | 47 -0.04661  5.16979e-06 | 48  0.02985  1.30049e-06
 49  0.06958 -3.41540e-05 | 50  0.02845 -4.72543e-05 | 51  0.07636 -8.43661e-05
 52 -0.00239 -5.90840e-05 | 53  0.02228 -6.44436e-05 | 54  0.07807 -8.50728e-05
 55  0.12339 -1.91678e-04 | 56  0.05367 -1.87298e-04 | 57 -0.08934 -5.65649e-05
 58 -0.06760 -4.68581e-05 | 59 -0.06686 -2.89397e-05 | 60 -0.05303 -1.06450e-05
 61 -0.09477 -9.05543e-06 | 62 -0.11858 -2.12664e-07 | 63 -0.10580  1.18625e-06
 64 -0.08581  8.42216e-06 | 65 -0.09253 -2.64389e-07 | 66 -0.01772  8.35263e-07
 67  0.00000  0.00000e+00 | 68 -0.92473  4.72290e-04 | 69 -0.83133  2.71219e-04
 70 -0.80777  3.04655e-04 | 71 -0.66873  1.46301e-04 | 72 -0.75363 -1.03648e-05
 73 -0.81123 -6.55127e-05 | 74 -0.76668 -6.44794e-05 | 75 -0.79488 -8.58965e-05
 76 -0.84469 -7.52585e-05 | 77 -0.85619 -1.67661e-04 | 78 -0.74561 -3.09723e-05
 79 -0.72984 -6.84148e-06 | 80 -0.68816  1.09724e-06 | 81 -0.54111  3.16234e-06
 82 -0.52755 -1.58206e-07 | 83 -0.51809  9.22732e-07 | 84 -0.59275 -8.05466e-06
 85 -0.63518 -1.34637e-05 | 86 -0.57516  2.13898e-07 | 87 -0.53068  2.40251e-06
 88 -0.47453 -1.13202e-06 | 89 -0.46266  4.23084e-06 | 90 -0.44320  6.28716e-07
 91 -0.51337  1.41880e-06 | 92 -0.50964 -3.19609e-06 | 93 -0.55260 -5.13602e-06
 94 -0.56623 -2.27048e-06 | 95 -0.59288  5.37596e-06 | 96 -0.56389 -1.17653e-05
 97 -0.57723 -1.22819e-05 | 98 -0.61783 -3.85234e-06 | 99 -0.53108 -2.30314e-06
100 -0.63393  5.33519e-06 |101 -0.57811  8.19906e-06 |102 -0.65584  7.11380e-06
103 -0.63280  3.28090e-07 |104 -0.62668 -4.28639e-06 |105 -0.55285 -5.75364e-06
106 -0.52974  5.91816e-06 |107 -0.55968  1.03603e-05 |108 -0.49926  6.49007e-06
109 -0.72757 -3.12519e-05 |110 -0.70555 -1.97355e-05 |111 -0.75743 -8.78829e-06
112 -0.70179 -2.70561e-06 |113 -0.65993 -1.25523e-05 |114 -0.69823 -2.40273e-06
115 -0.69587 -4.00753e-07 |116 -0.86163  4.25141e-04 |117 -0.70571  1.50455e-04
118 -0.65980  1.26200e-04 |119 -0.44284  1.00273e-04 |120 -0.56405  2.58024e-05
121 -0.62902  9.30066e-07 |122 -0.59214 -2.93309e-06 |123 -0.68677 -2.24111e-05
124 -0.69018 -1.16302e-05 |125 -0.61883  1.05666e-05 |126 -0.81054  1.30058e-04
127 -0.87304 -1.73655e-04 |128 -0.87449 -1.25645e-04 |129 -0.83650 -1.05500e-04
130 -0.82948 -8.20812e-05 |131 -0.74321 -2.36296e-05 |132 -0.80242 -4.61479e-05
133 -0.82989 -3.52327e-05 |134 -0.78410 -4.05631e-05 |135 -0.78259 -4.04726e-05
136 -0.74004 -1.79539e-05 |137 -0.72370 -5.69306e-06 |138 -0.66391 -2.58090e-05
139 -0.64887 -1.98559e-06 |140 -0.65424 -1.46169e-05 |141 -0.58461 -1.26388e-05
142 -0.63426 -1.11977e-05 |143 -0.63744 -1.23895e-06 |144 -0.73701 -8.45333e-06
145 -0.68821 -1.25647e-06 |146 -0.62387 -2.87993e-06 |147 -0.57360 -1.89865e-06
148 -0.53774  5.65800e-06 |149 -0.52955  6.94149e-06 |150 -0.54591  4.79662e-06
151 -0.59183 -1.87635e-06 |152 -0.65856 -6.45691e-06 |153 -0.58426 -8.69844e-06
154 -0.54317 -3.79692e-06 |155 -0.58652 -1.11876e-06 |156 -0.57258  1.39129e-06
157 -0.73000 -2.99119e-05 |158 -0.73167 -2.50130e-05 |159 -0.82928 -6.29293e-05
160 -0.70583 -1.36115e-05 |161 -0.67722 -3.87759e-06 |162 -0.66892 -3.68607e-06
163 -0.67330 -5.84425e-06 |164 -0.94331 -3.66167e-04 |165 -0.92006 -3.23925e-04
166 -0.96055 -4.99712e-04 |167 -0.84597 -1.47076e-04 |168 -0.78051 -4.91100e-05
169 -0.77260 -3.45594e-05 |170 -0.77321 -2.80661e-05 |171 -0.78462 -2.49169e-05
172 -0.71509 -1.90960e-05 |173 -0.74144 -1.31230e-05 |174 -0.66666 -1.76602e-06
175 -0.59217 -8.72474e-06 |176 -0.43214 -2.97551e-07 |177 -0.44145  8.94152e-07
178 -0.58703 -8.22132e-06 |179 -0.52988 -8.03122e-06 |180 -0.50025  9.40463e-07
181 -0.46425 -4.18121e-07 |182 -0.48059 -4.05116e-07 |183 -0.46363 -2.07391e-06
184 -0.40590 -1.86007e-08 |185 -0.36382  3.61581e-06 |186 -0.42481  4.28224e-06
187 -0.34645  2.59609e-06 |188 -0.29018 -3.11166e-07 |189 -0.40132 -1.09432e-06
190 -0.47685 -1.32364e-06 |191 -0.35652  2.26044e-06 |192 -0.20350  3.40154e-06
193 -0.13064  8.44855e-06 |194 -0.21349  1.15141e-05 |195 -0.59341 -1.56350e-05
196 -0.59847 -2.59554e-05 |197 -0.81282 -3.22075e-05 |198 -0.64094 -2.21568e-05
199 -0.59276 -5.66927e-06 |200 -0.65468 -5.03895e-06 |201 -0.60557 -8.47340e-06
202  0.02814  9.68785e-05 |203  0.02303 -1.04926e-03 |204  0.02994 -1.82158e-04
205  0.03647 -8.52669e-05 |206 -0.01308 -1.24888e-06 |207  0.34089  1.08701e-04
208 -0.03406 -1.35912e-06 |209  0.26105 -1.85662e-04 |210  0.01204  4.22589e-07
211  0.34049  3.88290e-04 |212  0.33470 -1.37602e-05 |213 -0.28523 -3.90419e-06
214  0.33269  2.30428e-05 |215 -0.11544 -3.05335e-05 |216 -0.00118 -1.09195e-04
217  0.14999 -8.12570e-06 |218 -0.23091  3.30751e-07 |219  0.35923  2.39738e-05
220 -0.00960  8.10353e-06 |221  0.07456  6.69299e-07 |222 -0.07566  3.09123e-06
223  0.22755  3.91593e-05 |224 -0.31842  3.20587e-06 |225  0.30787 -1.43674e-05
226 -0.03798 -1.92958e-05 |227 -0.03390 -4.78617e-05 |228  0.44589 -1.92224e-05
229  0.43126  7.57716e-06 |230  0.38194 -3.59112e-05 |231  0.21627 -3.89402e-07
232  0.00296  1.41078e-09 |233 -0.03691  1.30562e-07 |234  0.01537 -4.11686e-07
235  0.40515  1.08698e-04 |236  0.41398 -2.83922e-05 |237  0.40943  1.27391e-04
238  0.42198  3.13728e-05 |239  0.01757  5.09035e-07 |240  0.02694  4.87209e-07
241 -0.26186  1.07820e-07 |242  0.00063 -1.32200e-06 |243  0.38455  5.84712e-05
244  0.28506  1.03288e-05 |245  0.35809 -3.09619e-05 |246  0.39337  2.55330e-05
247  0.21961  2.04635e-06 |248 -0.00478 -2.13989e-08 |249 -0.00767 -1.89785e-07
250  0.02261 -1.80884e-06 |251  0.36643 -5.90526e-05 |252  0.35058  3.96367e-08
253  0.35978  6.72718e-05 |254  0.37100 -4.90083e-06 |255  0.39766  6.85302e-06
256  0.55689 -3.17765e-07 |257  0.35813  5.26947e-06 |258  0.22166 -1.25540e-05
259  0.10717 -2.09800e-05 |260 -0.01846  2.37751e-07 |261  0.06020 -2.06853e-06
262  0.41196  6.76491e-06 |263  0.36195  3.15856e-05 |264 -0.16352  2.47620e-07
265 -0.10369 -3.12855e-06 |266  0.11090 -1.88534e-06 |267  0.15794  5.46926e-06
268 -0.03130 -2.68076e-05 |269 -0.02211 -3.54842e-05 |270  0.00131 -8.94940e-05
271  0.03677 -1.82211e-04 |272 -0.02324  3.27616e-06 |273 -0.02004  2.08559e-05
274  0.00270  2.40433e-05 |275 -0.02596  1.30845e-05 |276  0.04693  3.81317e-05
277 -0.00291  2.63581e-05 |278 -0.00030  4.79661e-06 |279  0.00295  8.48345e-06
280  0.03525 -1.36845e-05 |281 -0.01793  1.21978e-05 |282  0.00101  1.39178e-05
283 -0.00099  5.24119e-05 |284  0.00503  9.31532e-05 |285 -0.02328 -3.53337e-06
286  0.00277 -5.24568e-06 |287 -0.01480 -1.19376e-05 |288 -0.05415  5.52060e-07
289  0.02404 -1.77632e-05 |290  0.03786 -1.64887e-05 |291  0.00208 -2.50234e-06
292 -0.00951 -3.20691e-06 |293  0.04788  4.98794e-06 |294 -0.00000 -5.90089e-07
295 -0.00000  1.14778e-06 |296  0.00000  2.94498e-06 |297  0.00000  4.67029e-06
298 -0.00000 -8.73328e-07 |299 -0.00000 -5.62810e-06 |300  0.00000  1.17237e-06
301  0.00000 -1.18245e-06 |302 -0.00000 -2.05659e-06 |303 -0.00000 -3.93777e-06
304 -0.00000  4.88421e-09 |305 -0.00000 -5.10460e-06 |306 -0.00000 -2.76063e-06
307 -0.02618 -6.17265e-05 |308 -0.04001 -7.29241e-05 |309  0.00493 -2.35126e-04
310 -0.03015 -1.39311e-05 |311 -0.04203 -3.07717e-06 |312 -0.04047 -3.39024e-05
313  0.00287  1.41044e-05 |314  0.09086 -1.45840e-05 |315  0.08332 -6.26729e-05
316  0.00150 -8.36939e-05 |317 -0.01081  5.82761e-05 |318  0.00015  4.17156e-05
319 -0.00605  2.18778e-05 |320 -0.02880  5.75696e-05 |321  0.01585  1.46896e-04
322 -0.02416 -1.64014e-06 |323 -0.02305  1.14762e-05 |324 -0.04439  1.08135e-05
325  0.00545 -5.57100e-06 |326  0.06199  6.96870e-05 |327  0.05536  8.04836e-05
328 -0.00085  3.44856e-05 |329 -0.00822 -2.00648e-05 |330 -0.00023 -1.62154e-05
330 variables; iteration 400; function evaluation 448; phase 10
Function value 2.0480687e+03; maximum gradient component mag -1.3939e-03
Var    Value     Gradient |Var    Value     Gradient |Var    Value     Gradient
  1 -0.35361 -1.09578e-03 |  2 -0.91052  3.50809e-06 |  3 -0.01144  2.62569e-04
  4 -0.42412  8.10454e-04 |  5 -0.26973  1.50277e-05 |  6 -0.05903  4.61095e-05
  7 -0.21155 -2.21252e-04 |  8 -0.31660  1.36411e-03 |  9 -0.08755 -1.39387e-03
 10 -0.06993 -3.83618e-05 | 11 -0.04211 -2.22105e-05 | 12 -0.04023 -3.09461e-05
 13 -0.02783 -4.20902e-05 | 14 -0.00383 -6.64975e-05 | 15  0.02532 -9.93162e-05
 16  0.13649 -2.31007e-04 | 17  0.02874 -9.48964e-05 | 18 -0.02334 -4.52271e-05
 19  0.01758 -2.34600e-05 | 20  0.09466  6.31987e-05 | 21 -0.04777  4.51799e-05
 22 -0.05865  5.44215e-05 | 23  0.01361  8.13152e-05 | 24  0.03092  9.16845e-05
 25  0.07169  1.37242e-04 | 26  0.03738  9.82504e-05 | 27  0.07336  1.24427e-04
 28  0.07725  1.19614e-04 | 29  0.03288  7.26111e-05 | 30  0.04068  7.08375e-05
 31  0.04271  6.63155e-05 | 32  0.04960  6.35493e-05 | 33  0.06658  5.79953e-05
 34  0.03025  4.57406e-05 | 35 -0.00592  3.88778e-05 | 36 -0.02450  3.90091e-05
 37 -0.00366  4.32422e-05 | 38  0.02690  4.96470e-05 | 39 -0.01066  4.44373e-05
 40 -0.02381  4.11726e-05 | 41 -0.03184  2.74879e-05 | 42  0.01814  2.58055e-05
 43  0.01609  3.47979e-05 | 44 -0.04831  2.63349e-05 | 45 -0.06513  1.78281e-05
 46 -0.04365  1.31545e-05 | 47 -0.04661  5.43654e-06 | 48  0.02985  1.35775e-05
 49  0.06958  3.43203e-05 | 50  0.02845  3.80982e-05 | 51  0.07636  6.20014e-05
 52 -0.00239  3.95356e-05 | 53  0.02228  4.42147e-05 | 54  0.07807  5.94648e-05
 55  0.12339  1.19604e-04 | 56  0.05367  1.11452e-04 | 57 -0.08934  3.46113e-05
 58 -0.06760  3.24067e-05 | 59 -0.06686  2.20061e-05 | 60 -0.05303  1.16623e-05
 61 -0.09477  7.62029e-06 | 62 -0.11858  2.29714e-06 | 63 -0.10580 -1.37898e-07
 64 -0.08581 -4.14838e-06 | 65 -0.09253 -4.80077e-07 | 66 -0.01772 -2.19905e-07
 67  0.00000  0.00000e+00 | 68 -0.92473 -2.42372e-04 | 69 -0.83133 -1.43601e-04
 70 -0.80777 -1.63913e-04 | 71 -0.66873 -7.58700e-05 | 72 -0.75363  5.41336e-06
 73 -0.81123  3.43920e-05 | 74 -0.76668  3.51013e-05 | 75 -0.79488  4.47219e-05
 76 -0.84469  4.04057e-05 | 77 -0.85619  9.43924e-05 | 78 -0.74561  1.79451e-05
 79 -0.72984  5.42754e-06 | 80 -0.68816  4.10446e-07 | 81 -0.54111 -1.81810e-06
 82 -0.52755  4.96062e-07 | 83 -0.51809  1.26216e-06 | 84 -0.59275  5.16513e-06
 85 -0.63518  8.75788e-06 | 86 -0.57516  4.56731e-07 | 87 -0.53068 -8.27794e-07
 88 -0.47453 -6.11947e-07 | 89 -0.46266 -1.05208e-06 | 90 -0.44320 -4.62059e-08
 91 -0.51337  4.66339e-07 | 92 -0.50964  2.30756e-06 | 93 -0.55259  3.61557e-06
 94 -0.56623  8.60349e-07 | 95 -0.59288 -2.19707e-06 | 96 -0.56389  7.19883e-06
 97 -0.57723  7.18889e-06 | 98 -0.61783  2.29104e-06 | 99 -0.53107  4.90103e-07
100 -0.63393 -1.19586e-06 |101 -0.57811 -3.13647e-06 |102 -0.65584 -2.61446e-06
103 -0.63280  1.28226e-06 |104 -0.62668  3.81850e-06 |105 -0.55285  2.54624e-06
106 -0.52974 -1.99098e-06 |107 -0.55968 -4.82638e-06 |108 -0.49926 -2.88786e-06
109 -0.72757  1.87766e-05 |110 -0.70555  1.13194e-05 |111 -0.75743  6.35101e-06
112 -0.70179  3.09317e-06 |113 -0.65993  8.64122e-06 |114 -0.69823  1.88566e-06
115 -0.69587  1.54714e-06 |116 -0.86163 -2.10235e-04 |117 -0.70571 -7.92613e-05
118 -0.65980 -6.64524e-05 |119 -0.44284 -5.25710e-05 |120 -0.56405 -1.39053e-05
121 -0.62902 -1.19641e-06 |122 -0.59214  1.67143e-07 |123 -0.68677  1.09766e-05
124 -0.69018  2.47763e-06 |125 -0.61883 -1.04441e-05 |126 -0.81054  4.39387e-05
127 -0.87304  9.94527e-05 |128 -0.87449  9.80611e-05 |129 -0.83650  5.95160e-05
130 -0.82948  4.94750e-05 |131 -0.74321  1.49059e-05 |132 -0.80242  2.77541e-05
133 -0.82989  2.18348e-05 |134 -0.78410  2.31982e-05 |135 -0.78259  2.38306e-05
136 -0.74004  1.10716e-05 |137 -0.72370  3.85427e-06 |138 -0.66391  1.61418e-05
139 -0.64887  2.16040e-06 |140 -0.65424  9.40275e-06 |141 -0.58461  6.74616e-06
142 -0.63426  6.26815e-06 |143 -0.63744  1.44440e-06 |144 -0.73701  6.34542e-06
145 -0.68821  1.91238e-06 |146 -0.62387  2.78932e-06 |147 -0.57360  1.91864e-06
148 -0.53774 -1.67668e-06 |149 -0.52955 -3.01367e-06 |150 -0.54591 -2.09531e-06
151 -0.59183  1.31410e-06 |152 -0.65856  5.17517e-06 |153 -0.58426  5.73243e-06
154 -0.54317  2.54776e-06 |155 -0.58652  2.25242e-07 |156 -0.57258  4.83975e-07
157 -0.73000  1.78764e-05 |158 -0.73167  1.43754e-05 |159 -0.82928  3.58092e-05
160 -0.70583  8.94480e-06 |161 -0.67721  4.19935e-06 |162 -0.66892  4.04372e-06
163 -0.67330  4.94758e-06 |164 -0.94331  2.22195e-04 |165 -0.92006  1.84478e-04
166 -0.96055  2.85893e-04 |167 -0.84597  8.41774e-05 |168 -0.78051  2.94085e-05
169 -0.77260  2.19153e-05 |170 -0.77321  1.84905e-05 |171 -0.78462  1.66356e-05
172 -0.71509  1.13668e-05 |173 -0.74144  8.31858e-06 |174 -0.66666  1.12832e-06
175 -0.59217  4.81204e-06 |176 -0.43214  1.08154e-06 |177 -0.44145 -2.11179e-07
178 -0.58703  5.28106e-06 |179 -0.52988  5.32786e-06 |180 -0.50025  2.82328e-06
181 -0.46425  4.92758e-07 |182 -0.48059 -6.47886e-08 |183 -0.46363  1.49190e-06
184 -0.40590  1.66294e-07 |185 -0.36382 -1.21417e-06 |186 -0.42481 -1.08140e-06
187 -0.34645 -1.35287e-06 |188 -0.29018 -3.07524e-07 |189 -0.40132 -8.06235e-08
190 -0.47685  1.56600e-06 |191 -0.35652 -2.10804e-06 |192 -0.20350 -1.75535e-06
193 -0.13064 -4.34539e-06 |194 -0.21349 -7.86497e-06 |195 -0.59341  9.83453e-06
196 -0.59847  1.48554e-05 |197 -0.81282  2.10495e-05 |198 -0.64094  1.39825e-05
199 -0.59276  4.30979e-06 |200 -0.65468  4.38058e-06 |201 -0.60557  5.19222e-06
202  0.02814 -4.66324e-05 |203  0.02303  6.01860e-04 |204  0.02994  9.84910e-05
205  0.03647  4.61114e-05 |206 -0.01299  1.97480e-07 |207  0.34089 -5.90865e-05
208 -0.03386  1.54199e-07 |209  0.26105  8.67728e-05 |210  0.01202  3.61963e-07
211  0.34049 -2.11488e-04 |212  0.33470  1.11890e-05 |213 -0.28511  6.21136e-07
214  0.33269 -1.51678e-05 |215 -0.11544  1.80705e-05 |216 -0.00118  6.75257e-05
217  0.14999  4.08897e-06 |218 -0.23093 -3.72851e-07 |219  0.35923 -1.25831e-05
220 -0.00960 -5.14277e-06 |221  0.07456 -1.04612e-06 |222 -0.07566 -3.84617e-06
223  0.22755 -2.86564e-05 |224 -0.31849  7.35733e-09 |225  0.30787  1.82014e-05
226 -0.03798  1.11362e-05 |227 -0.03390  2.77963e-05 |228  0.44589  1.37290e-05
229  0.43126 -5.02841e-06 |230  0.38194  1.77105e-05 |231  0.21630 -7.04162e-08
232  0.00296 -5.29087e-09 |233 -0.03692  1.73253e-08 |234  0.01556  3.94777e-07
235  0.40515 -6.48792e-05 |236  0.41398  1.49637e-05 |237  0.40943 -7.03281e-05
238  0.42198 -1.19587e-05 |239  0.01746  4.23956e-08 |240  0.02685 -3.57622e-08
241 -0.26187 -8.19388e-08 |242  0.00086  3.04619e-07 |243  0.38455 -3.60070e-05
244  0.28506 -3.36037e-06 |245  0.35809  1.16601e-05 |246  0.39337 -1.69034e-05
247  0.21954  7.78162e-08 |248 -0.00478  6.10325e-10 |249 -0.00763  1.91583e-08
250  0.02313 -6.07102e-07 |251  0.36643  3.87691e-05 |252  0.35058  1.13807e-06
253  0.35978 -3.29602e-05 |254  0.37100  1.21463e-05 |255  0.39766 -7.25796e-06
256  0.55689 -5.03210e-07 |257  0.35813  5.44574e-06 |258  0.22166  6.08708e-06
259  0.10717  1.04138e-05 |260 -0.01850 -1.14898e-07 |261  0.06024  2.57886e-07
262  0.41196 -1.95165e-06 |263  0.36195 -1.57119e-05 |264 -0.16355 -1.30201e-07
265 -0.10352  7.90771e-08 |266  0.11090  2.16571e-07 |267  0.15794 -4.37858e-06
268 -0.03130  1.48482e-05 |269 -0.02211  1.91787e-05 |270  0.00131  4.93604e-05
271  0.03677  9.25901e-05 |272 -0.02324 -7.93124e-07 |273 -0.02004 -1.07880e-05
274  0.00270 -1.13631e-05 |275 -0.02596 -8.15240e-06 |276  0.04693 -1.65994e-05
277 -0.00291 -1.52836e-05 |278 -0.00030 -2.82540e-06 |279  0.00295 -3.97434e-06
280  0.03525  6.94333e-06 |281 -0.01793 -5.63654e-06 |282  0.00101 -7.22218e-06
283 -0.00099 -2.91703e-05 |284  0.00503 -4.91540e-05 |285 -0.02328  1.44720e-06
286  0.00277  2.71598e-06 |287 -0.01480  4.34261e-06 |288 -0.05415  4.05696e-07
289  0.02404  7.46149e-06 |290  0.03786  9.01741e-06 |291  0.00208  1.59399e-06
292 -0.00951  1.84997e-06 |293  0.04788 -3.96362e-06 |294 -0.00000 -1.14543e-07
295 -0.00000  1.49438e-06 |296  0.00000  1.87343e-06 |297  0.00000  2.42881e-06
298 -0.00000  2.89690e-08 |299 -0.00000 -8.72847e-06 |300  0.00000  1.67046e-06
301  0.00000 -4.35434e-06 |302 -0.00000 -6.74660e-06 |303 -0.00000 -3.69708e-06
304 -0.00000 -3.59715e-07 |305 -0.00000 -7.21617e-06 |306 -0.00000 -5.88037e-06
307 -0.02618  3.10634e-05 |308 -0.04001  3.65213e-05 |309  0.00493  1.19524e-04
310 -0.03015  9.12480e-06 |311 -0.04203  2.63925e-06 |312 -0.04047  2.19960e-05
313  0.00287 -1.99626e-06 |314  0.09086  2.49285e-05 |315  0.08332  5.82438e-05
316  0.00150 -2.30962e-05 |317 -0.01081 -3.34577e-05 |318  0.00015 -3.22320e-05
319 -0.00605 -1.16379e-05 |320 -0.02880 -2.77936e-05 |321  0.01585 -7.66495e-05
322 -0.02416 -1.48151e-06 |323 -0.02305 -6.14057e-06 |324 -0.04439 -7.84603e-06
325  0.00545  3.14950e-08 |326  0.06199 -5.42395e-05 |327  0.05536 -6.54773e-05
328 -0.00085  9.15422e-06 |329 -0.00822  1.27021e-05 |330 -0.00023  1.32174e-05
Warning: the following parameters had issues
  MGparm[2] is within 1% of lower bound: 0.00000e+00 < 2.46548e-01 < 5.00000e+01
  F_rate[1] is within 1% of lower bound: 0.00000e+00 < 5.23625e-03 < 1.50000e+00
  F_rate[60] is within 1% of lower bound: 0.00000e+00 < 1.48647e-02 < 1.50000e+00
  F_rate[61] is within 1% of lower bound: 0.00000e+00 < 1.45290e-02 < 1.50000e+00
  F_rate[97] is within 1% of lower bound: 0.00000e+00 < 2.97155e-03 < 1.50000e+00
  F_rate[98] is within 1% of lower bound: 0.00000e+00 < 5.90567e-03 < 1.50000e+00
  F_rate[99] is within 0.1% of lower bound: 0.00000e+00 < 1.43970e-03 < 1.50000e+00


 - final statistics:
330 variables; iteration 411; function evaluation 459
Function value 2.0481e+03; maximum gradient component mag -6.6528e-06
Exit code = 1;  converg criter 1.0000e-05
Var    Value     Gradient |Var    Value     Gradient |Var    Value     Gradient
  1 -0.35361  1.40344e-06 |  2 -0.91052 -5.12436e-08 |  3 -0.01144 -1.18001e-06
  4 -0.42412 -5.62534e-06 |  5 -0.26973 -8.01001e-08 |  6 -0.05903 -1.27522e-07
  7 -0.21155 -3.02210e-07 |  8 -0.31660 -1.67848e-06 |  9 -0.08755 -6.65277e-06
 10 -0.06993 -1.66223e-07 | 11 -0.04211 -1.17944e-07 | 12 -0.04023 -1.46833e-07
 13 -0.02783 -2.15966e-07 | 14 -0.00383 -3.20657e-07 | 15  0.02532 -4.64860e-07
 16  0.13649 -1.08138e-06 | 17  0.02874 -4.40876e-07 | 18 -0.02334 -2.26984e-07
 19  0.01758 -1.64464e-07 | 20  0.09466 -2.44104e-08 | 21 -0.04777  1.02962e-07
 22 -0.05865  1.15555e-07 | 23  0.01361  9.18446e-08 | 24  0.03092  6.40827e-08
 25  0.07169  8.80524e-08 | 26  0.03738  1.03463e-07 | 27  0.07336  2.26050e-07
 28  0.07725  2.37659e-07 | 29  0.03288  1.43607e-07 | 30  0.04068  1.31991e-07
 31  0.04271  1.08349e-07 | 32  0.04960  9.48184e-08 | 33  0.06658  8.18232e-08
 34  0.03025  8.81912e-08 | 35 -0.00592  5.29202e-08 | 36 -0.02450  6.01811e-08
 37 -0.00366  6.25235e-08 | 38  0.02690  5.36243e-08 | 39 -0.01066  5.86691e-08
 40 -0.02381  4.80875e-08 | 41 -0.03184 -1.69475e-08 | 42  0.01814 -7.32788e-08
 43  0.01609 -7.16822e-09 | 44 -0.04831  2.11718e-08 | 45 -0.06513 -2.70030e-08
 46 -0.04365 -5.41309e-08 | 47 -0.04661 -1.14355e-07 | 48  0.02985 -1.77514e-07
 49  0.06958 -1.14603e-07 | 50  0.02845 -3.96370e-08 | 51  0.07636 -1.64509e-08
 52 -0.00239  2.85194e-08 | 53  0.02228  9.01375e-09 | 54  0.07807 -9.27734e-09
 55  0.12339  1.72531e-07 | 56  0.05367  2.44187e-07 | 57 -0.08934  5.86265e-08
 58 -0.06760 -4.31305e-09 | 59 -0.06686 -3.90154e-08 | 60 -0.05303 -7.98695e-08
 61 -0.09477 -2.39410e-08 | 62 -0.11858 -3.47874e-08 | 63 -0.10580 -1.32544e-08
 64 -0.08581 -2.37062e-08 | 65 -0.09253  3.81426e-09 | 66 -0.01772 -2.55758e-09
 67  0.00000  0.00000e+00 | 68 -0.92473 -1.15936e-06 | 69 -0.83133 -6.06265e-07
 70 -0.80777 -6.69418e-07 | 71 -0.66873 -3.49134e-07 | 72 -0.75363 -1.78935e-08
 73 -0.81123  8.81688e-08 | 74 -0.76668  8.75773e-08 | 75 -0.79488  1.24400e-07
 76 -0.84469  8.22993e-08 | 77 -0.85619  2.42022e-07 | 78 -0.74561  3.19600e-08
 79 -0.72984 -1.11039e-08 | 80 -0.68816 -1.44935e-08 | 81 -0.54111 -3.11342e-09
 82 -0.52755  1.57190e-10 | 83 -0.51809 -1.06365e-08 | 84 -0.59275  7.84874e-09
 85 -0.63518  1.28565e-08 | 86 -0.57516 -3.61202e-09 | 87 -0.53068 -6.20074e-09
 88 -0.47453  1.45084e-08 | 89 -0.46266 -1.36149e-08 | 90 -0.44320 -2.22005e-10
 91 -0.51337 -1.14189e-08 | 92 -0.50964  1.95150e-09 | 93 -0.55260  2.69697e-09
 94 -0.56623  2.76657e-09 | 95 -0.59288 -1.90559e-08 | 96 -0.56389  1.10112e-08
 97 -0.57723  1.45939e-08 | 98 -0.61783  2.68385e-09 | 99 -0.53108  6.93374e-09
100 -0.63393 -3.01913e-08 |101 -0.57811 -3.04993e-08 |102 -0.65584 -2.98472e-08
103 -0.63280 -1.57652e-08 |104 -0.62668 -6.20354e-09 |105 -0.55285  1.18402e-08
106 -0.52974 -2.30683e-08 |107 -0.55968 -2.89974e-08 |108 -0.49926 -1.81207e-08
109 -0.72757  4.17062e-08 |110 -0.70555  2.93036e-08 |111 -0.75743 -4.15441e-09
112 -0.70179 -1.45787e-08 |113 -0.65993  4.29576e-09 |114 -0.69823 -1.12878e-08
115 -0.69587 -2.06284e-08 |116 -0.86163 -1.02880e-06 |117 -0.70571 -3.33807e-07
118 -0.65980 -2.82535e-07 |119 -0.44284 -2.21648e-07 |120 -0.56405 -7.00754e-08
121 -0.62902 -1.27853e-08 |122 -0.59214  2.94633e-09 |123 -0.68677  2.21684e-08
124 -0.69018  1.13710e-08 |125 -0.61883 -1.73933e-08 |126 -0.81054 -7.91229e-07
127 -0.87304  2.39369e-07 |128 -0.87449  7.10402e-09 |129 -0.83650  1.47821e-07
130 -0.82948  9.17591e-08 |131 -0.74321  1.56770e-08 |132 -0.80242  4.51123e-08
133 -0.82989  1.96718e-08 |134 -0.78410  4.76157e-08 |135 -0.78259  4.45526e-08
136 -0.74004  1.40225e-08 |137 -0.72370 -8.44234e-09 |138 -0.66391  2.38058e-08
139 -0.64887 -1.48494e-08 |140 -0.65424  1.05724e-08 |141 -0.58461  1.98943e-08
142 -0.63426  1.14560e-08 |143 -0.63744 -1.03242e-08 |144 -0.73701 -5.76797e-09
145 -0.68821 -1.38593e-08 |146 -0.62387 -8.02364e-09 |147 -0.57360 -8.16744e-09
148 -0.53774 -2.76945e-08 |149 -0.52955 -2.40666e-08 |150 -0.54591 -1.82334e-08
151 -0.59183 -4.63658e-09 |152 -0.65856 -6.72461e-09 |153 -0.58426  4.08598e-09
154 -0.54317 -4.45352e-09 |155 -0.58652 -5.71401e-09 |156 -0.57258 -1.44027e-08
157 -0.73000  4.04852e-08 |158 -0.73167  3.74261e-08 |159 -0.82928  8.42715e-08
160 -0.70583  2.54043e-09 |161 -0.67721 -1.78423e-08 |162 -0.66892 -1.59602e-08
163 -0.67330 -1.03046e-08 |164 -0.94331  4.61874e-07 |165 -0.92006  4.97607e-07
166 -0.96055  7.21514e-07 |167 -0.84597  2.35719e-07 |168 -0.78051  6.55477e-08
169 -0.77260  3.78705e-08 |170 -0.77321  2.41604e-08 |171 -0.78462  1.85058e-08
172 -0.71509  2.46316e-08 |173 -0.74144  1.45825e-08 |174 -0.66666  2.85124e-09
175 -0.59217  1.56629e-08 |176 -0.43214 -6.10407e-09 |177 -0.44145 -3.31393e-09
178 -0.58703  9.55368e-09 |179 -0.52988  8.79410e-09 |180 -0.50025 -2.30779e-08
181 -0.46425 -2.25864e-10 |182 -0.48059  4.49346e-09 |183 -0.46363  4.63230e-09
184 -0.40590  3.89139e-10 |185 -0.36382 -1.31769e-08 |186 -0.42481 -1.94150e-08
187 -0.34645 -7.36750e-09 |188 -0.29018  4.84600e-09 |189 -0.40132  7.07738e-09
190 -0.47685 -1.73001e-09 |191 -0.35652  6.33334e-09 |192 -0.20350 -7.17957e-09
193 -0.13064 -1.77261e-08 |194 -0.21349 -1.06926e-08 |195 -0.59341  1.87797e-08
196 -0.59847  4.40818e-08 |197 -0.81282  2.16119e-08 |198 -0.64094  2.12011e-08
199 -0.59276 -3.55680e-09 |200 -0.65468 -1.07303e-08 |201 -0.60557  3.41401e-09
202  0.02814 -2.76322e-07 |203  0.02303  1.53878e-06 |204  0.02994  3.15395e-07
205  0.03647  2.49831e-07 |206 -0.01301 -1.68708e-09 |207  0.34089 -3.00764e-07
208 -0.03386  9.73010e-08 |209  0.26105  5.05051e-07 |210  0.01192  1.67580e-09
211  0.34049 -8.50636e-07 |212  0.33470  1.58990e-08 |213 -0.28513 -3.06793e-08
214  0.33269 -4.20491e-08 |215 -0.11544  4.84672e-08 |216 -0.00118  1.27854e-07
217  0.14999  5.23911e-09 |218 -0.23092  2.44080e-08 |219  0.35923 -4.55257e-08
220 -0.00960 -1.60966e-08 |221  0.07456  5.61301e-09 |222 -0.07566  6.79545e-09
223  0.22755  5.35341e-09 |224 -0.31849  6.96255e-10 |225  0.30787 -9.33619e-08
226 -0.03798  2.30738e-08 |227 -0.03390  6.64936e-08 |228  0.44589 -3.38959e-09
229  0.43126 -9.28950e-10 |230  0.38194  9.59436e-08 |231  0.21630 -2.49505e-07
232  0.00296  6.93113e-10 |233 -0.03693 -7.62572e-08 |234  0.01548  8.71018e-08
235  0.40515 -1.18764e-07 |236  0.41398  4.66186e-08 |237  0.40943 -2.55543e-07
238  0.42198 -1.28371e-07 |239  0.01743 -1.45609e-07 |240  0.02684 -6.00562e-08
241 -0.26186  6.63254e-09 |242  0.00081 -5.48309e-08 |243  0.38455 -3.84158e-08
244  0.28506 -3.28888e-08 |245  0.35809  1.28498e-07 |246  0.39337 -8.08660e-09
247  0.21952 -5.17624e-07 |248 -0.00478  3.04366e-09 |249 -0.00763  2.07461e-08
250  0.02337 -6.68000e-08 |251  0.36643  2.33703e-09 |252  0.35058 -1.11218e-08
253  0.35978 -1.99827e-07 |254  0.37100 -8.93324e-08 |255  0.39766  1.79737e-08
256  0.55689  3.53505e-09 |257  0.35813 -7.94530e-08 |258  0.22166  3.06186e-08
259  0.10717  5.31864e-08 |260 -0.01848  4.04587e-08 |261  0.06019 -2.04408e-07
262  0.41196 -2.59949e-08 |263  0.36195 -7.87429e-08 |264 -0.16354 -2.64716e-08
265 -0.10350 -1.25520e-07 |266  0.11090  1.16217e-08 |267  0.15794  5.17869e-09
268 -0.03130  5.97084e-08 |269 -0.02211  7.84381e-08 |270  0.00131  1.87862e-07
271  0.03677  4.51932e-07 |272 -0.02324  1.03584e-09 |273 -0.02004 -3.48349e-08
274  0.00270 -3.73782e-08 |275 -0.02596 -1.66786e-09 |276  0.04693 -6.21137e-08
277 -0.00291 -3.71947e-08 |278 -0.00030 -6.67572e-09 |279  0.00295 -1.51232e-08
280  0.03525  2.65635e-08 |281 -0.01793 -3.44183e-08 |282  0.00101 -3.17597e-08
283 -0.00099 -1.08076e-07 |284  0.00503 -2.19583e-07 |285 -0.02328  4.88170e-09
286  0.00277  4.11615e-09 |287 -0.01480  2.68300e-08 |288 -0.05415 -1.22111e-08
289  0.02404  2.74945e-08 |290  0.03786  2.22209e-08 |291  0.00208  2.98992e-09
292 -0.00951  2.63312e-09 |293  0.04788 -1.41227e-09 |294 -0.00000  6.40375e-09
295 -0.00000 -1.51177e-08 |296  0.00000 -3.07636e-08 |297  0.00000 -4.16273e-08
298 -0.00000  8.43638e-09 |299  0.00000  8.63657e-08 |300  0.00000 -1.61429e-08
301  0.00000  2.18882e-08 |302 -0.00000  4.12601e-08 |303  0.00000  3.87102e-08
304 -0.00000  3.14566e-09 |305  0.00000  7.16527e-08 |306 -0.00000  4.62683e-08
307 -0.02618  1.38336e-07 |308 -0.04001  1.83452e-07 |309  0.00493  5.41810e-07
310 -0.03015  3.18123e-08 |311 -0.04203  3.57915e-09 |312 -0.04047  5.26487e-08
313  0.00287 -3.65913e-08 |314  0.09086 -1.14373e-08 |315  0.08332  2.19443e-08
316  0.00150  4.83405e-07 |317 -0.01081 -8.28464e-08 |318  0.00015 -2.96779e-09
319 -0.00605 -4.54491e-08 |320 -0.02880 -1.46204e-07 |321  0.01585 -3.22244e-07
322 -0.02416  1.67519e-08 |323 -0.02305 -2.52607e-08 |324 -0.04439 -1.12837e-08
325  0.00545  1.43274e-08 |326  0.06199 -8.31726e-08 |327  0.05536 -5.58401e-08
328 -0.00085 -1.97203e-07 |329 -0.00822  1.75000e-08 |330 -0.00023 -4.16436e-09
Estimating row 1 out of 330 for hessian
Estimating row 2 out of 330 for hessian
Estimating row 3 out of 330 for hessian
Estimating row 4 out of 330 for hessian
Estimating row 5 out of 330 for hessian
Estimating row 6 out of 330 for hessian
Estimating row 7 out of 330 for hessian
Estimating row 8 out of 330 for hessian
Estimating row 9 out of 330 for hessian
Estimating row 10 out of 330 for hessian
Estimating row 11 out of 330 for hessian
Estimating row 12 out of 330 for hessian
Estimating row 13 out of 330 for hessian
Estimating row 14 out of 330 for hessian
Estimating row 15 out of 330 for hessian
Estimating row 16 out of 330 for hessian
Estimating row 17 out of 330 for hessian
Estimating row 18 out of 330 for hessian
Estimating row 19 out of 330 for hessian
Estimating row 20 out of 330 for hessian
Estimating row 21 out of 330 for hessian
Estimating row 22 out of 330 for hessian
Estimating row 23 out of 330 for hessian
Estimating row 24 out of 330 for hessian
Estimating row 25 out of 330 for hessian
Estimating row 26 out of 330 for hessian
Estimating row 27 out of 330 for hessian
Estimating row 28 out of 330 for hessian
Estimating row 29 out of 330 for hessian
Estimating row 30 out of 330 for hessian
Estimating row 31 out of 330 for hessian
Estimating row 32 out of 330 for hessian
Estimating row 33 out of 330 for hessian
Estimating row 34 out of 330 for hessian
Estimating row 35 out of 330 for hessian
Estimating row 36 out of 330 for hessian
Estimating row 37 out of 330 for hessian
Estimating row 38 out of 330 for hessian
Estimating row 39 out of 330 for hessian
Estimating row 40 out of 330 for hessian
Estimating row 41 out of 330 for hessian
Estimating row 42 out of 330 for hessian
Estimating row 43 out of 330 for hessian
Estimating row 44 out of 330 for hessian
Estimating row 45 out of 330 for hessian
Estimating row 46 out of 330 for hessian
Estimating row 47 out of 330 for hessian
Estimating row 48 out of 330 for hessian
Estimating row 49 out of 330 for hessian
Estimating row 50 out of 330 for hessian
Estimating row 51 out of 330 for hessian
Estimating row 52 out of 330 for hessian
Estimating row 53 out of 330 for hessian
Estimating row 54 out of 330 for hessian
Estimating row 55 out of 330 for hessian
Estimating row 56 out of 330 for hessian
Estimating row 57 out of 330 for hessian
Estimating row 58 out of 330 for hessian
Estimating row 59 out of 330 for hessian
Estimating row 60 out of 330 for hessian
Estimating row 61 out of 330 for hessian
Estimating row 62 out of 330 for hessian
Estimating row 63 out of 330 for hessian
Estimating row 64 out of 330 for hessian
Estimating row 65 out of 330 for hessian
Estimating row 66 out of 330 for hessian
Estimating row 67 out of 330 for hessian
Estimating row 68 out of 330 for hessian
Estimating row 69 out of 330 for hessian
Estimating row 70 out of 330 for hessian
Estimating row 71 out of 330 for hessian
Estimating row 72 out of 330 for hessian
Estimating row 73 out of 330 for hessian
Estimating row 74 out of 330 for hessian
Estimating row 75 out of 330 for hessian
Estimating row 76 out of 330 for hessian
Estimating row 77 out of 330 for hessian
Estimating row 78 out of 330 for hessian
Estimating row 79 out of 330 for hessian
Estimating row 80 out of 330 for hessian
Estimating row 81 out of 330 for hessian
Estimating row 82 out of 330 for hessian
Estimating row 83 out of 330 for hessian
Estimating row 84 out of 330 for hessian
Estimating row 85 out of 330 for hessian
Estimating row 86 out of 330 for hessian
Estimating row 87 out of 330 for hessian
Estimating row 88 out of 330 for hessian
Estimating row 89 out of 330 for hessian
Estimating row 90 out of 330 for hessian
Estimating row 91 out of 330 for hessian
Estimating row 92 out of 330 for hessian
Estimating row 93 out of 330 for hessian
Estimating row 94 out of 330 for hessian
Estimating row 95 out of 330 for hessian
Estimating row 96 out of 330 for hessian
Estimating row 97 out of 330 for hessian
Estimating row 98 out of 330 for hessian
Estimating row 99 out of 330 for hessian
Estimating row 100 out of 330 for hessian
Estimating row 101 out of 330 for hessian
Estimating row 102 out of 330 for hessian
Estimating row 103 out of 330 for hessian
Estimating row 104 out of 330 for hessian
Estimating row 105 out of 330 for hessian
Estimating row 106 out of 330 for hessian
Estimating row 107 out of 330 for hessian
Estimating row 108 out of 330 for hessian
Estimating row 109 out of 330 for hessian
Estimating row 110 out of 330 for hessian
Estimating row 111 out of 330 for hessian
Estimating row 112 out of 330 for hessian
Estimating row 113 out of 330 for hessian
Estimating row 114 out of 330 for hessian
Estimating row 115 out of 330 for hessian
Estimating row 116 out of 330 for hessian
Estimating row 117 out of 330 for hessian
Estimating row 118 out of 330 for hessian
Estimating row 119 out of 330 for hessian
Estimating row 120 out of 330 for hessian
Estimating row 121 out of 330 for hessian
Estimating row 122 out of 330 for hessian
Estimating row 123 out of 330 for hessian
Estimating row 124 out of 330 for hessian
Estimating row 125 out of 330 for hessian
Estimating row 126 out of 330 for hessian
Estimating row 127 out of 330 for hessian
Estimating row 128 out of 330 for hessian
Estimating row 129 out of 330 for hessian
Estimating row 130 out of 330 for hessian
Estimating row 131 out of 330 for hessian
Estimating row 132 out of 330 for hessian
Estimating row 133 out of 330 for hessian
Estimating row 134 out of 330 for hessian
Estimating row 135 out of 330 for hessian
Estimating row 136 out of 330 for hessian
Estimating row 137 out of 330 for hessian
Estimating row 138 out of 330 for hessian
Estimating row 139 out of 330 for hessian
Estimating row 140 out of 330 for hessian
Estimating row 141 out of 330 for hessian
Estimating row 142 out of 330 for hessian
Estimating row 143 out of 330 for hessian
Estimating row 144 out of 330 for hessian
Estimating row 145 out of 330 for hessian
Estimating row 146 out of 330 for hessian
Estimating row 147 out of 330 for hessian
Estimating row 148 out of 330 for hessian
Estimating row 149 out of 330 for hessian
Estimating row 150 out of 330 for hessian
Estimating row 151 out of 330 for hessian
Estimating row 152 out of 330 for hessian
Estimating row 153 out of 330 for hessian
Estimating row 154 out of 330 for hessian
Estimating row 155 out of 330 for hessian
Estimating row 156 out of 330 for hessian
Estimating row 157 out of 330 for hessian
Estimating row 158 out of 330 for hessian
Estimating row 159 out of 330 for hessian
Estimating row 160 out of 330 for hessian
Estimating row 161 out of 330 for hessian
Estimating row 162 out of 330 for hessian
Estimating row 163 out of 330 for hessian
Estimating row 164 out of 330 for hessian
Estimating row 165 out of 330 for hessian
Estimating row 166 out of 330 for hessian
Estimating row 167 out of 330 for hessian
Estimating row 168 out of 330 for hessian
Estimating row 169 out of 330 for hessian
Estimating row 170 out of 330 for hessian
Estimating row 171 out of 330 for hessian
Estimating row 172 out of 330 for hessian
Estimating row 173 out of 330 for hessian
Estimating row 174 out of 330 for hessian
Estimating row 175 out of 330 for hessian
Estimating row 176 out of 330 for hessian
Estimating row 177 out of 330 for hessian
Estimating row 178 out of 330 for hessian
Estimating row 179 out of 330 for hessian
Estimating row 180 out of 330 for hessian
Estimating row 181 out of 330 for hessian
Estimating row 182 out of 330 for hessian
Estimating row 183 out of 330 for hessian
Estimating row 184 out of 330 for hessian
Estimating row 185 out of 330 for hessian
Estimating row 186 out of 330 for hessian
Estimating row 187 out of 330 for hessian
Estimating row 188 out of 330 for hessian
Estimating row 189 out of 330 for hessian
Estimating row 190 out of 330 for hessian
Estimating row 191 out of 330 for hessian
Estimating row 192 out of 330 for hessian
Estimating row 193 out of 330 for hessian
Estimating row 194 out of 330 for hessian
Estimating row 195 out of 330 for hessian
Estimating row 196 out of 330 for hessian
Estimating row 197 out of 330 for hessian
Estimating row 198 out of 330 for hessian
Estimating row 199 out of 330 for hessian
Estimating row 200 out of 330 for hessian
Estimating row 201 out of 330 for hessian
Estimating row 202 out of 330 for hessian
Estimating row 203 out of 330 for hessian
Estimating row 204 out of 330 for hessian
Estimating row 205 out of 330 for hessian
Estimating row 206 out of 330 for hessian
Estimating row 207 out of 330 for hessian
Estimating row 208 out of 330 for hessian
Estimating row 209 out of 330 for hessian
Estimating row 210 out of 330 for hessian
Estimating row 211 out of 330 for hessian
Estimating row 212 out of 330 for hessian
Estimating row 213 out of 330 for hessian
Estimating row 214 out of 330 for hessian
Estimating row 215 out of 330 for hessian
Estimating row 216 out of 330 for hessian
Estimating row 217 out of 330 for hessian
Estimating row 218 out of 330 for hessian
Estimating row 219 out of 330 for hessian
Estimating row 220 out of 330 for hessian
Estimating row 221 out of 330 for hessian
Estimating row 222 out of 330 for hessian
Estimating row 223 out of 330 for hessian
Estimating row 224 out of 330 for hessian
Estimating row 225 out of 330 for hessian
Estimating row 226 out of 330 for hessian
Estimating row 227 out of 330 for hessian
Estimating row 228 out of 330 for hessian
Estimating row 229 out of 330 for hessian
Estimating row 230 out of 330 for hessian
Estimating row 231 out of 330 for hessian
Estimating row 232 out of 330 for hessian
Estimating row 233 out of 330 for hessian
Estimating row 234 out of 330 for hessian
Estimating row 235 out of 330 for hessian
Estimating row 236 out of 330 for hessian
Estimating row 237 out of 330 for hessian
Estimating row 238 out of 330 for hessian
Estimating row 239 out of 330 for hessian
Estimating row 240 out of 330 for hessian
Estimating row 241 out of 330 for hessian
Estimating row 242 out of 330 for hessian
Estimating row 243 out of 330 for hessian
Estimating row 244 out of 330 for hessian
Estimating row 245 out of 330 for hessian
Estimating row 246 out of 330 for hessian
Estimating row 247 out of 330 for hessian
Estimating row 248 out of 330 for hessian
Estimating row 249 out of 330 for hessian
Estimating row 250 out of 330 for hessian
Estimating row 251 out of 330 for hessian
Estimating row 252 out of 330 for hessian
Estimating row 253 out of 330 for hessian
Estimating row 254 out of 330 for hessian
Estimating row 255 out of 330 for hessian
Estimating row 256 out of 330 for hessian
Estimating row 257 out of 330 for hessian
Estimating row 258 out of 330 for hessian
Estimating row 259 out of 330 for hessian
Estimating row 260 out of 330 for hessian
Estimating row 261 out of 330 for hessian
Estimating row 262 out of 330 for hessian
Estimating row 263 out of 330 for hessian
Estimating row 264 out of 330 for hessian
Estimating row 265 out of 330 for hessian
Estimating row 266 out of 330 for hessian
Estimating row 267 out of 330 for hessian
Estimating row 268 out of 330 for hessian
Estimating row 269 out of 330 for hessian
Estimating row 270 out of 330 for hessian
Estimating row 271 out of 330 for hessian
Estimating row 272 out of 330 for hessian
Estimating row 273 out of 330 for hessian
Estimating row 274 out of 330 for hessian
Estimating row 275 out of 330 for hessian
Estimating row 276 out of 330 for hessian
Estimating row 277 out of 330 for hessian
Estimating row 278 out of 330 for hessian
Estimating row 279 out of 330 for hessian
Estimating row 280 out of 330 for hessian
Estimating row 281 out of 330 for hessian
Estimating row 282 out of 330 for hessian
Estimating row 283 out of 330 for hessian
Estimating row 284 out of 330 for hessian
Estimating row 285 out of 330 for hessian
Estimating row 286 out of 330 for hessian
Estimating row 287 out of 330 for hessian
Estimating row 288 out of 330 for hessian
Estimating row 289 out of 330 for hessian
Estimating row 290 out of 330 for hessian
Estimating row 291 out of 330 for hessian
Estimating row 292 out of 330 for hessian
Estimating row 293 out of 330 for hessian
Estimating row 294 out of 330 for hessian
Estimating row 295 out of 330 for hessian
Estimating row 296 out of 330 for hessian
Estimating row 297 out of 330 for hessian
Estimating row 298 out of 330 for hessian
Estimating row 299 out of 330 for hessian
Estimating row 300 out of 330 for hessian
Estimating row 301 out of 330 for hessian
Estimating row 302 out of 330 for hessian
Estimating row 303 out of 330 for hessian
Estimating row 304 out of 330 for hessian
Estimating row 305 out of 330 for hessian
Estimating row 306 out of 330 for hessian
Estimating row 307 out of 330 for hessian
Estimating row 308 out of 330 for hessian
Estimating row 309 out of 330 for hessian
Estimating row 310 out of 330 for hessian
Estimating row 311 out of 330 for hessian
Estimating row 312 out of 330 for hessian
Estimating row 313 out of 330 for hessian
Estimating row 314 out of 330 for hessian
Estimating row 315 out of 330 for hessian
Estimating row 316 out of 330 for hessian
Estimating row 317 out of 330 for hessian
Estimating row 318 out of 330 for hessian
Estimating row 319 out of 330 for hessian
Estimating row 320 out of 330 for hessian
Estimating row 321 out of 330 for hessian
Estimating row 322 out of 330 for hessian
Estimating row 323 out of 330 for hessian
Estimating row 324 out of 330 for hessian
Estimating row 325 out of 330 for hessian
Estimating row 326 out of 330 for hessian
Estimating row 327 out of 330 for hessian
Estimating row 328 out of 330 for hessian
Estimating row 329 out of 330 for hessian
Estimating row 330 out of 330 for hessian
size of file gradfil1.tmp = 0
size of file gradfil2.tmp = 0
size of file varssave.tmp = 0
size of file cmpdiff.tmp = 0
