
Initial statistics: 54 variables; iteration 0; function evaluation 0; phase 1
Function value 2.5181981e+05; maximum gradient component mag -1.4284e+06
Var    Value     Gradient |Var    Value     Gradient |Var    Value     Gradient
  1 -0.13313 -1.42842e+06 |  2  0.00000 -1.02254e+05 |  3  0.00000 -9.98968e+04
  4  0.00000 -9.12979e+04 |  5  0.00000 -9.97732e+04 |  6  0.00000 -8.79900e+04
  7  0.00000 -9.72838e+04 |  8  0.00000 -7.55962e+04 |  9  0.00000 -1.06118e+05
 10  0.00000 -7.11373e+04 | 11  0.00000 -8.26113e+04 | 12  0.00000 -9.23307e+04
 13  0.00000 -7.67736e+04 | 14  0.00000 -9.17848e+04 | 15  0.00000 -1.22412e+05
 16  0.00000 -1.89732e+05 | 17  0.00000 -1.50871e+05 | 18  0.00000 -1.61311e+05
 19  0.00000 -1.72223e+05 | 20  0.00000 -1.74711e+05 | 21  0.00000 -1.59969e+05
 22  0.00000 -1.66314e+05 | 23  0.00000 -1.77864e+05 | 24  0.00000 -1.57276e+05
 25  0.00000 -1.51885e+05 | 26  0.00000 -1.71014e+05 | 27  0.00000 -1.53731e+05
 28  0.00000 -1.39702e+05 | 29  0.00000 -1.53065e+05 | 30  0.00000 -1.32474e+05
 31  0.00000 -1.28251e+05 | 32  0.00000 -1.52462e+05 | 33  0.00000 -1.60499e+05
 34  0.00000 -1.60104e+05 | 35  0.00000 -1.62800e+05 | 36  0.00000 -1.57232e+05
 37  0.00000 -1.52254e+05 | 38  0.00000 -1.44074e+05 | 39  0.00000 -1.41007e+05
 40  0.00000 -1.59094e+05 | 41  0.00000 -1.45532e+05 | 42  0.00000 -1.50765e+05
 43  0.00000 -1.34961e+05 | 44  0.00000 -1.35619e+05 | 45  0.00000 -1.29303e+05
 46  0.00000 -1.35030e+05 | 47  0.00000 -1.22073e+05 | 48  0.00000 -9.01498e+04
 49  0.00000 -1.08486e+05 | 50  0.00000 -7.01058e+04 | 51  0.00000 -5.19451e+04
 52  0.00000 -4.25311e+04 | 53  0.00000 -1.07864e+04 | 54  0.00000 -2.80161e+02

Intermediate statistics: 54 variables; iteration 20; function evaluation 36; phase 1
Function value 3.9723822e+03; maximum gradient component mag -3.0435e+03
Var    Value     Gradient |Var    Value     Gradient |Var    Value     Gradient
  1  0.46213  6.76212e+02 |  2 -0.68980 -1.27967e+01 |  3  0.11332  4.47000e+02
  4 -0.00952  2.40954e+02 |  5  0.06734 -5.48139e+01 |  6 -0.03528  1.15188e+02
  7 -0.02825  8.00024e+01 |  8 -0.13757  4.33251e+01 |  9  0.08371  9.47874e+01
 10 -0.22909  1.45921e+01 | 11 -0.06506  2.96466e+01 | 12  0.10406 -4.97293e+02
 13 -0.30001 -7.01679e+00 | 14 -0.21654  4.85522e+01 | 15  0.08654  5.42872e+02
 16 -1.21087  1.03744e+01 | 17 -0.04584  1.77741e+02 | 18 -0.10587  2.15875e+02
 19  0.08255  6.18130e+02 | 20  0.00009  2.68334e+02 | 21 -0.36315 -2.57868e+00
 22  0.00871 -3.01488e+01 | 23 -0.06263  1.97397e+02 | 24 -0.15840  1.53706e+02
 25  0.03268  2.99082e+02 | 26  0.01953 -7.73838e+01 | 27 -0.04288  7.43382e+01
 28  0.02925  3.99575e+02 | 29 -0.05384  5.73754e+00 | 30  0.00403 -2.46771e+02
 31  0.15828 -3.04352e+03 | 32 -0.03100  2.39610e+02 | 33 -0.05606 -9.78448e+01
 34 -1.04301  3.33895e+00 | 35  0.08546  8.10529e+02 | 36 -0.78239 -1.68523e+01
 37  0.17485  2.19103e+02 | 38  0.17535 -1.01497e+02 | 39 -1.04327  1.91929e+00
 40  0.35805  4.99387e+02 | 41  0.23200  3.97751e+02 | 42  1.45519 -9.03065e+02
 43  0.21807 -1.03842e+02 | 44 -0.09626 -1.68129e+02 | 45 -0.72333 -1.17034e+01
 46  0.54586 -9.22947e+02 | 47 -0.53863 -1.42121e+01 | 48  0.58554 -1.35245e+02
 49  0.44119  4.23132e+01 | 50 -0.11428 -3.17272e+01 | 51  0.00061 -2.04035e+01
 52  0.98010  1.80308e+01 | 53  1.15889  4.54302e+01 | 54  0.14242 -1.97576e+00
54 variables; iteration 40; function evaluation 70; phase 1
Function value 3.7622937e+03; maximum gradient component mag -2.0408e+03
Var    Value     Gradient |Var    Value     Gradient |Var    Value     Gradient
  1  0.68422  2.30357e+02 |  2  0.16489  2.65367e+02 |  3  0.15306  7.64680e+02
  4 -0.00704  1.39158e+02 |  5  0.10739 -2.67783e+01 |  6  0.04683  2.59696e+02
  7  0.01364  1.22627e+02 |  8 -0.08180  6.48304e+01 |  9  0.12648  1.61027e+02
 10 -0.38912 -1.01502e+01 | 11 -0.09372  1.05937e+01 | 12  0.22387  9.01569e+02
 13 -1.55001  1.15040e+01 | 14 -0.20722  3.26648e+01 | 15 -0.03705  1.60084e+02
 16 -2.04390  5.42365e+02 | 17 -0.00982  3.51008e+02 | 18 -0.21713  2.90610e+01
 19  0.03960 -2.17346e+02 | 20 -0.03639 -1.33455e+02 | 21 -0.68351 -1.22764e+01
 22  0.00605 -2.18509e+02 | 23 -0.00637  2.99974e+02 | 24 -0.11544  1.51996e+02
 25  0.02162 -3.85468e+02 | 26 -0.00216 -6.76637e+02 | 27 -0.03947 -2.08613e+02
 28  0.07197  3.21806e+02 | 29  0.02037  2.03811e+02 | 30  0.09526  3.27611e+02
 31  0.23487 -2.04083e+03 | 32 -0.11608 -1.46503e+01 | 33  0.06792  5.01675e+02
 34 -0.03492  4.93720e+02 | 35  0.14090  8.98291e+02 | 36 -1.70427  1.63589e+01
 37  0.22615 -1.18224e+02 | 38  0.16996 -6.40085e+02 | 39 -2.01754 -1.94599e+02
 40  0.41020  9.76607e+02 | 41  0.21766  1.25971e+02 | 42  1.43083  2.12362e+02
 43  0.17738  1.29211e+01 | 44  0.25728 -4.57316e+02 | 45 -0.61039 -1.39953e+01
 46  0.59743 -4.91400e+02 | 47 -1.65179  1.23144e+01 | 48  0.63559  8.81053e-01
 49  0.47617  1.40614e+02 | 50  0.19381  1.35569e+01 | 51  0.20102  9.53529e+00
 52  0.82678 -1.99833e+01 | 53  1.02198  6.43917e+00 | 54  0.47811  2.74013e+01
54 variables; iteration 60; function evaluation 96; phase 1
Function value 3.4408031e+03; maximum gradient component mag 6.8575e+02
Var    Value     Gradient |Var    Value     Gradient |Var    Value     Gradient
  1  0.55551  2.72748e+02 |  2  0.18967  4.04813e+02 |  3  0.09999  3.66473e+02
  4 -0.06686  3.47230e+01 |  5  0.10994 -7.65123e+01 |  6  0.05030  2.85517e+02
  7  0.03706  1.83896e+02 |  8 -0.12363  3.09934e+01 |  9  0.13165  1.02147e+02
 10 -0.18755  1.11719e+01 | 11 -0.12222 -1.94602e+01 | 12  0.21643  3.36096e+02
 13 -1.50705  1.33783e+01 | 14 -0.16183  4.33222e+01 | 15 -0.08090  7.60770e+01
 16 -2.12318  3.36229e+02 | 17 -0.03573  2.50739e+02 | 18 -0.09622  1.17232e+02
 19  0.07116 -1.57226e+02 | 20 -0.02286 -9.40067e+01 | 21 -0.17628  2.26857e+01
 22  0.07186 -2.06857e+01 | 23 -0.03322  6.64373e+01 | 24 -0.13974  4.31382e+01
 25  0.04998 -1.41677e+02 | 26  0.13572  1.12553e+02 | 27 -0.04088 -9.86837e+01
 28  0.09065 -1.87883e+01 | 29  0.04102  5.53507e+00 | 30  0.12557  2.66125e+02
 31  0.32209  6.85746e+02 | 32 -0.09706 -1.17074e+01 | 33  0.06260 -4.66485e+01
 34 -0.06901  1.36712e+02 | 35  0.11792 -2.41639e+02 | 36 -1.65570  3.10634e+01
 37  0.25411 -1.10079e+01 | 38  0.25952  1.68134e+01 | 39 -1.67232  7.69875e+00
 40  0.41743 -3.68777e+02 | 41  0.21490 -9.57831e+01 | 42  1.38122  1.58049e+02
 43  0.16590  3.56453e+01 | 44  0.37812  3.16153e+02 | 45 -0.84219 -6.88444e+00
 46  0.66499 -8.86783e+01 | 47 -1.86345  2.84183e+00 | 48  0.69163 -1.18621e+02
 49  0.42777 -1.08813e+02 | 50  0.29640  5.08208e+01 | 51  0.22785  1.66178e+01
 52  0.92744 -1.38503e+01 | 53  0.83855 -7.73733e+01 | 54  0.39652  1.49471e+01
Maximum number of function evaluations exceeded

 - final statistics:
54 variables; iteration 65; function evaluation 100
Function value 3.3502e+03; maximum gradient component mag 2.4681e+02
Exit code = 3;  converg criter 1.0000e+01
Var    Value     Gradient |Var    Value     Gradient |Var    Value     Gradient
  1  0.53287  2.46814e+02 |  2  0.16302  1.95539e+02 |  3  0.02871  1.14258e+02
  4 -0.13196  6.74541e+00 |  5  0.13661  1.49329e+02 |  6 -0.00709  1.55983e+02
  7  0.01478  1.15272e+02 |  8 -0.09152  5.50042e+01 |  9  0.12433  8.20107e+01
 10 -0.18392  1.57004e+01 | 11 -0.06288  9.66785e+00 | 12  0.20476  1.01728e+02
 13 -1.38899  1.33572e+01 | 14 -0.17921  3.12104e+01 | 15 -0.05409  1.21562e+02
 16 -2.16266 -3.31868e+01 | 17 -0.05935  1.87287e+02 | 18 -0.14852  5.15502e+01
 19  0.08878 -6.54205e+01 | 20  0.01214 -1.44428e+01 | 21 -0.17282  2.82392e+01
 22  0.08292 -5.49915e+01 | 23 -0.06046  3.26141e-01 | 24 -0.10366  5.98858e+01
 25  0.06399 -1.82958e+02 | 26  0.12418 -1.14552e+02 | 27  0.03002 -4.83901e+01
 28  0.09078 -6.77380e+01 | 29  0.05287 -4.58514e+01 | 30  0.13000  1.05379e+02
 31  0.33100  2.66447e+01 | 32 -0.02724  1.83438e+01 | 33  0.08053 -8.67706e+00
 34 -0.03207  2.00255e+02 | 35  0.16371  6.15168e+01 | 36 -1.48112  3.08287e+01
 37  0.28874  1.16847e+02 | 38  0.28919 -4.47541e+00 | 39 -1.43256  1.36176e+01
 40  0.47481  1.20077e+02 | 41  0.24207 -6.77759e+01 | 42  1.30946  1.97027e+01
 43  0.17162 -6.06027e+00 | 44  0.40238  6.01881e+01 | 45 -1.62260  1.41537e+01
 46  0.74750  5.77374e+00 | 47 -1.88828  1.84264e+00 | 48  0.78327 -4.17905e+00
 49  0.48398 -6.49694e+01 | 50  0.31564  3.06540e+01 | 51  0.18564 -6.51714e+00
 52  1.03154  2.09492e+01 | 53  0.91610 -4.68355e+01 | 54  0.28375 -1.98531e+00

Initial statistics: 63 variables; iteration 0; function evaluation 0; phase 2
Function value 3.3502271e+03; maximum gradient component mag 9.7052e+03
Var    Value     Gradient |Var    Value     Gradient |Var    Value     Gradient
  1  0.53287  2.46814e+02 |  2  0.16302  1.95539e+02 |  3  0.02871  1.14258e+02
  4 -0.13196  6.74541e+00 |  5  0.13661  1.49329e+02 |  6 -0.00709  1.55983e+02
  7  0.01478  1.15272e+02 |  8 -0.09152  5.50042e+01 |  9  0.12433  8.20107e+01
 10 -0.18392  1.57004e+01 | 11 -0.06288  9.66785e+00 | 12  0.20476  1.01728e+02
 13 -0.61101 -1.33572e+01 | 14 -0.17921  3.12104e+01 | 15 -0.05409  1.21562e+02
 16  0.16266  3.31868e+01 | 17 -0.05935  1.87287e+02 | 18 -0.14852  5.15502e+01
 19  0.08878 -6.54205e+01 | 20  0.01214 -1.44428e+01 | 21 -0.17282  2.82392e+01
 22  0.08292 -5.49915e+01 | 23 -0.06046  3.26141e-01 | 24 -0.10366  5.98858e+01
 25  0.06399 -1.82958e+02 | 26  0.12418 -1.14552e+02 | 27  0.03002 -4.83901e+01
 28  0.09078 -6.77380e+01 | 29  0.05287 -4.58514e+01 | 30  0.13000  1.05379e+02
 31  0.33100  2.66447e+01 | 32 -0.02724  1.83438e+01 | 33  0.08053 -8.67706e+00
 34 -0.03207  2.00255e+02 | 35  0.16371  6.15168e+01 | 36 -0.51888 -3.08287e+01
 37  0.28874  1.16847e+02 | 38  0.28919 -4.47541e+00 | 39 -0.56744 -1.36176e+01
 40  0.47481  1.20077e+02 | 41  0.24207 -6.77759e+01 | 42  0.69054 -1.97027e+01
 43  0.17162 -6.06027e+00 | 44  0.40238  6.01881e+01 | 45 -0.37740 -1.41537e+01
 46  0.74750  5.77374e+00 | 47 -0.11172 -1.84264e+00 | 48  0.78327 -4.17905e+00
 49  0.48398 -6.49694e+01 | 50  0.31564  3.06540e+01 | 51  0.18564 -6.51714e+00
 52  0.96846 -2.09492e+01 | 53  0.91610 -4.68355e+01 | 54  0.28375 -1.98531e+00
 55  0.06388 -3.47667e+02 | 56 -0.10388  1.70229e+03 | 57 -0.14695  5.42883e+03
 58 -0.16458  8.13147e+03 | 59 -0.13980  9.70519e+03 | 60 -0.13947  2.04584e+02
 61 -0.19876 -5.22559e+01 | 62 -0.15684  1.91422e+02 | 63 -0.15482  1.54473e+02

Intermediate statistics: 63 variables; iteration 20; function evaluation 38; phase 2
Function value 2.9926755e+03; maximum gradient component mag 1.5532e+03
Var    Value     Gradient |Var    Value     Gradient |Var    Value     Gradient
  1  0.04945  5.11159e+01 |  2  0.19709 -7.42563e+01 |  3 -0.02852 -3.41691e+00
  4 -0.08800  3.14632e+00 |  5  0.14337  2.36023e+01 |  6 -0.20218 -2.93861e+00
  7  0.07809  3.10524e+02 |  8 -0.25343 -2.81863e+00 |  9  0.15149  6.94806e+00
 10 -0.26572 -2.18763e+00 | 11  0.03402  6.87726e+01 | 12  0.24001 -2.34151e+02
 13 -0.45806 -1.49253e+01 | 14 -0.16087  3.66562e+00 | 15 -0.08115  1.08752e+01
 16  0.23071 -1.59348e+02 | 17 -0.25501 -3.67965e+00 | 18 -0.22089 -6.90656e+00
 19  0.14508 -1.89550e+02 | 20  0.04604 -1.24839e+02 | 21 -0.23235 -5.40268e+00
 22  0.12924 -1.43403e+01 | 23  0.04603  1.39610e+02 | 24 -0.22344  2.98595e+00
 25  0.11507 -6.57386e+01 | 26  0.17220  2.15737e+02 | 27  0.05411  1.67751e+01
 28  0.12148  1.33396e+02 | 29  0.08145  8.14654e+01 | 30  0.14708  1.51307e+02
 31  0.32446 -9.39135e+02 | 32  0.01239  7.60611e+01 | 33  0.11554  2.65766e+02
 34 -0.17298  2.38800e+01 | 35  0.16224  1.05958e+02 | 36 -0.18666 -3.06576e+00
 37  0.29185  4.48716e+02 | 38  0.29968  3.40658e+02 | 39 -0.41895 -1.20741e+01
 40  0.46896 -2.62981e+01 | 41  0.25654 -7.08375e+01 | 42  0.69613  1.78974e+02
 43  0.19220  1.57585e+01 | 44  0.38415  1.48997e+01 | 45 -0.22044 -1.34339e+01
 46  0.71109  7.46386e+01 | 47 -0.10047 -7.18459e-01 | 48  0.72119  1.81026e-01
 49  0.50139  4.86298e+01 | 50  0.01033 -2.88336e+01 | 51  0.12665 -1.71187e+01
 52  0.86112 -5.19987e+01 | 53  1.04096  1.93945e+01 | 54  0.29165  8.80467e-02
 55  0.14086  3.14107e+01 | 56 -0.10313  4.54613e+02 | 57 -0.14409  1.55320e+03
 58 -0.16888  1.51977e+03 | 59 -0.17088  1.16116e+03 | 60 -0.15861  2.63635e+02
 61 -0.16195  4.18248e+02 | 62 -0.15670  6.05722e+02 | 63 -0.15196  4.35618e+02
63 variables; iteration 40; function evaluation 59; phase 2
Function value 2.9612351e+03; maximum gradient component mag 1.0088e+03
Var    Value     Gradient |Var    Value     Gradient |Var    Value     Gradient
  1  0.10001  9.79780e+01 |  2  0.16795 -1.38381e+02 |  3 -0.04854 -1.78104e+01
  4 -0.11010 -3.58662e+00 |  5  0.12521  1.72904e+01 |  6 -0.15083  1.01257e+01
  7  0.04980  2.27899e+02 |  8 -0.40002 -1.22085e+01 |  9  0.13985  2.83702e+01
 10 -0.49993 -1.33050e+01 | 11  0.00264  3.71815e+01 | 12  0.23017 -1.26430e+02
 13 -0.11367  2.23244e+01 | 14 -0.20815  2.74255e+00 | 15 -0.08765  1.75499e+01
 16  0.21540 -1.20185e+02 | 17 -0.17898  1.62057e+01 | 18 -0.20436 -1.19421e-01
 19  0.12840 -2.11249e+02 | 20  0.01671 -1.52927e+02 | 21 -0.26127 -1.03769e+01
 22  0.10315 -1.26774e+02 | 23  0.02032  9.33044e+01 | 24 -0.19858  9.69558e+00
 25  0.09374 -8.00051e+01 | 26  0.15977  2.94886e+02 | 27  0.03799  5.78992e+01
 28  0.11818  2.99697e+02 | 29  0.04606 -1.42774e+01 | 30  0.11225 -3.47638e+01
 31  0.30529 -7.81017e+02 | 32 -0.01275  6.31394e+01 | 33  0.08789  1.91851e+02
 34 -0.22110  6.88108e+00 | 35  0.13850  1.24301e+02 | 36 -0.13968  2.26959e+01
 37  0.26026  3.43254e+02 | 38  0.27259  3.18898e+02 | 39 -0.19647  1.04151e+01
 40  0.43581 -5.97867e+01 | 41  0.22799 -9.03234e+01 | 42  0.64360 -1.77509e+00
 43  0.15047 -5.36209e+00 | 44  0.35665  1.83894e+02 | 45  0.18875  2.33513e+01
 46  0.66504  1.63614e+02 | 47 -0.07004  3.19047e+00 | 48  0.67302 -1.17937e+01
 49  0.47559  5.43396e+01 | 50 -0.17834 -3.17661e+01 | 51  0.06855 -1.97363e+01
 52  0.80926 -4.02385e+01 | 53  1.00925  3.19821e+00 | 54  0.30981  5.15398e+00
 55  0.15942  7.21164e+01 | 56 -0.10619  1.33357e+02 | 57 -0.14288  1.00883e+03
 58 -0.17252  7.62369e+02 | 59 -0.17035  4.94996e+02 | 60 -0.16114  2.30483e+02
 61 -0.15340  3.35116e+02 | 62 -0.16686  4.65741e+02 | 63 -0.15264  3.14767e+02
63 variables; iteration 60; function evaluation 81; phase 2
Function value 2.8889572e+03; maximum gradient component mag -8.3061e+02
Var    Value     Gradient |Var    Value     Gradient |Var    Value     Gradient
  1  0.08924  1.13279e+02 |  2  0.18311 -1.46864e+02 |  3 -0.02393 -1.41740e+01
  4 -0.12711 -4.94381e+00 |  5  0.13936  9.44566e+01 |  6 -0.15827  8.65432e+00
  7  0.04621  2.04387e+02 |  8 -0.20573  3.62696e+00 |  9  0.13417 -3.51626e-01
 10 -0.22703  3.81464e+00 | 11 -0.00649  2.62529e+01 | 12  0.23391 -9.98598e+01
 13 -0.15999  3.96115e+00 | 14 -0.17802  3.26082e+00 | 15 -0.14951 -9.12042e+00
 16  0.22760  4.38798e+00 | 17 -0.34063 -9.03458e+00 | 18 -0.19788  9.95294e-02
 19  0.13549 -1.12837e+02 | 20  0.03437 -9.23484e+01 | 21 -0.18186  6.19808e+00
 22  0.10740 -6.26044e+01 | 23  0.01005  8.00743e+01 | 24 -0.21820  5.56029e+00
 25  0.09132 -9.12692e+01 | 26  0.13882  3.35204e+01 | 27  0.01075 -7.83154e+01
 28  0.08513  2.86637e+01 | 29  0.04067 -1.48994e+01 | 30  0.10399  5.85703e+01
 31  0.30445  1.71280e+02 | 32 -0.05323  3.16740e+01 | 33  0.06300  1.01800e+02
 34 -0.30273 -1.46398e+01 | 35  0.10415 -1.48216e+01 | 36 -0.17895  7.44741e+00
 37  0.20737 -1.29675e+02 | 38  0.23170  1.33181e+02 | 39 -0.22197  1.19570e+01
 40  0.39231  4.50816e+01 | 41  0.19247 -8.32172e+01 | 42  0.57434 -7.94881e+01
 43  0.12009 -2.68908e+00 | 44  0.30531  1.48476e+02 | 45  0.11249 -1.54134e+01
 46  0.58398  1.95926e+02 | 47 -0.28222 -9.91360e+00 | 48  0.59311  9.60669e+01
 49  0.40373  5.04508e+01 | 50 -0.08389 -3.27314e+01 | 51  0.10954 -1.25793e+01
 52  0.68284 -1.44088e+01 | 53  1.18259  1.94065e+01 | 54  0.33327  1.32453e+01
 55  0.15545  4.29771e+01 | 56 -0.09910 -2.01944e+02 | 57 -0.15074 -3.55030e+02
 58 -0.17577 -8.30606e+02 | 59 -0.17661 -8.01158e+02 | 60 -0.17209 -3.30978e+01
 61 -0.15700 -9.48354e+01 | 62 -0.18240 -1.72041e+01 | 63 -0.16338 -1.14411e+02
Maximum number of function evaluations exceeded

 - final statistics:
63 variables; iteration 76; function evaluation 100
Function value 2.7560e+03; maximum gradient component mag -2.6195e+03
Exit code = 3;  converg criter 1.0000e+01
Var    Value     Gradient |Var    Value     Gradient |Var    Value     Gradient
  1  0.10678 -3.10814e+02 |  2  0.14750 -1.93590e+02 |  3 -0.03598 -2.20208e+01
  4 -0.14106 -3.26626e+00 |  5  0.11580  4.55702e+01 |  6 -0.25808 -1.10641e+01
  7 -0.00403  3.85966e+01 |  8 -0.48552 -1.44293e+01 |  9  0.11775  1.61594e+01
 10 -0.56936 -1.33702e+01 | 11 -0.03382  1.14153e+01 | 12  0.21397 -1.04154e+02
 13 -0.09443  3.08120e+01 | 14 -0.56842 -1.45835e+01 | 15 -0.15427 -1.65335e+01
 16  0.19463 -1.77012e+02 | 17 -0.32004 -6.94461e+00 | 18 -0.21423  1.02675e+00
 19  0.10707 -8.08222e+01 | 20  0.03062 -4.88252e+01 | 21 -0.72459 -1.08532e+01
 22  0.08640 -4.95770e+01 | 23 -0.07849 -1.85174e+01 | 24 -0.31664 -7.01640e+00
 25  0.05813 -8.11520e+01 | 26  0.05976 -1.64673e+02 | 27 -0.01893 -4.05718e+01
 28 -0.00312 -9.71789e+01 | 29 -0.04039 -3.06203e+01 | 30  0.00875 -7.87733e+00
 31  0.19855 -1.18747e+02 | 32 -0.16595 -1.52762e+00 | 33 -0.05754 -1.82781e+01
 34 -0.45991 -1.10950e+01 | 35 -0.03170  1.38410e-01 | 36 -0.42406 -3.20626e+00
 37  0.03988  6.23562e+01 | 38  0.02643 -1.38817e+01 | 39 -0.74608 -8.62230e+00
 40  0.14428 -9.61672e+01 | 41 -0.02089 -3.65028e+01 | 42  0.25207 -4.93457e+02
 43 -0.11393 -1.47429e+00 | 44  0.00679 -1.43090e+00 | 45 -0.15903 -2.60317e+01
 46  0.20706  3.60358e+00 | 47 -0.56315 -1.20709e+01 | 48  0.20091  7.92467e+01
 49  0.03740 -2.22003e+01 | 50 -0.21368 -3.03840e+01 | 51 -0.16635  1.15540e+01
 52  0.24160  1.58177e+02 | 53  1.66570 -1.72949e+02 | 54 -0.16162 -3.03391e+01
 55  0.14414 -3.24481e+01 | 56 -0.09955 -1.03677e+03 | 57 -0.15817 -1.86973e+03
 58 -0.16987 -2.41408e+03 | 59 -0.17847 -2.61947e+03 | 60 -0.16335 -1.21419e+02
 61 -0.16697 -2.04310e+02 | 62 -0.18691 -2.33333e+02 | 63 -0.15751 -2.44136e+02

Initial statistics: 87 variables; iteration 0; function evaluation 0; phase 3
Function value 2.7559713e+03; maximum gradient component mag -2.6195e+03
Var    Value     Gradient |Var    Value     Gradient |Var    Value     Gradient
  1  0.10678 -3.10814e+02 |  2  0.00000  1.37438e+01 |  3  0.00000  3.02635e+00
  4  0.00000  3.69274e+00 |  5  0.00000  4.50587e+00 |  6  0.00000  5.49806e+00
  7  0.00000  6.70872e+00 |  8  0.00000  8.14591e+00 |  9  0.00000  9.85472e+00
 10  0.00000  1.19410e+01 | 11  0.00000  1.44175e+01 | 12  0.00000  1.73825e+01
 13  0.00000  2.09029e+01 | 14  0.00000  2.49999e+01 | 15  0.00000  2.95655e+01
 16  0.00000  3.43075e+01 | 17  0.00000  3.82946e+01 | 18  0.00000  4.03665e+01
 19  0.00000  3.93361e+01 | 20  0.00000  3.25434e+01 | 21  0.00000  1.53643e+01
 22  0.00000 -1.50074e+01 | 23  0.00000 -5.34765e+01 | 24  0.00000 -6.06052e+01
 25  0.00000 -3.48815e+01 | 26  0.14750 -1.93590e+02 | 27 -0.03598 -2.20208e+01
 28 -0.14106 -3.26626e+00 | 29  0.11580  4.55702e+01 | 30 -0.25808 -1.10641e+01
 31 -0.00403  3.85966e+01 | 32 -0.48552 -1.44293e+01 | 33  0.11775  1.61594e+01
 34 -0.56936 -1.33702e+01 | 35 -0.03382  1.14153e+01 | 36  0.21397 -1.04154e+02
 37 -0.09443  3.08120e+01 | 38 -0.56842 -1.45835e+01 | 39 -0.15427 -1.65335e+01
 40  0.19463 -1.77012e+02 | 41 -0.32004 -6.94461e+00 | 42 -0.21423  1.02675e+00
 43  0.10707 -8.08222e+01 | 44  0.03062 -4.88252e+01 | 45 -0.72459 -1.08532e+01
 46  0.08640 -4.95770e+01 | 47 -0.07849 -1.85174e+01 | 48 -0.31664 -7.01640e+00
 49  0.05813 -8.11520e+01 | 50  0.05976 -1.64673e+02 | 51 -0.01893 -4.05718e+01
 52 -0.00312 -9.71789e+01 | 53 -0.04039 -3.06203e+01 | 54  0.00875 -7.87733e+00
 55  0.19855 -1.18747e+02 | 56 -0.16595 -1.52762e+00 | 57 -0.05754 -1.82781e+01
 58 -0.45991 -1.10950e+01 | 59 -0.03170  1.38410e-01 | 60 -0.42406 -3.20626e+00
 61  0.03988  6.23562e+01 | 62  0.02643 -1.38817e+01 | 63 -0.74608 -8.62230e+00
 64  0.14428 -9.61672e+01 | 65 -0.02089 -3.65028e+01 | 66  0.25207 -4.93457e+02
 67 -0.11393 -1.47429e+00 | 68  0.00679 -1.43090e+00 | 69 -0.15903 -2.60317e+01
 70  0.20706  3.60358e+00 | 71 -0.56315 -1.20709e+01 | 72  0.20091  7.92467e+01
 73  0.03740 -2.22003e+01 | 74 -0.21368 -3.03840e+01 | 75 -0.16635  1.15540e+01
 76  0.24160  1.58177e+02 | 77  0.33430  1.72949e+02 | 78 -0.16162 -3.03391e+01
 79  0.14414 -3.24481e+01 | 80 -0.09955 -1.03677e+03 | 81 -0.15817 -1.86973e+03
 82 -0.16987 -2.41408e+03 | 83 -0.17847 -2.61947e+03 | 84 -0.16335 -1.21419e+02
 85 -0.16697 -2.04310e+02 | 86 -0.18691 -2.33333e+02 | 87 -0.15751 -2.44136e+02

Intermediate statistics: 87 variables; iteration 20; function evaluation 25; phase 3
Function value 2.6986639e+03; maximum gradient component mag -8.7715e+02
Var    Value     Gradient |Var    Value     Gradient |Var    Value     Gradient
  1  0.04367 -4.77698e+02 |  2 -0.04911  1.72376e+00 |  3 -0.01182  7.00734e-01
  4 -0.01433  8.23645e-01 |  5 -0.01736  9.60162e-01 |  6 -0.02099  1.10804e+00
  7 -0.02535  1.26288e+00 |  8 -0.03038  1.39996e+00 |  9 -0.03617  1.50217e+00
 10 -0.04301  1.58168e+00 | 11 -0.05085  1.61647e+00 | 12 -0.05969  1.56954e+00
 13 -0.06967  1.41119e+00 | 14 -0.08051  1.10709e+00 | 15 -0.09133  5.97621e-01
 16 -0.10080 -1.95508e-01 | 17 -0.10638 -1.37140e+00 | 18 -0.10405 -2.90298e+00
 19 -0.09280 -4.49190e+00 | 20 -0.06679 -5.84631e+00 | 21 -0.01948 -4.33406e+00
 22  0.04360  8.03703e+00 | 23  0.12334  3.16487e+01 | 24  0.07051  1.78395e+01
 25 -0.03823  1.30350e+00 | 26  0.17287 -3.89248e+01 | 27 -0.04821 -4.62433e+00
 28 -0.11990 -2.00928e+00 | 29  0.12163  1.95067e+01 | 30 -0.18314 -6.45619e+00
 31 -0.00771 -3.79271e+00 | 32 -0.39532 -1.40879e+01 | 33  0.12769 -2.07037e+01
 34 -0.48528 -1.32823e+01 | 35 -0.02948  3.43494e-01 | 36  0.23451 -5.98329e+01
 37 -0.16928 -4.62637e+00 | 38 -0.47327 -1.60113e+01 | 39 -0.09009  3.72694e+00
 40  0.21663 -5.69266e+01 | 41 -0.28560 -4.18832e+00 | 42 -0.22291 -3.55078e+00
 43  0.12129 -1.01714e+02 | 44  0.04845 -3.57599e+01 | 45 -0.65399 -1.25462e+01
 46  0.10154 -4.99460e+01 | 47 -0.05407 -1.15031e+01 | 48 -0.28164 -7.10802e+00
 49  0.06108 -1.62196e+02 | 50  0.08286 -9.70633e+01 | 51 -0.00508 -2.13448e+01
 52  0.01524 -7.94388e+01 | 53 -0.02968 -3.83555e+01 | 54  0.02180 -3.12211e+01
 55  0.21395 -1.62537e+02 | 56 -0.15589 -1.09829e+01 | 57 -0.04737 -7.15006e+01
 58 -0.40338 -4.74292e+00 | 59 -0.02405 -1.35770e+02 | 60 -0.40474 -6.46808e+00
 61  0.04020 -2.60532e+02 | 62  0.03413 -1.50415e+02 | 63 -0.69038 -9.54771e+00
 64  0.15144 -8.08544e+01 | 65 -0.01093 -1.45617e+01 | 66  0.25837 -4.70728e+02
 67 -0.10517  4.96133e-01 | 68  0.01786  6.19125e+01 | 69 -0.13186  8.35887e+00
 70  0.21790  3.61987e+02 | 71 -0.49000 -1.06695e+01 | 72  0.20270 -6.71035e+01
 73  0.04011 -2.63926e+01 | 74 -0.14658  1.67509e+00 | 75 -0.19308 -2.35086e+00
 76  0.24388  9.15351e+01 | 77  0.30965 -1.57828e+01 | 78 -0.00071 -1.36177e+01
 79  0.14091  5.95567e+00 | 80 -0.09280 -1.49753e+02 | 81 -0.15900 -8.42328e+02
 82 -0.17621 -8.77148e+02 | 83 -0.15484 -2.50851e+02 | 84 -0.15818  7.85271e+01
 85 -0.16805  5.46808e+01 | 86 -0.18065  6.57533e+01 | 87 -0.13815  8.00216e+01
87 variables; iteration 40; function evaluation 47; phase 3
Function value 2.6845114e+03; maximum gradient component mag -8.5762e+02
Var    Value     Gradient |Var    Value     Gradient |Var    Value     Gradient
  1  0.00694 -3.86241e+02 |  2 -0.07369 -2.74114e-02 |  3 -0.02457  4.11609e-02
  4 -0.02901  3.68942e-02 |  5 -0.03405  2.93275e-02 |  6 -0.03974  1.83506e-02
  7 -0.04607  4.54302e-03 |  8 -0.05266 -1.97128e-02 |  9 -0.05959 -5.59856e-02
 10 -0.06721 -1.00486e-01 | 11 -0.07512 -1.47902e-01 | 12 -0.08307 -1.93407e-01
 13 -0.09077 -2.09667e-01 | 14 -0.09728 -1.51436e-01 | 15 -0.10088  4.78748e-02
 16 -0.09882  5.33855e-01 | 17 -0.08607  1.60371e+00 | 18 -0.06133  3.41039e+00
 19 -0.03239  6.04346e+00 | 20  0.00216  9.77271e+00 | 21  0.03858  1.45844e+01
 22  0.05276  1.53905e+01 | 23  0.11397  2.71648e+01 | 24  0.10044  2.92370e+01
 25 -0.05203 -1.86401e-01 | 26  0.18425 -6.81797e+01 | 27 -0.05818 -1.25296e+01
 28 -0.09109 -4.57920e-01 | 29  0.13130  1.95752e+01 | 30 -0.11369  1.10522e+01
 31 -0.00097  1.07371e+01 | 32 -0.15195  9.64391e+00 | 33  0.13896  1.02030e+01
 34 -0.19217  8.42775e+00 | 35 -0.03110 -5.33148e+00 | 36  0.25144  2.28966e+01
 37 -0.19018 -1.43524e+00 | 38 -0.15928  7.96876e+00 | 39 -0.12713 -2.34597e+00
 40  0.22795 -1.10492e+01 | 41 -0.22988  3.15949e+00 | 42 -0.21692 -2.74708e+00
 43  0.13184 -9.02344e+01 | 44  0.05377 -2.74265e+01 | 45 -0.24812  3.44763e-01
 46  0.11214 -2.24607e+01 | 47 -0.05331 -1.24349e+01 | 48 -0.23131  1.41087e+00
 49  0.07864 -6.01523e+01 | 50  0.09424 -3.48224e+01 | 51  0.00632 -1.82535e+01
 52  0.02117 -1.30319e+02 | 53 -0.02368 -8.38612e+01 | 54  0.02709 -9.28496e+01
 55  0.22479 -1.89559e+02 | 56 -0.14929 -1.47530e+01 | 57 -0.03611 -7.06894e+01
 58 -0.35992  2.68677e+00 | 59 -0.01514 -1.57178e+02 | 60 -0.35744 -2.04418e+00
 61  0.05151 -2.41015e+02 | 62  0.04503 -1.33178e+02 | 63 -0.42977  3.60813e+00
 64  0.16175 -7.68325e+01 | 65 -0.00105 -1.58415e+01 | 66  0.26968 -4.75366e+02
 67 -0.09185 -3.53392e+00 | 68  0.02213 -5.91846e+00 | 69 -0.10929  2.01721e+01
 70  0.23078  3.40928e+02 | 71 -0.30756  7.90395e+00 | 72  0.21510 -5.51597e+01
 73  0.06043  1.75519e+01 | 74 -0.13015  1.03957e+01 | 75 -0.15647  1.02216e+01
 76  0.25670  7.18625e+01 | 77  0.32036 -3.70621e+01 | 78  0.16458  1.71046e+01
 79  0.14717  2.50721e+01 | 80 -0.09340 -1.26318e+02 | 81 -0.15871 -7.89241e+02
 82 -0.17633 -8.57624e+02 | 83 -0.15485 -2.39955e+02 | 84 -0.15705  9.62670e+01
 85 -0.16585  7.63566e+01 | 86 -0.18170  6.71631e+01 | 87 -0.13976  6.73184e+01
87 variables; iteration 60; function evaluation 68; phase 3
Function value 2.6738849e+03; maximum gradient component mag -1.6176e+02
Var    Value     Gradient |Var    Value     Gradient |Var    Value     Gradient
  1 -0.00805 -1.37814e+02 |  2 -0.08110 -8.60371e-01 |  3 -0.03166 -4.53692e-01
  4 -0.03870 -6.32530e-01 |  5 -0.04641 -8.29371e-01 |  6 -0.05445 -1.02394e+00
  7 -0.06233 -1.18606e+00 |  8 -0.06899 -1.27201e+00 |  9 -0.07423 -1.25866e+00
 10 -0.07817 -1.11245e+00 | 11 -0.08064 -8.28477e-01 | 12 -0.08174 -4.08366e-01
 13 -0.08143  1.88815e-01 | 14 -0.07981  9.43691e-01 | 15 -0.07680  1.77749e+00
 16 -0.07134  2.64727e+00 | 17 -0.06107  3.49954e+00 | 18 -0.04654  4.01055e+00
 19 -0.03153  4.19098e+00 | 20 -0.00903  4.70689e+00 | 21  0.02770  8.09418e+00
 22  0.04929  1.44024e+01 | 23  0.14400  3.36756e+01 | 24  0.06395  4.99409e+00
 25 -0.02938  2.38760e-02 | 26  0.19424 -1.00102e+01 | 27 -0.04618 -5.87352e+00
 28 -0.11235 -6.89300e+00 | 29  0.13126 -1.26296e+01 | 30 -0.11649  6.83639e+00
 31 -0.00000 -2.95193e+00 | 32 -0.19442 -2.14371e+00 | 33  0.14120 -9.24834e+00
 34 -0.26260 -3.53921e+00 | 35 -0.03908 -1.93687e+01 | 36  0.25377 -1.62297e+01
 37 -0.17383 -2.01551e-01 | 38 -0.18040 -2.06695e-01 | 39 -0.12086 -4.41630e+00
 40  0.23277 -3.06807e+01 | 41 -0.25219 -1.15371e+00 | 42 -0.20990 -1.25969e+00
 43  0.14231 -3.26516e+01 | 44  0.05721 -1.89313e+01 | 45 -0.24000  5.85869e-01
 46  0.11209 -2.58670e+01 | 47 -0.02334  2.60004e+01 | 48 -0.25106  8.27737e-01
 49  0.08441 -3.55842e+01 | 50  0.09638 -3.94682e+01 | 51  0.00305 -1.71953e+01
 52  0.03555 -1.03387e+01 | 53 -0.01361 -1.20753e+01 | 54  0.03347 -3.20576e+01
 55  0.22732 -1.25224e+02 | 56 -0.14054 -2.85267e+00 | 57 -0.02920 -1.98369e+01
 58 -0.38311 -1.82158e+00 | 59 -0.00465 -2.65669e+01 | 60 -0.38009 -1.40924e+00
 61  0.06073 -3.74883e+01 | 62  0.04910 -2.24055e+01 | 63 -0.44623  8.39523e-01
 64  0.16479 -3.61079e+01 | 65  0.00038 -3.06871e+00 | 66  0.27458 -7.28497e+01
 67 -0.09629 -1.46397e+00 | 68  0.02456  3.22660e+00 | 69 -0.12199 -2.37992e+00
 70  0.22485  4.00065e+01 | 71 -0.35972 -1.25973e+00 | 72  0.21210 -2.57864e+00
 73  0.05012 -2.80037e+00 | 74 -0.14932 -3.65950e+00 | 75 -0.16280  7.34394e+00
 76  0.24214  6.42234e+00 | 77  0.31363  3.96728e-01 | 78  0.08024  2.52031e-01
 79  0.13643 -7.21447e+00 | 80 -0.09616 -5.01372e+01 | 81 -0.15646 -1.41709e+02
 82 -0.16841 -1.61762e+02 | 83 -0.16365 -1.21816e+02 | 84 -0.16003  1.41103e+01
 85 -0.16888  3.12735e+00 | 86 -0.17926  6.14006e-01 | 87 -0.14363 -3.77725e+00
87 variables; iteration 80; function evaluation 94; phase 3
Function value 2.6714541e+03; maximum gradient component mag -1.1120e+02
Var    Value     Gradient |Var    Value     Gradient |Var    Value     Gradient
  1 -0.06204 -1.11203e+02 |  2 -0.04442  1.00091e-01 |  3 -0.00531  4.31172e-01
  4 -0.01709 -4.05287e-02 |  5 -0.02448 -2.73478e-01 |  6 -0.02630 -1.89761e-01
  7 -0.02556  7.30395e-02 |  8 -0.02617  2.93117e-01 |  9 -0.02968  3.75653e-01
 10 -0.03641  2.99012e-01 | 11 -0.04592  6.29335e-02 | 12 -0.05688 -2.66581e-01
 13 -0.06496 -4.09183e-01 | 14 -0.06150  2.36962e-01 | 15 -0.05677  9.13830e-01
 16 -0.06553  2.63760e-01 | 17 -0.06954 -5.75561e-01 | 18 -0.04768 -3.31111e-01
 19 -0.01744  4.96729e-02 | 20  0.00876 -2.35243e-01 | 21  0.06311 -4.67342e-01
 22  0.03197 -8.74142e-01 | 23  0.14257 -1.69011e+00 | 24  0.09561 -1.14745e+00
 25 -0.02420 -5.19203e-01 | 26  0.21148 -3.98702e+00 | 27 -0.02573 -3.07358e-01
 28 -0.08477 -5.76270e-02 | 29  0.14797 -3.31181e+00 | 30 -0.12307 -4.98390e-01
 31  0.01748 -1.59432e+00 | 32 -0.17220 -1.60085e-01 | 33  0.15737 -6.77351e+00
 34 -0.22723 -5.19080e-02 | 35 -0.00301  2.66458e-03 | 36  0.27091 -2.32997e+01
 37 -0.16727 -1.54542e+00 | 38 -0.16671 -1.76913e-01 | 39 -0.09472 -7.76006e-01
 40  0.25065 -3.43900e+01 | 41 -0.23220 -2.11318e-01 | 42 -0.19161 -2.16810e-01
 43  0.16065 -2.00569e+01 | 44  0.07552 -1.13282e+01 | 45 -0.23556 -2.13585e-01
 46  0.13264 -2.58057e+01 | 47 -0.02790 -7.34434e+00 | 48 -0.23507 -7.77092e-01
 49  0.10234 -2.29109e+01 | 50  0.11239 -3.00206e+01 | 51  0.02005 -1.27734e+01
 52  0.05050 -1.31234e+01 | 53  0.00242 -8.68603e+00 | 54  0.05078 -1.21683e+01
 55  0.24404 -8.13928e+01 | 56 -0.12760 -3.29677e+00 | 57 -0.01212 -8.66713e+00
 58 -0.36066 -2.39942e-01 | 59  0.01247 -9.14292e+00 | 60 -0.36049 -5.62004e-01
 61  0.07743 -1.07458e+01 | 62  0.06531 -7.97892e+00 | 63 -0.44061 -4.64786e-01
 64  0.18134 -1.47216e+01 | 65  0.01506 -2.05467e+00 | 66  0.29304 -1.58644e+01
 67 -0.07975  1.64449e-02 | 68  0.04132  1.06295e+00 | 69 -0.10101  9.52126e-01
 70  0.24502  1.12056e+00 | 71 -0.33522 -2.57628e-01 | 72  0.23329  7.56949e+00
 73  0.07083  1.78779e+00 | 74 -0.12194  5.72727e-01 | 75 -0.15600  4.56330e-02
 76  0.26664  3.02425e+00 | 77  0.33917  2.64513e+00 | 78  0.09345 -2.45202e-01
 79  0.13790 -1.42872e+00 | 80 -0.09644 -2.32108e+01 | 81 -0.15587 -3.89803e+01
 82 -0.16789 -5.31235e+01 | 83 -0.16374 -6.53401e+01 | 84 -0.16265 -4.87017e+00
 85 -0.16658 -7.61815e+00 | 86 -0.18150 -8.76330e+00 | 87 -0.14239 -9.40345e+00
Maximum number of function evaluations exceeded

 - final statistics:
87 variables; iteration 85; function evaluation 100
Function value 2.6714e+03; maximum gradient component mag -8.6090e+01
Exit code = 3;  converg criter 1.0000e+00
Var    Value     Gradient |Var    Value     Gradient |Var    Value     Gradient
  1 -0.06974 -8.60904e+01 |  2 -0.03862  3.33933e-01 |  3 -0.01257  1.69944e-02
  4 -0.01420  6.13219e-02 |  5 -0.01801  1.36825e-02 |  6 -0.02361 -1.09545e-01
  7 -0.02866 -1.81047e-01 |  8 -0.03128 -9.96431e-02 |  9 -0.03227  1.08455e-01
 10 -0.03404  3.21738e-01 | 11 -0.04011  3.01493e-01 | 12 -0.05186 -8.21995e-02
 13 -0.06583 -6.25110e-01 | 14 -0.05041  8.54759e-01 | 15 -0.06795 -1.39763e-01
 16 -0.06365  1.69399e-01 | 17 -0.06746 -6.68801e-01 | 18 -0.04297 -3.20451e-01
 19 -0.01784 -2.82569e-01 | 20  0.01303 -3.82828e-01 | 21  0.06640 -8.71980e-01
 22  0.03300 -1.26048e+00 | 23  0.14433 -2.72090e+00 | 24  0.09868 -1.24041e+00
 25 -0.02316 -4.54927e-01 | 26  0.21411 -2.91530e+00 | 27 -0.02415 -2.57498e-01
 28 -0.08217  1.94572e-01 | 29  0.15045 -2.07180e+00 | 30 -0.12195 -6.60221e-01
 31  0.01998 -9.78688e-01 | 32 -0.16936  9.26224e-02 | 33  0.15986 -5.06244e+00
 34 -0.22485  5.86964e-02 | 35 -0.00067  3.59405e-01 | 36  0.27356 -1.82319e+01
 37 -0.16253 -1.03670e+00 | 38 -0.16587 -3.77177e-01 | 39 -0.09265 -7.24336e-01
 40  0.25335 -2.68340e+01 | 41 -0.22862  8.53350e-02 | 42 -0.19138 -3.95654e-01
 43  0.16324 -1.53003e+01 | 44  0.07800 -8.75523e+00 | 45 -0.23495 -2.48016e-01
 46  0.13533 -2.00065e+01 | 47 -0.02643 -6.95607e+00 | 48 -0.23224 -5.36348e-01
 49  0.10476 -1.75342e+01 | 50  0.11480 -2.31390e+01 | 51  0.02249 -9.76269e+00
 52  0.05279 -1.01570e+01 | 53  0.00474 -6.58476e+00 | 54  0.05307 -9.04005e+00
 55  0.24649 -6.18534e+01 | 56 -0.12524 -2.45243e+00 | 57 -0.00979 -6.47165e+00
 58 -0.35793 -9.62202e-02 | 59  0.01482 -6.79568e+00 | 60 -0.35715 -2.66818e-01
 61  0.07975 -7.67342e+00 | 62  0.06758 -5.70786e+00 | 63 -0.43690 -2.58524e-01
 64  0.18358 -1.07349e+01 | 65  0.01706 -1.54952e+00 | 66  0.29542 -1.07753e+01
 67 -0.07770  1.05988e-01 | 68  0.04347  8.22414e-01 | 69 -0.09889  6.65382e-01
 70  0.24748  2.11530e-01 | 71 -0.33362 -3.23964e-01 | 72  0.23558  5.92929e+00
 73  0.07302  1.53260e+00 | 74 -0.11975  5.46267e-01 | 75 -0.15422 -9.98576e-02
 76  0.26892  2.28193e+00 | 77  0.34151  2.17372e+00 | 78  0.09477 -3.59486e-01
 79  0.13786 -1.07150e+00 | 80 -0.09645 -1.74202e+01 | 81 -0.15588 -2.79791e+01
 82 -0.16791 -3.88139e+01 | 83 -0.16370 -4.91838e+01 | 84 -0.16266 -4.14658e+00
 85 -0.16656 -6.08427e+00 | 86 -0.18154 -6.95761e+00 | 87 -0.14237 -7.44513e+00

Initial statistics: 89 variables; iteration 0; function evaluation 0; phase 4
Function value 2.6713785e+03; maximum gradient component mag -8.6090e+01
Var    Value     Gradient |Var    Value     Gradient |Var    Value     Gradient
  1 -0.09489  5.69397e+01 |  2 -0.06974 -8.60904e+01 |  3  0.46147 -7.24307e+00
  4 -0.03862  3.33933e-01 |  5 -0.01257  1.69944e-02 |  6 -0.01420  6.13219e-02
  7 -0.01801  1.36825e-02 |  8 -0.02361 -1.09545e-01 |  9 -0.02866 -1.81047e-01
 10 -0.03128 -9.96431e-02 | 11 -0.03227  1.08455e-01 | 12 -0.03404  3.21738e-01
 13 -0.04011  3.01493e-01 | 14 -0.05186 -8.21995e-02 | 15 -0.06583 -6.25110e-01
 16 -0.05041  8.54759e-01 | 17 -0.06795 -1.39763e-01 | 18 -0.06365  1.69399e-01
 19 -0.06746 -6.68801e-01 | 20 -0.04297 -3.20451e-01 | 21 -0.01784 -2.82569e-01
 22  0.01303 -3.82828e-01 | 23  0.06640 -8.71980e-01 | 24  0.03300 -1.26048e+00
 25  0.14433 -2.72090e+00 | 26  0.09868 -1.24041e+00 | 27 -0.02316 -4.54927e-01
 28  0.21411 -2.91530e+00 | 29 -0.02415 -2.57498e-01 | 30 -0.08217  1.94572e-01
 31  0.15045 -2.07180e+00 | 32 -0.12195 -6.60221e-01 | 33  0.01998 -9.78688e-01
 34 -0.16936  9.26224e-02 | 35  0.15986 -5.06244e+00 | 36 -0.22485  5.86964e-02
 37 -0.00067  3.59405e-01 | 38  0.27356 -1.82319e+01 | 39 -0.16253 -1.03670e+00
 40 -0.16587 -3.77177e-01 | 41 -0.09265 -7.24336e-01 | 42  0.25335 -2.68340e+01
 43 -0.22862  8.53350e-02 | 44 -0.19138 -3.95654e-01 | 45  0.16324 -1.53003e+01
 46  0.07800 -8.75523e+00 | 47 -0.23495 -2.48016e-01 | 48  0.13533 -2.00065e+01
 49 -0.02643 -6.95607e+00 | 50 -0.23224 -5.36348e-01 | 51  0.10476 -1.75342e+01
 52  0.11480 -2.31390e+01 | 53  0.02249 -9.76269e+00 | 54  0.05279 -1.01570e+01
 55  0.00474 -6.58476e+00 | 56  0.05307 -9.04005e+00 | 57  0.24649 -6.18534e+01
 58 -0.12524 -2.45243e+00 | 59 -0.00979 -6.47165e+00 | 60 -0.35793 -9.62202e-02
 61  0.01482 -6.79568e+00 | 62 -0.35715 -2.66818e-01 | 63  0.07975 -7.67342e+00
 64  0.06758 -5.70786e+00 | 65 -0.43690 -2.58524e-01 | 66  0.18358 -1.07349e+01
 67  0.01706 -1.54952e+00 | 68  0.29542 -1.07753e+01 | 69 -0.07770  1.05988e-01
 70  0.04347  8.22414e-01 | 71 -0.09889  6.65382e-01 | 72  0.24748  2.11530e-01
 73 -0.33362 -3.23964e-01 | 74  0.23558  5.92929e+00 | 75  0.07302  1.53260e+00
 76 -0.11975  5.46267e-01 | 77 -0.15422 -9.98576e-02 | 78  0.26892  2.28193e+00
 79  0.34151  2.17372e+00 | 80  0.09477 -3.59486e-01 | 81  0.13786 -1.07150e+00
 82 -0.09645 -1.74202e+01 | 83 -0.15588 -2.79791e+01 | 84 -0.16791 -3.88139e+01
 85 -0.16370 -4.91838e+01 | 86 -0.16266 -4.14658e+00 | 87 -0.16656 -6.08427e+00
 88 -0.18154 -6.95761e+00 | 89 -0.14237 -7.44513e+00 |

Intermediate statistics: 89 variables; iteration 20; function evaluation 21; phase 4
Function value 2.6712287e+03; maximum gradient component mag -6.9397e+01
Var    Value     Gradient |Var    Value     Gradient |Var    Value     Gradient
  1 -0.07289  4.98087e+01 |  2 -0.06003 -6.93971e+01 |  3  0.45882 -5.09647e+00
  4 -0.03894 -9.09373e-02 |  5 -0.01210 -5.82471e-02 |  6 -0.01398 -4.26305e-02
  7 -0.01729 -8.03902e-02 |  8 -0.02179 -1.59891e-01 |  9 -0.02614 -2.09075e-01
 10 -0.02925 -1.74479e-01 | 11 -0.03171 -7.59181e-02 | 12 -0.03496  1.90018e-02
 13 -0.04068 -4.96146e-03 | 14 -0.04933 -1.99706e-01 | 15 -0.05900 -4.61709e-01
 16 -0.05450  2.05849e-01 | 17 -0.06445 -2.24803e-01 | 18 -0.06220 -6.99015e-02
 19 -0.05937 -4.20342e-01 | 20 -0.03689 -1.61450e-01 | 21 -0.01154  8.68898e-02
 22  0.02018  5.09928e-01 | 23  0.07607  1.28023e+00 | 24  0.04071  5.41710e-01
 25  0.15184  8.39025e-01 | 26  0.10301 -5.80394e-01 | 27 -0.02007 -5.28579e-01
 28  0.22037 -1.76145e+00 | 29 -0.01854 -9.99473e-03 | 30 -0.07766 -6.94035e-02
 31  0.15667 -2.41432e+00 | 32 -0.11645 -7.05805e-01 | 33  0.02503 -3.53521e+00
 34 -0.16794 -5.12711e-01 | 35  0.16609  1.80935e+00 | 36 -0.22379 -1.52827e-01
 37  0.00494  1.90259e+00 | 38  0.27833 -1.22761e+01 | 39 -0.15584 -3.03551e-01
 40 -0.16241 -7.47553e-02 | 41 -0.08897 -1.93807e-01 | 42  0.25683 -1.80966e+01
 43 -0.22956 -3.21037e-01 | 44 -0.18999 -4.87784e-01 | 45  0.16562 -1.14546e+01
 46  0.08054 -5.56436e+00 | 47 -0.23544 -3.94110e-01 | 48  0.13716 -1.50182e+01
 49 -0.02444 -5.50835e+00 | 50 -0.23291 -7.63560e-01 | 51  0.10595 -1.53360e+01
 52  0.11666 -1.35117e+01 | 53  0.02428 -6.25082e+00 | 54  0.05401 -1.10755e+01
 55  0.00645 -6.23506e+00 | 56  0.05438 -1.03630e+01 | 57  0.24791 -5.59838e+01
 58 -0.12385 -2.10671e+00 | 59 -0.00917 -8.13491e+00 | 60 -0.35740 -2.47221e-01
 61  0.01565 -5.12719e+00 | 62 -0.35595 -2.32573e-01 | 63  0.08044 -1.19539e+01
 64  0.06851 -8.34019e+00 | 65 -0.43476 -9.22471e-02 | 66  0.18524  1.53189e+01
 67  0.01852  1.33947e+00 | 68  0.29686 -2.61234e+01 | 69 -0.07645  2.18305e-02
 70  0.04458  1.07662e+00 | 71 -0.09779  5.57689e-01 | 72  0.24831 -1.00553e+01
 73 -0.33124 -3.13755e-02 | 74  0.23600  1.36207e+01 | 75  0.07311  2.30024e+00
 76 -0.12077 -4.02713e-02 | 77 -0.15503 -1.66101e-01 | 78  0.26746  1.31781e+00
 79  0.33952  1.28543e+00 | 80  0.09703 -8.35882e-03 | 81  0.13820 -1.93211e+00
 82 -0.09617 -2.28959e+01 | 83 -0.15588 -4.27992e+01 | 84 -0.16786 -4.29066e+01
 85 -0.16353 -4.02413e+01 | 86 -0.16242  1.16676e+00 | 87 -0.16621  3.35624e+00
 88 -0.18116  1.97902e+00 | 89 -0.14224  2.64037e-01 |
89 variables; iteration 40; function evaluation 42; phase 4
Function value 2.6712000e+03; maximum gradient component mag -5.1834e+01
Var    Value     Gradient |Var    Value     Gradient |Var    Value     Gradient
  1 -0.07283  3.61202e+01 |  2 -0.06622 -5.18345e+01 |  3  0.43948 -4.43323e+00
  4 -0.03524  8.23196e-02 |  5 -0.01034  1.44191e-02 |  6 -0.01243  1.80774e-02
  7 -0.01493  2.04608e-02 |  8 -0.01787  2.25214e-02 |  9 -0.02125  2.63608e-02
 10 -0.02494  3.21595e-02 | 11 -0.02902  3.91530e-02 | 12 -0.03373  4.64446e-02
 13 -0.03895  5.12305e-02 | 14 -0.04455  5.21177e-02 | 15 -0.05037  5.10779e-02
 16 -0.05546  7.40537e-02 | 17 -0.05955  5.67270e-02 | 18 -0.05953  6.02083e-02
 19 -0.05171  4.44853e-02 | 20 -0.03247  5.06976e-02 | 21 -0.00888  6.48303e-02
 22  0.02127  1.07815e-01 | 23  0.07478  1.89850e-01 | 24  0.04526 -8.91342e-02
 25  0.15295 -1.17926e+00 | 26  0.10597 -1.21989e+00 | 27 -0.01610 -2.16540e-01
 28  0.22322  3.81325e-01 | 29 -0.01561  5.42228e-01 | 30 -0.07458  4.83563e-01
 31  0.15928  1.15155e-01 | 32 -0.11411 -4.11846e-01 | 33  0.02772 -1.75968e+00
 34 -0.16469 -1.37251e-01 | 35  0.16847  3.57687e+00 | 36 -0.22009  9.15008e-02
 37  0.00586  8.83032e-01 | 38  0.28069 -1.02542e+01 | 39 -0.15376 -1.68545e-01
 40 -0.15998  1.53508e-01 | 41 -0.08646  1.76310e-01 | 42  0.25891 -1.54543e+01
 43 -0.22674 -9.86444e-02 | 44 -0.18760 -2.05092e-01 | 45  0.16797 -6.18477e+00
 46  0.08238 -3.96778e+00 | 47 -0.23299 -1.67025e-01 | 48  0.13949 -6.75527e+00
 49 -0.02098 -1.98295e+00 | 50 -0.23033 -4.13398e-01 | 51  0.10796 -1.41864e+01
 52  0.11909 -8.67993e+00 | 53  0.02640 -5.28273e+00 | 54  0.05633 -1.08818e+01
 55  0.00849 -6.03236e+00 | 56  0.05704 -6.61972e+00 | 57  0.25068 -4.22044e+01
 58 -0.12157 -1.66906e+00 | 59 -0.00687 -6.56187e+00 | 60 -0.35479 -7.29818e-02
 61  0.01774 -4.32189e+00 | 62 -0.35352 -1.34595e-01 | 63  0.08291 -8.85419e+00
 64  0.07095 -8.76004e+00 | 65 -0.43150 -4.88185e-02 | 66  0.18808  1.57556e+01
 67  0.02160  2.34752e+00 | 68  0.29991 -2.38388e+01 | 69 -0.07434 -9.09981e-01
 70  0.04715  2.64807e-01 | 71 -0.09624 -4.61626e-01 | 72  0.25055 -1.12815e+01
 73 -0.32937 -5.71933e-02 | 74  0.23833  1.08318e+01 | 75  0.07531  3.09005e+00
 76 -0.11825  4.84903e-01 | 77 -0.15307 -1.41899e-01 | 78  0.26966  4.00531e-01
 79  0.34257  3.39115e+00 | 80  0.09845 -4.24677e-02 | 81  0.13839 -1.04913e+00
 82 -0.09606 -1.67587e+01 | 83 -0.15602 -3.67551e+01 | 84 -0.16771 -2.97477e+01
 85 -0.16358 -3.09670e+01 | 86 -0.16208  3.19724e+00 | 87 -0.16632  4.35827e+00
 88 -0.18132  1.86832e+00 | 89 -0.14213  1.38171e+00 |
89 variables; iteration 60; function evaluation 63; phase 4
Function value 2.6711714e+03; maximum gradient component mag -2.5563e+01
Var    Value     Gradient |Var    Value     Gradient |Var    Value     Gradient
  1 -0.07029  1.83106e+01 |  2 -0.06862 -2.55626e+01 |  3  0.44349 -1.89350e+00
  4 -0.03456  3.06542e-02 |  5 -0.00924  4.41233e-02 |  6 -0.01183  1.84345e-02
  7 -0.01355  5.64847e-02 |  8 -0.01499  1.33238e-01 |  9 -0.01787  1.61519e-01
 10 -0.02268  1.02138e-01 | 11 -0.02849  5.81762e-03 | 12 -0.03418 -5.36347e-02
 13 -0.03910 -4.08703e-02 | 14 -0.04429 -2.37631e-02 | 15 -0.05079 -7.97914e-02
 16 -0.05414  5.01423e-02 | 17 -0.06012 -1.06845e-01 | 18 -0.05910 -4.29928e-02
 19 -0.05202 -1.14142e-01 | 20 -0.03112 -2.98281e-03 | 21 -0.00488  1.42492e-01
 22  0.02622  8.49598e-02 | 23  0.07219 -2.74595e-01 | 24  0.04949 -3.08666e-02
 25  0.15449 -3.85696e-02 | 26  0.10934 -1.42507e-01 | 27 -0.01850 -5.15810e-01
 28  0.22472 -6.57823e-01 | 29 -0.01263  1.30144e+00 | 30 -0.07240  9.51900e-01
 31  0.16072 -5.07500e-01 | 32 -0.11252 -2.80081e-01 | 33  0.02975 -2.29908e-01
 34 -0.16338 -1.22344e-01 | 35  0.16947 -5.50283e-01 | 36 -0.21869  5.60435e-02
 37  0.00642  1.79829e-02 | 38  0.28264 -4.72495e+00 | 39 -0.15287 -2.98551e-01
 40 -0.16073 -5.80641e-01 | 41 -0.08737 -7.84075e-01 | 42  0.26081 -7.34209e+00
 43 -0.22582 -6.30496e-02 | 44 -0.18662 -1.84968e-01 | 45  0.16927 -4.39183e+00
 46  0.08386 -2.32988e+00 | 47 -0.23207 -1.10388e-01 | 48  0.14068 -4.89336e+00
 49 -0.01982 -1.24513e+00 | 50 -0.22945 -1.73768e-01 | 51  0.10965 -5.41292e+00
 52  0.11994 -5.86124e+00 | 53  0.02766 -2.39569e+00 | 54  0.05780 -3.37996e+00
 55  0.00981 -2.39141e+00 | 56  0.05815 -2.86774e+00 | 57  0.25188 -1.83188e+01
 58 -0.12058 -7.31438e-01 | 59 -0.00558 -2.44842e+00 | 60 -0.35364  2.90114e-02
 61  0.01882 -2.43701e+00 | 62 -0.35276 -1.10412e-01 | 63  0.08403 -2.68619e+00
 64  0.07214 -1.93280e+00 | 65 -0.43033 -2.28304e-03 | 66  0.18872  7.79454e-01
 67  0.02202 -1.22465e-02 | 68  0.30104 -4.14830e+00 | 69 -0.07325 -1.73847e-01
 70  0.04795  1.58560e-02 | 71 -0.09503 -6.27388e-02 | 72  0.25173 -7.95359e-01
 73 -0.32809  1.20458e-02 | 74  0.23890  1.91568e+00 | 75  0.07573  4.54312e-01
 76 -0.11891 -5.35476e-01 | 77 -0.15016  9.60568e-01 | 78  0.26994  1.03890e-01
 79  0.34204  2.82298e-01 | 80  0.09918 -4.29580e-02 | 81  0.13832 -6.03413e-01
 82 -0.09612 -6.04695e+00 | 83 -0.15582 -1.17742e+01 | 84 -0.16786 -1.28465e+01
 85 -0.16357 -1.33918e+01 | 86 -0.16215 -3.55847e-01 | 87 -0.16657 -6.35395e-01
 88 -0.18125 -1.14018e+00 | 89 -0.14228 -1.36570e+00 |
89 variables; iteration 80; function evaluation 89; phase 4
Function value 2.6711601e+03; maximum gradient component mag -3.4557e+00
Var    Value     Gradient |Var    Value     Gradient |Var    Value     Gradient
  1 -0.06704  2.59935e+00 |  2 -0.06446 -3.45568e+00 |  3  0.44478 -2.78861e-01
  4 -0.03509 -3.06640e-02 |  5 -0.00975  1.20465e-02 |  6 -0.01200  3.06544e-03
  7 -0.01425  1.23229e-02 |  8 -0.01697  1.93417e-02 |  9 -0.02078 -6.13743e-03
 10 -0.02491 -3.26573e-02 | 11 -0.02866 -1.51065e-02 | 12 -0.03268  2.40529e-02
 13 -0.03797  1.64033e-02 | 14 -0.04376 -2.11177e-03 | 15 -0.04911  1.92749e-02
 16 -0.05461  7.02698e-03 | 17 -0.05877 -2.25583e-02 | 18 -0.05850 -1.00523e-02
 19 -0.05022 -7.21612e-03 | 20 -0.03073 -8.49842e-03 | 21 -0.00661  4.24535e-03
 22  0.02285 -3.95550e-02 | 23  0.07571 -5.52376e-02 | 24  0.04629 -3.26271e-02
 25  0.15503 -7.31113e-02 | 26  0.10815 -4.94530e-02 | 27 -0.01525 -1.06927e-02
 28  0.22477 -1.86783e-01 | 29 -0.01525 -1.54134e-02 | 30 -0.07405  4.61206e-03
 31  0.16073 -9.56140e-02 | 32 -0.11201  4.32611e-03 | 33  0.02958 -2.42079e-03
 34 -0.16296 -8.75405e-03 | 35  0.16925 -2.63712e-01 | 36 -0.21947 -2.59592e-02
 37  0.00599 -5.12231e-02 | 38  0.28247 -6.16069e-01 | 39 -0.15223 -4.83695e-03
 40 -0.15966 -2.63564e-02 | 41 -0.08652 -2.54091e-02 | 42  0.26047 -9.68235e-01
 43 -0.22621 -2.83686e-03 | 44 -0.18666 -1.69392e-02 | 45  0.16879 -7.10197e-01
 46  0.08335 -3.73827e-01 | 47 -0.23258 -1.54701e-02 | 48  0.14011 -7.83475e-01
 49 -0.02046 -2.11319e-01 | 50 -0.23005 -3.21442e-02 | 51  0.10909 -6.32027e-01
 52  0.11927 -9.04834e-01 | 53  0.02705 -3.26430e-01 | 54  0.05724 -3.29678e-01
 55  0.00932 -2.30079e-01 | 56  0.05754 -4.07631e-01 | 57  0.25123 -2.17050e+00
 58 -0.12121 -8.16124e-02 | 59 -0.00624 -2.52131e-01 | 60 -0.35461 -1.19930e-02
 61  0.01811 -3.57215e-01 | 62 -0.35308 -6.08996e-03 | 63  0.08336 -2.59127e-01
 64  0.07154 -1.06040e-01 | 65 -0.43091  1.18815e-03 | 66  0.18812 -5.58478e-01
 67  0.02149 -1.07539e-01 | 68  0.30057  5.61351e-02 | 69 -0.07364 -9.65623e-04
 70  0.04748 -1.04870e-02 | 71 -0.09539  1.41569e-02 | 72  0.25130  3.35521e-01
 73 -0.32869 -2.71449e-02 | 74  0.23842  7.46962e-04 | 75  0.07520  9.33829e-04
 76 -0.11842  1.67460e-03 | 77 -0.15266  1.19894e-02 | 78  0.26948  6.99962e-02
 79  0.34142 -1.17809e-02 | 80  0.09912  1.24131e-02 | 81  0.13845 -2.32080e-02
 82 -0.09608 -6.36335e-01 | 83 -0.15577 -1.09182e+00 | 84 -0.16785 -1.61627e+00
 85 -0.16355 -1.69806e+00 | 86 -0.16209 -1.60254e-01 | 87 -0.16656 -3.12793e-01
 88 -0.18126 -3.17081e-01 | 89 -0.14226 -3.29453e-01 |

 - final statistics:
89 variables; iteration 87; function evaluation 98
Function value 2.6712e+03; maximum gradient component mag -9.5151e-01
Exit code = 1;  converg criter 1.0000e+00
Var    Value     Gradient |Var    Value     Gradient |Var    Value     Gradient
  1 -0.06667  7.21649e-01 |  2 -0.06410 -9.51512e-01 |  3  0.44580 -7.98921e-02
  4 -0.03488 -2.07963e-02 |  5 -0.00979  9.89875e-03 |  6 -0.01204  2.46772e-04
  7 -0.01454 -3.09083e-03 |  8 -0.01752 -1.01691e-02 |  9 -0.02060  2.99184e-03
 10 -0.02419  6.39660e-03 | 11 -0.02848 -5.20032e-03 | 12 -0.03284  1.38899e-02
 13 -0.03812  6.96952e-03 | 14 -0.04360  7.88375e-03 | 15 -0.04929  6.90700e-03
 16 -0.05474 -2.28900e-03 | 17 -0.05852 -4.86661e-03 | 18 -0.05836  3.87252e-05
 19 -0.05026 -9.12928e-03 | 20 -0.03070 -4.08156e-03 | 21 -0.00687 -5.48077e-04
 22  0.02315 -9.03775e-03 | 23  0.07575 -1.44233e-02 | 24  0.04629 -9.99778e-03
 25  0.15502 -2.16337e-02 | 26  0.10817 -1.30308e-02 | 27 -0.01528 -1.09747e-04
 28  0.22480 -5.42862e-02 | 29 -0.01524 -1.31051e-02 | 30 -0.07407 -8.08868e-03
 31  0.16077 -2.95677e-02 | 32 -0.11200  1.89254e-03 | 33  0.02961 -3.59547e-04
 34 -0.16291 -6.41330e-04 | 35  0.16928 -8.11585e-02 | 36 -0.21931 -3.34129e-03
 37  0.00601 -1.66655e-02 | 38  0.28248 -1.68523e-01 | 39 -0.15227 -1.25456e-03
 40 -0.15960 -1.91901e-03 | 41 -0.08654 -4.33306e-03 | 42  0.26046 -2.64293e-01
 43 -0.22619  8.57335e-03 | 44 -0.18671 -7.50904e-03 | 45  0.16877 -1.99665e-01
 46  0.08334 -1.04730e-01 | 47 -0.23271 -1.73914e-02 | 48  0.14008 -2.19679e-01
 49 -0.02050 -6.03575e-02 | 50 -0.23006 -9.97325e-03 | 51  0.10904 -1.70859e-01
 52  0.11922 -2.54076e-01 | 53  0.02700 -9.06456e-02 | 54  0.05718 -8.69820e-02
 55  0.00926 -6.08799e-02 | 56  0.05748 -1.14306e-01 | 57  0.25116 -5.89754e-01
 58 -0.12127 -2.20774e-02 | 59 -0.00630 -6.73060e-02 | 60 -0.35465 -2.85726e-03
 61  0.01806 -9.97999e-02 | 62 -0.35315 -2.69293e-03 | 63  0.08330 -6.91732e-02
 64  0.07147 -2.51352e-02 | 65 -0.43099  1.34039e-03 | 66  0.18804 -1.86237e-01
 67  0.02141 -3.49497e-02 | 68  0.30049  3.46448e-02 | 69 -0.07371  4.16364e-04
 70  0.04742 -3.79878e-03 | 71 -0.09542  4.91514e-03 | 72  0.25126  1.15459e-01
 73 -0.32858 -5.84042e-03 | 74  0.23837 -9.50092e-03 | 75  0.07516 -2.01222e-03
 76 -0.11845  4.29597e-03 | 77 -0.15273 -3.46072e-03 | 78  0.26943  2.24710e-02
 79  0.34136 -4.82309e-03 | 80  0.09904  2.44137e-03 | 81  0.13846 -4.00597e-03
 82 -0.09607 -1.69610e-01 | 83 -0.15577 -2.85262e-01 | 84 -0.16785 -4.44876e-01
 85 -0.16355 -4.65976e-01 | 86 -0.16209 -4.84849e-02 | 87 -0.16656 -9.55060e-02
 88 -0.18126 -9.41386e-02 | 89 -0.14226 -9.68454e-02 |

Initial statistics: 263 variables; iteration 0; function evaluation 0; phase 5
Function value 2.6711600e+03; maximum gradient component mag 3.8848e+03
Var    Value     Gradient |Var    Value     Gradient |Var    Value     Gradient
  1 -0.06667  7.21649e-01 |  2 -0.06410 -9.51512e-01 |  3  0.44580 -7.98921e-02
  4 -0.03488 -2.07963e-02 |  5 -0.00979  9.89875e-03 |  6 -0.01204  2.46772e-04
  7 -0.01454 -3.09083e-03 |  8 -0.01752 -1.01691e-02 |  9 -0.02060  2.99184e-03
 10 -0.02419  6.39660e-03 | 11 -0.02848 -5.20032e-03 | 12 -0.03284  1.38899e-02
 13 -0.03812  6.96952e-03 | 14 -0.04360  7.88375e-03 | 15 -0.04929  6.90700e-03
 16 -0.05474 -2.28900e-03 | 17 -0.05852 -4.86661e-03 | 18 -0.05836  3.87252e-05
 19 -0.05026 -9.12928e-03 | 20 -0.03070 -4.08156e-03 | 21 -0.00687 -5.48077e-04
 22  0.02315 -9.03775e-03 | 23  0.07575 -1.44233e-02 | 24  0.04629 -9.99778e-03
 25  0.15502 -2.16337e-02 | 26  0.10817 -1.30308e-02 | 27 -0.01528 -1.09747e-04
 28  0.22480 -5.42862e-02 | 29 -0.01524 -1.31051e-02 | 30 -0.07407 -8.08868e-03
 31  0.16077 -2.95677e-02 | 32 -0.11200  1.89254e-03 | 33  0.02961 -3.59547e-04
 34 -0.16291 -6.41330e-04 | 35  0.16928 -8.11585e-02 | 36 -0.21931 -3.34129e-03
 37  0.00601 -1.66655e-02 | 38  0.28248 -1.68523e-01 | 39 -0.15227 -1.25456e-03
 40 -0.15960 -1.91901e-03 | 41 -0.08654 -4.33306e-03 | 42  0.26046 -2.64293e-01
 43 -0.22619  8.57335e-03 | 44 -0.18671 -7.50904e-03 | 45  0.16877 -1.99665e-01
 46  0.08334 -1.04730e-01 | 47 -0.23271 -1.73914e-02 | 48  0.14008 -2.19679e-01
 49 -0.02050 -6.03575e-02 | 50 -0.23006 -9.97325e-03 | 51  0.10904 -1.70859e-01
 52  0.11922 -2.54076e-01 | 53  0.02700 -9.06456e-02 | 54  0.05718 -8.69820e-02
 55  0.00926 -6.08799e-02 | 56  0.05748 -1.14306e-01 | 57  0.25116 -5.89754e-01
 58 -0.12127 -2.20774e-02 | 59 -0.00630 -6.73060e-02 | 60 -0.35465 -2.85726e-03
 61  0.01806 -9.97999e-02 | 62 -0.35315 -2.69293e-03 | 63  0.08330 -6.91732e-02
 64  0.07147 -2.51352e-02 | 65 -0.43099  1.34039e-03 | 66  0.18804 -1.86237e-01
 67  0.02141 -3.49497e-02 | 68  0.30049  3.46448e-02 | 69 -0.07371  4.16364e-04
 70  0.04742 -3.79878e-03 | 71 -0.09542  4.91514e-03 | 72  0.25126  1.15459e-01
 73 -0.32858 -5.84042e-03 | 74  0.23837 -9.50092e-03 | 75  0.07516 -2.01222e-03
 76 -0.11845  4.29597e-03 | 77 -0.15273 -3.46072e-03 | 78  0.26943  2.24710e-02
 79  0.34136 -4.82309e-03 | 80  0.09904  2.44137e-03 | 81  0.00000  0.00000e+00
 82  0.00000  0.00000e+00 | 83  0.00000  0.00000e+00 | 84  0.00000  0.00000e+00
 85  0.00000  0.00000e+00 | 86 -0.43013 -4.89293e+01 | 87 -0.43172 -1.22555e+00
 88  0.13846 -4.00597e-03 | 89 -0.09607 -1.69610e-01 | 90 -0.15577 -2.85262e-01
 91 -0.16785 -4.44876e-01 | 92 -0.16355 -4.65976e-01 | 93 -0.16209 -4.84849e-02
 94 -0.16656 -9.55060e-02 | 95 -0.18126 -9.41386e-02 | 96 -0.14226 -9.68454e-02
 97 -0.42874  3.88484e+03 | 98 -0.24898 -2.41776e+00 | 99  0.00000 -1.80568e+00
100  0.00000 -4.64656e-01 |101  0.00000  5.55008e-02 |102  0.00000 -5.57831e+00
103  0.00000 -1.97862e+00 |104  0.00000 -3.75621e+00 |105  0.00000 -6.05210e+00
106  0.00000 -4.69721e+00 |107  0.00000 -1.51296e+01 |108  0.00000 -7.26049e+01
109  0.00000 -1.31810e+00 |110  0.00000 -1.96495e+00 |111  0.00000 -1.06189e-01
112  0.00000 -3.15899e+00 |113  0.00000 -3.04304e-01 |114  0.00000 -1.97055e+00
115  0.00000 -1.82458e+01 |116  0.00000 -2.72676e-02 |117  0.00000 -6.69508e+01
118  0.00000 -3.15749e+01 |119  0.00000 -5.05526e+01 |120  0.00000 -2.39879e-01
121  0.00000 -7.16825e+00 |122  0.00000 -3.22770e+00 |123  0.00000  1.02333e+02
124  0.00000  6.93642e-01 |125  0.00000  1.81566e+02 |126  0.00000  3.46524e+01
127  0.00000 -2.09283e+00 |128  0.00000 -5.43572e-02 |129  0.00000  1.95071e+01
130  0.00000 -1.29828e+02 |131  0.00000 -5.79528e+00 |132  0.00000  5.06822e+00
133  0.00000 -1.13286e+02 |134  0.00000 -2.77603e+01 |135  0.00000 -1.39461e+01
136  0.00000 -1.69491e+02 |137  0.00000  5.62985e+01 |138  0.00000 -1.32153e+02
139  0.00000 -8.56202e+01 |140  0.00000  8.91133e+01 |141  0.00000 -3.69455e+02
142  0.00000 -1.23823e+03 |143  0.00000 -4.63140e+01 |144  0.00000 -1.48126e+02
145  0.00000 -8.00380e+00 |146  0.00000 -3.23482e+02 |147  0.00000  1.07958e+01
148  0.00000 -2.20474e+02 |149  0.00000 -5.03555e+02 |150  0.00000 -7.55969e+01
151  0.00000 -1.11625e+03 |152  0.00000 -1.07709e+02 |153  0.00000 -6.36532e+02
154  0.00000 -7.40548e+01 |155  0.00000 -1.09822e+01 |156  0.00000  9.23340e+01
157  0.00000  2.82161e+03 |158  0.00000  1.91584e+02 |159  0.00000  1.33256e+03
160  0.00000  2.62137e+02 |161  0.00000 -5.20733e+01 |162  0.00000  4.85113e+00
163  0.00000  3.87656e+02 |164  0.00000  1.84127e+02 |165  0.00000  1.20246e+02
166  0.00000 -1.03704e+02 |167  0.00000  1.44500e+01 |168  0.00000 -1.05075e+02
169  0.00000 -1.80388e+02 |170  0.00000 -1.64659e+01 |171  0.00000 -6.97703e+01
172  0.00000 -7.49737e+00 |173  0.00000  2.90692e+02 |174  0.00000 -4.62663e+02
175  0.00000 -1.05371e+03 |176  0.00000 -5.42832e+02 |177  0.00000 -1.91557e+02
178  0.00000 -2.86262e+01 |179  0.00000 -3.32296e+02 |180  0.00000 -4.84147e+01
181  0.00000 -2.10308e+02 |182  0.00000 -5.94670e+02 |183  0.00000  1.29854e+02
184  0.00000 -1.11974e+03 |185  0.00000  1.80280e+03 |186  0.00000 -5.17347e+02
187  0.00000  1.92469e+02 |188  0.00000  4.63276e+01 |189  0.00000  1.01526e+02
190  0.00000  2.80117e+03 |191  0.00000 -2.34883e+02 |192  0.00000  1.33033e+03
193  0.00000 -4.97697e+02 |194  0.00000 -2.03462e+02 |195  0.00000 -2.05245e+01
196  0.00000  3.51006e+02 |197  0.00000 -1.90557e+02 |198  0.00000  1.23313e+02
199  0.00000 -7.42655e+01 |200  0.00000  1.68219e+01 |201  0.00000 -1.97763e+02
202  0.00000 -2.17604e+02 |203  0.00000 -2.43621e+01 |204  0.00000 -3.98417e+01
205  0.00000 -4.18247e+01 |206  0.00000  4.04712e+02 |207  0.00000 -5.65184e+02
208  0.00000 -8.19596e+02 |209  0.00000 -3.50954e+02 |210  0.00000 -1.36468e+02
211  0.00000  2.18673e+01 |212  0.00000 -3.29994e+02 |213  0.00000 -4.93363e+01
214  0.00000 -1.43264e+02 |215  0.00000 -6.04874e+02 |216  0.00000  1.75561e+02
217  0.00000 -1.99607e+02 |218  0.00000  1.79450e+03 |219  0.00000  1.32502e+02
220  0.00000  1.59307e+02 |221  0.00000 -2.72155e+02 |222  0.00000  1.08002e+02
223  0.00000  2.68733e+03 |224  0.00000 -2.37646e+02 |225  0.00000 -1.34933e+02
226  0.00000 -5.06844e+02 |227  0.00000 -8.68954e+01 |228  0.00000 -3.20307e+01
229  0.00000  3.29787e+02 |230  0.00000 -2.13981e+02 |231  0.00000  1.24394e+02
232  0.00000 -1.34219e+02 |233  0.00000  3.20093e+01 |234  0.00000 -2.03059e+02
235  0.00000 -1.76376e+02 |236  0.00000 -5.79862e+01 |237  0.00000 -4.91384e+01
238  0.00000  6.27441e+01 |239  0.00000  3.26040e+02 |240  0.00000 -5.50917e+02
241  0.00000 -5.41153e+02 |242  0.00000 -2.35076e+02 |243  0.00000 -4.23525e+01
244  0.00000  4.95034e+01 |245  0.00000 -2.97205e+02 |246  0.00000  4.63120e+01
247  0.00000 -1.46206e+02 |248  0.00000 -4.59463e+02 |249  0.00000  1.68220e+02
250  0.00000  3.57805e+02 |251  0.00000  1.08883e+03 |252  0.00000  1.31411e+02
253  0.00000 -2.49293e+02 |254  0.00000 -2.26660e+02 |255  0.00000  3.90877e+02
256  0.00000  2.65020e+03 |257  0.00000 -3.19060e+02 |258  0.00000 -1.84744e+02
259  0.00000 -5.75026e+02 |260  0.00000 -9.32863e+01 |261  0.00000 -7.53661e+01
262  0.00000  2.38015e+02 |263  0.00000 -2.05258e+02 |

Intermediate statistics: 263 variables; iteration 20; function evaluation 28; phase 5
Function value 2.3121353e+03; maximum gradient component mag -2.0232e+03
Var    Value     Gradient |Var    Value     Gradient |Var    Value     Gradient
  1 -0.04871  4.59814e+00 |  2 -0.07976  6.45139e+01 |  3  0.43951 -2.28373e+01
  4 -0.03458  9.23664e-02 |  5 -0.00973  5.31610e-02 |  6 -0.01195  5.59835e-02
  7 -0.01443  6.76059e-02 |  8 -0.01739  7.90512e-02 |  9 -0.02046  1.13660e-01
 10 -0.02404  1.39044e-01 | 11 -0.02828  1.49844e-01 | 12 -0.03264  1.94318e-01
 13 -0.03788  2.15170e-01 | 14 -0.04332  2.52355e-01 | 15 -0.04898  2.96050e-01
 16 -0.05437  3.50921e-01 | 17 -0.05810  4.53946e-01 | 18 -0.05790  6.57086e-01
 19 -0.04975  9.99930e-01 | 20 -0.03004  1.39863e+00 | 21 -0.00601  1.54073e+00
 22  0.02418  1.32507e+00 | 23  0.07715 -1.33259e+00 | 24  0.04608 -1.66045e+00
 25  0.14971 -4.82757e+00 | 26  0.10043 -1.30593e+00 | 27 -0.01843 -1.66143e+00
 28  0.20131 -6.09808e+01 | 29 -0.02136 -7.68791e-01 | 30 -0.07977  8.42908e+00
 31  0.15285 -6.17925e+00 | 32 -0.11296  8.01653e+00 | 33  0.03034  1.49140e+01
 34 -0.16384  7.29806e+00 | 35  0.17695  1.76030e+01 | 36 -0.21921  4.12536e+00
 37  0.00993  3.01020e+00 | 38  0.29667 -7.08286e+01 | 39 -0.15266  6.73990e+00
 40 -0.16008  1.22062e+01 | 41 -0.08760  1.29339e+01 | 42  0.26993  1.05084e+02
 43 -0.22729  7.85580e+00 | 44 -0.18793  1.07710e+01 | 45  0.18390  1.23520e+02
 46  0.06897  5.44685e+01 | 47 -0.23375  3.80093e+00 | 48  0.14294  8.62295e+01
 49  0.00098 -6.48089e+00 | 50 -0.22607 -9.71237e-01 | 51  0.11532 -3.47116e+01
 52  0.11052 -1.45554e+02 | 53  0.02821 -5.63191e+01 | 54  0.05424 -3.08013e+01
 55 -0.00264  5.95511e+01 | 56  0.06247  1.07381e+02 | 57  0.28161  4.70539e+02
 58 -0.10536  5.19591e+00 | 59  0.01058  4.82258e+01 | 60 -0.35219  6.16936e+00
 61  0.05338  1.12925e+02 | 62 -0.35341  2.51609e+00 | 63  0.10485  9.89335e+01
 64  0.07808  7.19969e+01 | 65 -0.43140  2.68332e+00 | 66  0.18190 -1.85998e+02
 67  0.03078 -6.64882e+01 | 68  0.30036 -9.47527e+02 | 69 -0.07719 -4.42178e-01
 70  0.04762 -6.73810e+01 | 71 -0.11564 -2.23464e+01 | 72  0.22706  2.07499e+02
 73 -0.33591  1.20909e+01 | 74  0.18684 -2.14908e+02 | 75  0.07467  2.57144e+01
 76 -0.10395  4.62619e+00 | 77 -0.15062  1.01367e+01 | 78  0.23793  2.55766e+02
 79  0.29603  9.67185e+01 | 80  0.09670  7.93833e+00 | 81  0.00000  0.00000e+00
 82  0.00000  0.00000e+00 | 83  0.00000  0.00000e+00 | 84  0.00000  0.00000e+00
 85  0.00000  0.00000e+00 | 86 -0.38516 -7.72814e+00 | 87 -0.43104  6.62552e-01
 88  0.09264 -1.00686e+02 | 89 -0.09537 -1.19597e+03 | 90 -0.14364 -1.55982e+03
 91 -0.16584 -2.02319e+03 | 92 -0.14100 -1.82868e+03 | 93 -0.13978  5.86790e+01
 94 -0.19055  1.12060e+02 | 95 -0.16454  1.16434e+02 | 96 -0.14776  1.72983e+02
 97 -0.35724  1.14983e+03 | 98 -0.25552  1.20262e+01 | 99  0.01001 -2.39024e+01
100 -0.00031 -2.69699e-01 |101 -0.00008 -1.33335e-01 |102  0.00082 -2.11431e+00
103 -0.00386  3.30494e+00 |104  0.00667 -1.24414e+01 |105  0.00319 -8.81125e-01
106  0.00443 -3.32327e+00 |107  0.02957 -2.82907e+01 |108  0.01664 -3.99472e+01
109  0.00006 -1.20971e+00 |110  0.00038 -1.66806e+00 |111 -0.00002  7.57517e-03
112  0.00491 -9.33705e+00 |113 -0.00002 -6.01378e-03 |114  0.00455 -3.01842e+01
115  0.01242 -1.76064e+01 |116 -0.00020  1.59151e-01 |117  0.02568  5.31775e+00
118  0.02696 -2.28430e+01 |119 -0.02395  4.11592e+01 |120 -0.00023 -1.19130e+00
121  0.00386 -2.90843e+00 |122  0.00417 -5.73793e+00 |123 -0.04219 -2.19699e+01
124 -0.00097  1.02327e+00 |125 -0.03056 -6.21728e+01 |126 -0.09599 -4.82908e+01
127  0.01024 -1.56319e+01 |128 -0.00032 -1.23582e-01 |129 -0.01674 -2.05412e+01
130  0.09834 -2.29917e+01 |131  0.01191 -2.06618e+01 |132  0.00319 -2.06067e+01
133  0.02500 -2.29175e+01 |134  0.02852 -2.56126e+01 |135  0.00426 -3.10961e+00
136  0.02432  1.80665e+01 |137 -0.04322 -7.35756e+01 |138  0.07752 -1.57125e+01
139  0.04789 -2.80794e+01 |140 -0.01319  4.05441e+00 |141  0.03945 -9.98747e+01
142  0.05540 -2.21429e+02 |143  0.02764 -1.54965e+01 |144  0.05244  1.14534e+01
145  0.00967 -1.27744e+01 |146  0.04418  1.36560e+00 |147 -0.00971 -1.66502e+01
148  0.00705 -7.55184e+01 |149  0.01997 -1.27965e+02 |150  0.03370  1.06344e+00
151  0.01329 -1.47022e+02 |152  0.07867  6.97953e+01 |153  0.01350  3.50194e+01
154  0.04363 -1.25771e+01 |155  0.01999 -9.58846e+01 |156 -0.00491 -5.12968e+01
157 -0.07835 -4.63466e+02 |158 -0.03717 -6.13812e+01 |159 -0.03282 -2.82387e+02
160 -0.04084  2.91053e+01 |161  0.02850 -1.23521e+01 |162 -0.00485 -3.51571e+01
163 -0.04930 -6.37213e+02 |164 -0.03448 -2.41177e+02 |165 -0.05929 -5.11384e+01
166  0.01113 -1.06681e+01 |167 -0.00106 -3.83288e+01 |168  0.04410 -1.25506e+01
169  0.02731  1.83880e+01 |170 -0.01420 -4.72269e+01 |171 -0.01304 -3.53218e+01
172 -0.03889 -4.33613e+01 |173  0.00281  4.47277e+01 |174 -0.01410 -1.35252e+02
175  0.01719 -2.52669e+02 |176  0.04208  2.77630e+01 |177  0.06306  2.05996e+01
178  0.02966 -3.09147e+01 |179  0.04574 -5.69005e-01 |180  0.00487 -3.11396e+01
181 -0.00490 -6.91426e+01 |182 -0.01336 -2.39510e+02 |183 -0.01925  6.75306e+01
184  0.02084 -1.55179e+02 |185 -0.03561  1.89049e+02 |186  0.01097  2.57089e+01
187 -0.00908  1.85568e+00 |188 -0.03282 -1.35043e+02 |189 -0.00243 -8.57371e+01
190 -0.00034 -4.17315e+02 |191 -0.00680 -5.81173e+02 |192 -0.01866 -2.91598e+02
193 -0.00437 -1.59437e+02 |194  0.05282  9.88485e+00 |195  0.01726 -5.77583e+01
196 -0.00184 -6.77397e+02 |197 -0.01155 -8.08504e+01 |198 -0.00594 -6.21935e+01
199 -0.03392 -7.62140e-02 |200 -0.00366 -3.74317e+01 |201  0.00030  3.39141e+01
202  0.04463  1.00745e+01 |203 -0.00687 -4.85770e+01 |204 -0.01323 -4.97359e+01
205  0.02391 -7.03481e+01 |206 -0.02274  3.59217e+01 |207  0.00008 -1.32700e+02
208 -0.00727 -2.73377e+02 |209  0.00597 -4.88513e+01 |210  0.02601  7.06125e+01
211 -0.03323  1.18793e+00 |212  0.01072 -6.06316e+01 |213  0.00831 -3.69379e+01
214 -0.00982 -1.61631e+02 |215  0.00276 -2.53309e+02 |216 -0.01777  6.54138e+01
217 -0.02917 -3.30612e+02 |218 -0.02460  1.79930e+02 |219 -0.03157 -1.91206e+02
220 -0.01218 -6.22962e+00 |221  0.00603 -1.92753e+02 |222 -0.00418 -9.32268e+01
223  0.00588 -1.93872e+02 |224 -0.02153 -5.78615e+02 |225 -0.01656 -4.92032e+02
226  0.00266 -1.65880e+02 |227 -0.01954 -1.83926e+02 |228  0.01830 -8.80986e+01
229  0.00901 -6.80755e+02 |230  0.01227 -9.64838e+01 |231 -0.00722 -6.03223e+01
232  0.00932  2.07972e+01 |233 -0.02270 -2.11879e+01 |234  0.00569  2.97908e+01
235 -0.00650  5.96176e+00 |236  0.02742 -4.45563e+01 |237  0.00089 -6.02558e+01
238 -0.03189 -8.60359e+01 |239 -0.01353  5.28247e+01 |240  0.00600 -7.55459e+01
241 -0.02626 -3.13516e+02 |242 -0.03099 -4.92595e+01 |243 -0.02145  3.45513e+01
244 -0.00737 -1.90347e+01 |245 -0.02521 -4.37247e+01 |246 -0.02389 -7.05464e+01
247 -0.00419 -1.66995e+02 |248 -0.01108 -2.56239e+02 |249 -0.00962  5.95411e+01
250 -0.06087 -2.26239e+02 |251 -0.03074  1.65507e+02 |252 -0.02931 -1.92859e+02
253  0.01462  1.22545e+02 |254 -0.01257 -1.65852e+02 |255 -0.03174 -5.28493e+01
256 -0.01888 -1.48460e+02 |257 -0.00068 -5.40524e+02 |258  0.00501 -4.97537e+02
259 -0.01260 -1.18170e+02 |260 -0.01084 -1.91505e+02 |261 -0.02124 -4.61339e+01
262  0.01265 -5.84387e+02 |263  0.01401 -1.08326e+02 |
263 variables; iteration 40; function evaluation 48; phase 5
Function value 2.3009136e+03; maximum gradient component mag -1.9994e+03
Var    Value     Gradient |Var    Value     Gradient |Var    Value     Gradient
  1 -0.05398  4.64579e+01 |  2 -0.08416 -2.05943e+00 |  3  0.40537 -2.70335e+01
  4 -0.03256  9.04627e-01 |  5 -0.00923  2.75617e-01 |  6 -0.01132  3.26346e-01
  7 -0.01367  3.93525e-01 |  8 -0.01647  4.70866e-01 |  9 -0.01944  5.79645e-01
 10 -0.02286  6.85126e-01 | 11 -0.02687  7.82966e-01 | 12 -0.03109  9.23559e-01
 13 -0.03608  1.04864e+00 | 14 -0.04129  1.19245e+00 | 15 -0.04669  1.35825e+00
 16 -0.05180  1.55160e+00 | 17 -0.05526  1.81181e+00 | 18 -0.05486  2.23596e+00
 19 -0.04642  2.97362e+00 | 20 -0.02601  4.10620e+00 | 21 -0.00117  5.30565e+00
 22  0.02890  6.61267e+00 | 23  0.08294  7.09252e+00 | 24  0.04725  2.61631e+00
 25  0.15189 -6.07124e-01 | 26  0.09958 -3.65928e+00 | 27 -0.02031 -1.84067e+00
 28  0.20652 -4.62520e+01 | 29 -0.02182 -2.65769e+00 | 30 -0.08313  4.49527e+00
 31  0.15829  8.18003e-01 | 32 -0.11745  6.23741e+00 | 33  0.03343  1.22378e+01
 34 -0.17011  6.67944e+00 | 35  0.17848  1.16338e+01 | 36 -0.22025  4.11640e+00
 37  0.01088  5.78226e+00 | 38  0.29645 -1.11158e+02 | 39 -0.15376  6.50606e+00
 40 -0.16002  1.20600e+01 | 41 -0.08834  1.24355e+01 | 42  0.26924  5.91220e+01
 43 -0.23066  6.77095e+00 | 44 -0.19244  8.99389e+00 | 45  0.18198  7.48039e+01
 46  0.06927  3.40120e+01 | 47 -0.23020  1.99043e+00 | 48  0.14035  3.33330e+01
 49  0.01115 -7.27422e+00 | 50 -0.21572 -5.27255e-01 | 51  0.11324 -8.99504e+01
 52  0.11276 -1.96512e+02 | 53  0.02155 -8.83355e+01 | 54  0.05943 -4.31207e+01
 55 -0.01426  4.65174e+01 | 56  0.06829  9.97550e+01 | 57  0.28253  4.25585e+02
 58 -0.11667 -5.53302e+00 | 59  0.01214  3.57070e+01 | 60 -0.35051  7.80338e+00
 61  0.05252  1.35949e+02 | 62 -0.35005  1.44370e+00 | 63  0.10477  1.65284e+02
 64  0.07921  1.44857e+02 | 65 -0.42758  1.36857e+00 | 66  0.18127 -1.85144e+02
 67  0.03600 -3.81559e+01 | 68  0.29898 -9.26780e+02 | 69 -0.08937 -1.13832e+01
 70  0.04362 -4.11238e+01 | 71 -0.10405 -5.01180e+00 | 72  0.22330  2.66903e+02
 73 -0.35133  7.27520e+00 | 74  0.18289 -1.74064e+02 | 75  0.05291 -1.21466e+01
 76 -0.07681  1.98044e+01 | 77 -0.12815  1.38583e+01 | 78  0.15676  1.63171e+02
 79  0.25111  7.86743e+01 | 80  0.08375  4.78443e+00 | 81  0.00000  0.00000e+00
 82  0.00000  0.00000e+00 | 83  0.00000  0.00000e+00 | 84  0.00000  0.00000e+00
 85  0.00000  0.00000e+00 | 86 -0.31278  7.21727e+00 | 87 -0.43335  1.55312e+00
 88  0.05941 -5.90192e+01 | 89 -0.11140 -1.12050e+03 | 90 -0.14191 -1.60316e+03
 91 -0.16517 -1.99943e+03 | 92 -0.14160 -1.72952e+03 | 93 -0.13552  4.06745e+01
 94 -0.20079  8.48221e+01 | 95 -0.15961  8.94997e+01 | 96 -0.15065  1.38425e+02
 97 -0.35629  1.07345e+03 | 98 -0.25572  7.13909e+00 | 99  0.03472 -8.56683e+00
100 -0.00050 -7.16534e-01 |101 -0.00037 -1.33880e-01 |102 -0.00092 -3.08269e+00
103 -0.01577  9.60656e-01 |104  0.02541 -5.31318e+00 |105  0.00266 -1.65868e+00
106  0.00960 -2.68449e+00 |107  0.06867 -9.65253e+00 |108  0.03252 -3.62257e+01
109  0.00153 -1.25230e+00 |110 -0.00029 -1.81052e+00 |111 -0.00011 -1.16504e-02
112  0.01416 -6.15982e+00 |113 -0.00012 -5.38840e-02 |114  0.03873 -1.47205e+01
115  0.03552 -8.74121e+00 |116 -0.00080  7.90622e-02 |117  0.03030  2.11957e-01
118  0.06107 -4.88816e+00 |119 -0.04384  3.83808e+01 |120  0.00140 -1.64811e+00
121  0.00662 -5.93968e+00 |122  0.01548 -5.09282e+00 |123 -0.03376 -3.10457e+01
124 -0.00379  6.58805e-01 |125 -0.01262 -4.20324e+01 |126 -0.07585  6.37768e+01
127  0.04696 -7.05300e+00 |128 -0.00094 -3.42982e-01 |129 -0.04131 -3.93578e+01
130  0.11634 -3.63079e+01 |131  0.04749 -7.88464e+00 |132  0.01748 -7.71104e+00
133  0.04443 -1.40257e+01 |134  0.05769 -6.67459e+00 |135  0.00298 -3.20871e+00
136  0.01592  6.94998e+00 |137 -0.02674 -4.25711e+01 |138  0.09228 -6.89200e+00
139  0.05783 -2.68497e+01 |140 -0.01430 -7.08903e+00 |141  0.05495 -1.05737e+02
142  0.06078 -2.18206e+02 |143  0.05178 -1.66253e+00 |144  0.06828  1.79171e+01
145  0.02488 -7.23431e+00 |146  0.04014 -1.34545e+01 |147 -0.01278 -7.12667e+00
148  0.02256 -7.97843e+01 |149  0.02884 -1.39659e+02 |150  0.04970 -6.03177e-01
151  0.01108  1.44248e+01 |152  0.12241  9.16458e+01 |153  0.02014  3.63462e+01
154  0.04748 -1.61962e+01 |155  0.02881 -9.11246e+01 |156  0.01139 -5.83573e+01
157 -0.09143 -4.75826e+02 |158 -0.03023 -4.30141e+01 |159 -0.03739 -2.32443e+02
160 -0.04106  3.10605e+01 |161  0.06574 -3.80243e+00 |162 -0.00580 -5.34284e+01
163 -0.09405 -5.47608e+02 |164 -0.00699 -1.86176e+02 |165 -0.05557 -3.16601e+01
166 -0.00236 -6.41499e+00 |167  0.00095 -2.62752e+01 |168  0.06693  5.10369e+00
169  0.02039  7.75733e+00 |170 -0.01826 -5.13778e+01 |171 -0.01312 -4.70146e+01
172 -0.03809 -3.49537e+01 |173  0.00628  1.45555e+01 |174 -0.02422 -1.54031e+02
175  0.02728 -2.44109e+02 |176  0.03646 -3.27050e+01 |177  0.07341  2.60814e+01
178  0.03879 -1.77304e+01 |179  0.04321 -1.46931e+01 |180 -0.00079 -7.03851e+01
181 -0.01329 -7.97000e+01 |182 -0.02659 -3.32892e+02 |183 -0.02044  3.50989e+01
184  0.03207  1.13108e+01 |185 -0.04738  1.35261e+02 |186  0.01158  1.03367e+01
187 -0.01386 -4.93240e+01 |188 -0.03621 -1.10812e+02 |189  0.00034 -1.10976e+02
190  0.02313 -4.15635e+02 |191 -0.01321 -5.23521e+02 |192 -0.00860 -2.34795e+02
193 -0.01071 -1.30733e+02 |194  0.03671 -2.30187e+01 |195  0.04379 -7.05935e+01
196  0.00583 -5.68669e+02 |197 -0.05979 -6.45552e+01 |198 -0.00455 -6.71909e+01
199 -0.03026  1.15840e+01 |200 -0.00443 -2.68082e+01 |201 -0.00500  4.55487e+01
202  0.05643  1.21175e+01 |203 -0.00644 -5.33826e+01 |204 -0.02466 -7.34029e+01
205  0.02051 -8.67918e+01 |206 -0.02603  8.14494e+00 |207  0.01071 -1.57500e+02
208 -0.01930 -2.78635e+02 |209  0.01831 -8.36733e+01 |210  0.02182  6.00780e+01
211 -0.04146  3.02736e+00 |212  0.03056 -2.95971e+01 |213  0.01043 -7.43668e+01
214 -0.01466 -1.86715e+02 |215  0.01364 -3.37445e+02 |216 -0.02443  4.87924e+01
217 -0.02839 -2.09754e+02 |218 -0.01576  1.32507e+02 |219 -0.03377 -1.84431e+02
220 -0.00888 -4.30942e+01 |221  0.00379 -4.05516e+01 |222 -0.01040 -1.23422e+02
223  0.01441 -2.21911e+02 |224 -0.01300 -5.25584e+02 |225 -0.02288 -3.88179e+02
226  0.00816 -1.32461e+02 |227 -0.02608 -2.10697e+02 |228  0.00551 -1.39034e+02
229  0.03381 -5.71849e+02 |230  0.01346 -6.86410e+01 |231 -0.01181 -6.72475e+01
232  0.00741  1.78779e+01 |233 -0.02591 -2.31551e+01 |234  0.00959  4.37803e+01
235 -0.00613  2.07162e+01 |236  0.02591 -5.27717e+01 |237  0.01065 -7.72111e+01
238 -0.03116 -9.21105e+01 |239 -0.01320  3.04089e+01 |240 -0.00258 -1.28217e+02
241 -0.02102 -2.95462e+02 |242 -0.04077 -8.88493e+01 |243 -0.01550  5.09061e+01
244 -0.00653 -1.25482e+01 |245 -0.04053 -3.06558e+01 |246 -0.02291 -1.02336e+02
247  0.00008 -1.89637e+02 |248 -0.01093 -3.21761e+02 |249 -0.00227  4.73326e+01
250 -0.05779 -1.53643e+02 |251 -0.03040  1.25690e+02 |252 -0.02675 -1.85150e+02
253  0.01531  1.15721e+02 |254 -0.00708 -2.81436e+01 |255 -0.03041 -3.89632e+01
256 -0.03172 -1.94831e+02 |257 -0.00344 -5.12766e+02 |258  0.01287 -3.89930e+02
259 -0.01146 -7.18128e+01 |260 -0.00342 -2.12955e+02 |261 -0.01866 -2.36338e+01
262  0.00293 -5.11938e+02 |263  0.03044 -7.36866e+01 |
263 variables; iteration 60; function evaluation 68; phase 5
Function value 2.2976453e+03; maximum gradient component mag -1.9814e+03
Var    Value     Gradient |Var    Value     Gradient |Var    Value     Gradient
  1 -0.01548  1.89833e+02 |  2 -0.03483 -1.76399e+02 |  3  0.32246 -5.19691e+01
  4 -0.02849  4.90386e-01 |  5 -0.00831  1.55802e-01 |  6 -0.01012  1.93869e-01
  7 -0.01227  2.41256e-01 |  8 -0.01482  2.98870e-01 |  9 -0.01781  3.69644e-01
 10 -0.02111  4.48202e-01 | 11 -0.02481  5.35934e-01 | 12 -0.02910  6.41243e-01
 13 -0.03384  7.57806e-01 | 14 -0.03892  8.94348e-01 | 15 -0.04424  1.05299e+00
 16 -0.04930  1.24070e+00 | 17 -0.05299  1.47563e+00 | 18 -0.05334  1.80639e+00
 19 -0.04629  2.31680e+00 | 20 -0.02737  3.06468e+00 | 21 -0.00401  3.68517e+00
 22  0.02240  3.93598e+00 | 23  0.07877  3.00107e+00 | 24  0.04382  8.54719e-01
 25  0.15742 -1.72758e+00 | 26  0.10020 -5.71208e+00 | 27 -0.02419 -3.22361e+00
 28  0.20838 -4.93073e+01 | 29 -0.02297 -4.24017e+00 | 30 -0.08441  2.39957e+00
 31  0.15764 -1.25957e+01 | 32 -0.11781  5.19040e+00 | 33  0.03255  9.65366e+00
 34 -0.18083  3.64484e+00 | 35  0.17673  2.93790e+00 | 36 -0.22420  3.27166e+00
 37  0.00666  1.48804e+00 | 38  0.29559 -1.23157e+02 | 39 -0.16054  4.88075e+00
 40 -0.16460  1.03414e+01 | 41 -0.09500  9.41347e+00 | 42  0.26485  2.59858e+01
 43 -0.23965  5.35737e+00 | 44 -0.20228  6.81915e+00 | 45  0.17674  3.72458e+01
 46  0.05859  1.11431e+01 | 47 -0.21073  4.81546e+00 | 48  0.13286  1.13365e+01
 49  0.00679 -1.10704e+01 | 50 -0.19749  2.43883e+00 | 51  0.10613 -1.14837e+02
 52  0.10675 -2.24366e+02 | 53  0.01614 -9.68891e+01 | 54  0.05310 -7.11608e+01
 55 -0.01645  2.78304e+01 | 56  0.06515  6.40465e+01 | 57  0.27980  2.21017e+02
 58 -0.11626 -6.69400e+00 | 59  0.00676  1.66410e+01 | 60 -0.35569  5.96296e+00
 61  0.04571  1.06653e+02 | 62 -0.32148  4.44588e+00 | 63  0.09994  1.40184e+02
 64  0.07646  1.55446e+02 | 65 -0.40184  4.77040e+00 | 66  0.17784 -2.12094e+02
 67  0.03507 -4.67786e+01 | 68  0.29737 -9.20939e+02 | 69 -0.08898 -1.00647e+01
 70  0.04198 -3.30118e+01 | 71 -0.11143 -6.85971e+00 | 72  0.21725  2.70675e+02
 73 -0.36482  5.29281e+00 | 74  0.17971 -1.95002e+02 | 75  0.05028  8.53601e+00
 76 -0.06835  2.66215e+01 | 77 -0.07971  2.55079e+01 | 78  0.18099  1.72307e+02
 79  0.26881  7.39532e+01 | 80  0.07396  1.82753e+00 | 81  0.00000  0.00000e+00
 82  0.00000  0.00000e+00 | 83  0.00000  0.00000e+00 | 84  0.00000  0.00000e+00
 85  0.00000  0.00000e+00 | 86 -0.16897  1.14176e+01 | 87 -0.45370  1.09321e+00
 88  0.05078 -7.20904e+01 | 89 -0.10709 -1.06594e+03 | 90 -0.14258 -1.55069e+03
 91 -0.16390 -1.98140e+03 | 92 -0.14200 -1.75563e+03 | 93 -0.13439  3.12889e+01
 94 -0.20236  4.82790e+01 | 95 -0.15715  4.78295e+01 | 96 -0.15177  8.80726e+01
 97 -0.35707  1.04608e+03 | 98 -0.24969  6.77619e+00 | 99  0.04120 -5.64713e+00
100  0.00259  3.53486e-01 |101 -0.00024 -1.87004e-01 |102  0.00721 -9.73337e-02
103 -0.02826 -2.26207e+00 |104  0.03426 -1.89544e+00 |105  0.01037  6.93474e-01
106  0.01921  4.09839e-01 |107  0.07061 -9.56504e+00 |108  0.03808 -3.22460e+01
109  0.00713  8.04771e-02 |110  0.00568 -4.19262e-01 |111 -0.00024 -4.01371e-02
112  0.01703 -5.32942e+00 |113 -0.00004 -6.00479e-02 |114  0.08057 -1.71410e+01
115  0.04051 -6.93400e+00 |116 -0.00218 -1.90590e-01 |117  0.02948 -6.61291e+00
118  0.06589 -3.98015e+00 |119 -0.01759  3.84581e+01 |120  0.01010  7.85386e-01
121  0.01916 -7.36542e-01 |122  0.02824 -4.13592e-01 |123 -0.02710 -4.00619e+01
124 -0.00927 -5.38236e-01 |125 -0.00389 -2.95774e+01 |126 -0.07366  4.38215e+01
127  0.05735 -4.63745e+00 |128 -0.00055 -5.96359e-01 |129 -0.04207 -3.43679e+01
130  0.12384 -2.52963e+01 |131  0.04544 -6.49181e+00 |132  0.01790 -5.88928e+00
133  0.07785 -1.48732e+00 |134  0.05176 -1.21541e+01 |135  0.01095 -5.33679e-01
136  0.01786  7.93138e+00 |137 -0.02713 -3.30310e+01 |138  0.09310 -4.35805e+00
139  0.05898 -1.85771e+01 |140 -0.01301  1.24847e+00 |141  0.05118 -1.00707e+02
142  0.05772 -2.32897e+02 |143  0.04789 -3.80883e+00 |144  0.06701  1.61835e+01
145  0.02524 -7.02514e+00 |146  0.03763 -1.73509e+01 |147 -0.05760 -1.99424e+01
148  0.03108 -6.66755e+01 |149  0.02740 -1.43368e+02 |150  0.04937 -8.54865e+00
151  0.00464  7.75313e+00 |152  0.09916  7.67065e+01 |153  0.01794  2.49476e+01
154  0.04628 -1.39899e+01 |155  0.02527 -1.03619e+02 |156  0.00580 -7.39751e+01
157 -0.08607 -3.93303e+02 |158 -0.03495 -3.41727e+01 |159 -0.03511 -2.06893e+02
160 -0.04452 -2.03077e+00 |161  0.06165 -8.28923e+00 |162  0.00733 -4.87741e+01
163 -0.10704 -5.27642e+02 |164 -0.01309 -1.74679e+02 |165 -0.05657 -3.01117e+01
166 -0.03678 -5.97970e+00 |167 -0.00016 -4.25062e+01 |168  0.06443  1.89901e+00
169  0.02328  8.40408e+00 |170 -0.02179 -4.26589e+01 |171 -0.01100 -4.62062e+01
172 -0.03798 -2.57537e+01 |173  0.00605  2.37751e+01 |174 -0.02019 -1.36711e+02
175  0.02682 -2.42313e+02 |176  0.03591 -3.00151e+01 |177  0.06278  2.20063e+01
178  0.03970 -1.95737e+01 |179  0.04215 -1.84761e+01 |180 -0.00159 -9.76397e+01
181 -0.02203 -7.12403e+01 |182 -0.02871 -3.52352e+02 |183 -0.01954  2.85628e+01
184  0.03619  5.48350e+00 |185 -0.05309  1.37816e+02 |186  0.01218  7.24566e+00
187 -0.01296 -4.12625e+01 |188 -0.03483 -1.23097e+02 |189 -0.00096 -1.22412e+02
190  0.01725 -3.38078e+02 |191 -0.01149 -5.50986e+02 |192 -0.01106 -2.10380e+02
193 -0.00938 -1.04436e+02 |194  0.03814 -2.27418e+01 |195  0.04726 -7.20049e+01
196  0.02364 -5.41507e+02 |197 -0.06483 -5.52497e+01 |198 -0.00240 -6.52201e+01
199 -0.02849  2.25214e+01 |200 -0.00448 -4.33627e+01 |201 -0.00948  1.91228e+01
202  0.05293  7.44884e+00 |203 -0.00100 -4.37557e+01 |204 -0.03142 -8.98914e+01
205  0.02054 -7.58465e+01 |206 -0.02540  1.64603e+01 |207  0.00893 -1.45773e+02
208 -0.01799 -2.70300e+02 |209  0.01668 -6.27550e+01 |210  0.02086  5.23874e+01
211 -0.04221 -4.83684e+00 |212  0.02691 -2.48574e+01 |213  0.01257 -1.00932e+02
214 -0.01707 -1.96424e+02 |215  0.01525 -3.57737e+02 |216 -0.02817  3.56012e+01
217 -0.02862 -2.31015e+02 |218 -0.01074  1.36476e+02 |219 -0.03708 -1.77802e+02
220 -0.00896 -4.08521e+01 |221  0.00422 -4.65451e+01 |222 -0.00840 -1.30426e+02
223  0.01346 -1.64092e+02 |224 -0.01652 -5.51430e+02 |225 -0.01990 -3.88853e+02
226  0.00851 -1.05864e+02 |227 -0.02534 -1.77283e+02 |228  0.00490 -1.51141e+02
229  0.03589 -5.44401e+02 |230  0.02829 -5.72405e+01 |231 -0.01363 -6.64924e+01
232  0.00858  3.79188e+01 |233 -0.02596 -3.70825e+01 |234  0.01179  1.80722e+01
235 -0.00720  6.81798e+00 |236  0.02374 -4.77567e+01 |237  0.01499 -9.26315e+01
238 -0.03138 -8.27080e+01 |239 -0.01397  2.79568e+01 |240 -0.00164 -1.17210e+02
241 -0.01985 -2.71336e+02 |242 -0.03702 -6.60191e+01 |243 -0.01490  4.34353e+01
244 -0.00672 -2.23115e+01 |245 -0.03644 -1.99584e+01 |246 -0.02311 -1.36560e+02
247  0.00203 -1.98607e+02 |248 -0.01039 -3.30668e+02 |249  0.00090  3.51716e+01
250 -0.05843 -1.77983e+02 |251 -0.02963  1.24743e+02 |252 -0.02355 -1.77580e+02
253  0.01367  8.59793e+01 |254 -0.00819 -3.74130e+01 |255 -0.03154 -6.87366e+01
256 -0.03110 -1.40627e+02 |257 -0.00143 -5.19736e+02 |258  0.00946 -3.95492e+02
259 -0.01157 -8.49636e+01 |260 -0.00337 -1.79328e+02 |261 -0.01768 -3.21722e+01
262  0.00637 -4.74915e+02 |263  0.03298 -6.86308e+01 |
263 variables; iteration 80; function evaluation 88; phase 5
Function value 2.2870305e+03; maximum gradient component mag -1.1711e+03
Var    Value     Gradient |Var    Value     Gradient |Var    Value     Gradient
  1 -0.02399  6.05036e+01 |  2 -0.08654 -8.75245e+00 |  3  0.31716 -2.26306e+01
  4  0.00312  1.93066e+00 |  5  0.00009  4.28421e-01 |  6 -0.00010  5.22772e-01
  7 -0.00081  6.14749e-01 |  8 -0.00177  7.23075e-01 |  9 -0.00386  8.04941e-01
 10 -0.00606  9.06447e-01 | 11 -0.00841  1.03381e+00 | 12 -0.01236  1.11573e+00
 13 -0.01635  1.23492e+00 | 14 -0.02133  1.33391e+00 | 15 -0.02688  1.42294e+00
 16 -0.03249  1.50402e+00 | 17 -0.03742  1.55974e+00 | 18 -0.03952  1.61954e+00
 19 -0.03408  1.75962e+00 | 20 -0.01551  2.05515e+00 | 21  0.00760  2.09172e+00
 22  0.02812  1.38056e+00 | 23  0.09766 -1.23188e+00 | 24  0.04565 -2.36897e+00
 25  0.16756 -9.15832e+00 | 26  0.11660 -4.31682e+00 | 27 -0.00749 -1.56231e+00
 28  0.22199 -5.26040e+01 | 29 -0.01296 -6.52552e+00 | 30 -0.07241  2.06818e+00
 31  0.17320  2.21982e+01 | 32 -0.09410  1.28699e+01 | 33  0.04828  3.17414e+01
 34 -0.14957  7.94829e+00 | 35  0.18887 -1.42749e+01 | 36 -0.21359  2.52032e+00
 37  0.01672 -4.68786e+00 | 38  0.30870 -9.84645e+01 | 39 -0.14332  5.90075e+00
 40 -0.14742  1.13952e+01 | 41 -0.07875  1.10266e+01 | 42  0.27955  4.30016e+01
 43 -0.23006  4.40735e+00 | 44 -0.18606  6.60730e+00 | 45  0.18846  3.23698e+01
 46  0.07859  2.58414e+01 | 47 -0.23272  1.54791e+00 | 48  0.14754  1.11879e+01
 49  0.01867 -9.54153e+00 | 50 -0.22674 -2.22032e+00 | 51  0.12137 -6.95234e+01
 52  0.11991 -1.40242e+02 | 53  0.03988 -3.52407e+01 | 54  0.06224 -2.89596e+01
 55  0.00486  4.67165e+01 | 56  0.07655  6.46486e+01 | 57  0.29130  2.54285e+02
 58 -0.09272  1.05737e+01 | 59  0.01756  2.71734e+01 | 60 -0.33721  5.70288e+00
 61  0.05808  9.06143e+01 | 62 -0.34403  1.75334e+00 | 63  0.11296  1.62391e+02
 64  0.08911  1.34787e+02 | 65 -0.40739  3.01216e+00 | 66  0.19254 -1.14204e+02
 67  0.05055 -4.61794e+00 | 68  0.31426 -6.43417e+02 | 69 -0.06865 -1.66922e+00
 70  0.05667 -3.43773e+01 | 71 -0.10072 -8.12218e+00 | 72  0.23645  2.02602e+02
 73 -0.34347  5.79764e+00 | 74  0.20074 -1.78228e+02 | 75  0.06835  4.79862e+00
 76 -0.06055  6.63887e+00 | 77 -0.13792  4.29875e+00 | 78  0.23298  1.27518e+02
 79  0.30227  5.13718e+01 | 80  0.10916  3.73728e+00 | 81  0.00000  0.00000e+00
 82  0.00000  0.00000e+00 | 83  0.00000  0.00000e+00 | 84  0.00000  0.00000e+00
 85  0.00000  0.00000e+00 | 86  0.36512  9.12545e+00 | 87 -0.55891 -3.47005e-01
 88  0.07922 -4.48151e+01 | 89 -0.10432 -6.37241e+02 | 90 -0.14644 -8.38247e+02
 91 -0.16411 -1.17107e+03 | 92 -0.14145 -1.01386e+03 | 93 -0.14604 -3.44089e+01
 94 -0.19828 -8.07064e+00 | 95 -0.15967  1.84556e+00 | 96 -0.14875  4.30402e+01
 97 -0.36654  1.01888e+03 | 98 -0.24795  6.40367e+00 | 99  0.02211 -1.31970e+01
100 -0.00322 -7.03644e-01 |101 -0.00045 -1.15914e-01 |102  0.00168 -2.50352e+00
103 -0.00463  3.18702e+00 |104  0.02141 -5.06541e+00 |105 -0.00050 -2.77872e+00
106  0.00324 -3.78527e+00 |107  0.04084 -2.39866e+01 |108  0.02589 -2.48223e+01
109 -0.00376 -2.56849e+00 |110 -0.00251 -1.84873e+00 |111  0.00000  1.87571e-02
112  0.00781 -6.51868e+00 |113 -0.00005 -3.53732e-02 |114  0.02713 -1.57384e+01
115  0.02588 -9.96269e+00 |116  0.00026  2.90147e-01 |117  0.01933 -8.71794e+00
118  0.04583 -1.15581e+01 |119 -0.01855  1.50428e+01 |120 -0.00508 -2.98875e+00
121  0.00932 -2.25828e+00 |122  0.01899 -6.04306e-01 |123 -0.03568 -1.45910e+01
124  0.00261  1.82607e+00 |125 -0.02347 -2.39635e+01 |126 -0.09140  3.73664e+01
127  0.04270 -6.31230e+00 |128 -0.00148 -4.40043e-01 |129 -0.01619 -1.77650e+01
130  0.09413 -3.66777e+01 |131  0.03801 -5.42628e+00 |132  0.01122 -1.08785e+01
133  0.02527  4.27738e-02 |134  0.05171 -7.85212e+00 |135  0.00704 -2.95252e+00
136  0.01764  3.22369e+00 |137 -0.02952 -2.05114e+01 |138  0.07745 -2.13014e+01
139  0.05392 -1.39710e+01 |140 -0.01035 -3.99509e+00 |141  0.04611 -7.62347e+01
142  0.05526 -2.31596e+02 |143  0.04657 -4.69664e+00 |144  0.05530  1.15751e+01
145  0.02024 -7.31465e+00 |146  0.03753 -2.20189e+01 |147 -0.01407 -6.89607e+00
148  0.00876 -5.40835e+01 |149  0.02571 -1.29520e+02 |150  0.04331 -8.78563e+00
151  0.01124 -3.03321e+01 |152  0.08187  3.96188e+01 |153  0.01781  4.56033e+01
154  0.04318 -1.53169e+01 |155  0.02501 -4.34803e+01 |156  0.00246 -4.35297e+01
157 -0.07185 -6.00485e+01 |158 -0.03050 -2.15255e+01 |159 -0.03078 -5.50806e+01
160 -0.04868 -8.99932e+00 |161  0.04677 -1.31306e+01 |162 -0.01903 -3.50550e+01
163 -0.05904 -3.64345e+02 |164 -0.02118 -1.04589e+02 |165 -0.05264 -2.54228e+01
166  0.01967  1.19379e+01 |167  0.00034 -1.31295e+01 |168  0.04780 -1.53523e+01
169  0.02034  3.08536e+00 |170 -0.01094 -1.68993e+01 |171 -0.01197 -4.95117e+01
172 -0.03225 -7.36779e+00 |173  0.00226  4.80727e+01 |174 -0.00950 -1.05004e+02
175  0.02298 -2.30674e+02 |176  0.03570 -3.82413e+01 |177  0.06229  1.95764e+01
178  0.04105 -1.45478e+01 |179  0.04039 -2.37779e+01 |180  0.00109 -3.80806e+01
181  0.00056 -4.76131e+01 |182 -0.02179 -2.79088e+02 |183 -0.01628  5.99396e+01
184  0.02907 -3.49454e+01 |185 -0.04412  2.19623e+02 |186  0.01289  2.02935e+01
187 -0.00934  5.99468e+01 |188 -0.02957 -4.88449e+01 |189 -0.00371 -8.29275e+01
190  0.00722 -1.78427e+01 |191 -0.00775 -4.12798e+02 |192 -0.01285 -6.00168e+01
193 -0.00549 -2.63870e+01 |194  0.04200 -8.24239e+00 |195  0.04790 -4.00612e+01
196 -0.00325 -3.88846e+02 |197 -0.02689 -1.18515e+01 |198 -0.00773 -4.67073e+01
199 -0.03119  1.97773e+01 |200 -0.00184 -1.25632e+01 |201 -0.00405  2.98450e+00
202  0.04574 -1.02670e+00 |203 -0.00655 -2.00667e+01 |204 -0.01551 -6.31148e+01
205  0.02062 -4.85180e+01 |206 -0.01836  5.11362e+01 |207 -0.00441 -1.51275e+02
208 -0.01236 -2.30885e+02 |209  0.01379 -4.49733e+01 |210  0.02003  6.22036e+01
211 -0.04145 -1.13096e+01 |212  0.01862 -3.15031e+01 |213  0.01240 -4.16798e+01
214 -0.01359 -1.27356e+02 |215  0.01042 -2.85355e+02 |216 -0.02252  4.89995e+01
217 -0.02714 -1.72609e+02 |218 -0.01382  2.16749e+02 |219 -0.03212 -1.30395e+02
220 -0.00698  3.58317e+01 |221  0.00247 -1.94136e+01 |222 -0.00389 -8.28992e+01
223  0.00738  1.22867e+02 |224 -0.01601 -4.05302e+02 |225 -0.00816 -2.42792e+02
226  0.00862 -2.84158e+01 |227 -0.02191 -1.22726e+02 |228  0.00489 -1.00651e+02
229  0.03107 -3.88520e+02 |230  0.00788 -2.14623e+01 |231 -0.00751 -4.48434e+01
232  0.00741  2.54220e+01 |233 -0.02452 -9.26102e+00 |234  0.00673  4.41945e-01
235 -0.00482  1.76094e+01 |236  0.02150 -2.73001e+01 |237  0.00171 -7.08192e+01
238 -0.03140 -6.62666e+01 |239 -0.01595  3.29253e+01 |240  0.00797 -1.05012e+02
241 -0.01952 -2.11154e+02 |242 -0.03250 -4.56667e+01 |243 -0.01457  5.76235e+01
244 -0.00595  9.21531e+00 |245 -0.02898 -1.84632e+01 |246 -0.02336 -7.92245e+01
247  0.00010 -1.30641e+02 |248 -0.00756 -2.22770e+02 |249 -0.00337  4.62501e+01
250 -0.05426 -1.10253e+02 |251 -0.03006  1.58546e+02 |252 -0.02532 -1.31291e+02
253  0.01158  6.70769e+01 |254 -0.00509 -4.33943e+00 |255 -0.02834  1.31957e+00
256 -0.02449  1.44907e+02 |257 -0.00172 -3.84000e+02 |258 -0.00065 -2.66351e+02
259 -0.01074 -4.85483e+01 |260 -0.00541 -1.26389e+02 |261 -0.01717 -1.54045e+01
262  0.00457 -3.44824e+02 |263  0.02854 -2.47007e+01 |
263 variables; iteration 100; function evaluation 108; phase 5
Function value 2.2707270e+03; maximum gradient component mag -1.0264e+03
Var    Value     Gradient |Var    Value     Gradient |Var    Value     Gradient
  1 -0.12720  6.24301e+02 |  2 -0.19708 -7.68502e+02 |  3  0.61804 -4.00846e+01
  4 -0.04649 -9.88898e-01 |  5 -0.00796 -2.54323e-02 |  6 -0.01040 -7.45356e-02
  7 -0.01310 -1.25980e-01 |  8 -0.01655 -2.02393e-01 |  9 -0.01981 -2.55250e-01
 10 -0.02405 -3.51805e-01 | 11 -0.02965 -5.08151e-01 | 12 -0.03460 -6.11386e-01
 13 -0.04145 -8.04726e-01 | 14 -0.04817 -9.82045e-01 | 15 -0.05487 -1.16082e+00
 16 -0.06101 -1.33414e+00 | 17 -0.06415 -1.41195e+00 | 18 -0.06140 -1.33145e+00
 19 -0.04872 -1.13541e+00 | 20 -0.02406 -9.72768e-01 | 21  0.00895 -7.78152e-01
 22  0.05478 -7.02165e-01 | 23  0.08379 -2.35845e+00 | 24  0.07908 -2.41609e+00
 25  0.14989 -1.86905e+01 | 26  0.09037 -1.80507e+01 | 27  0.00471 -5.31998e+00
 28  0.20123 -8.64696e+01 | 29 -0.01939 -7.24182e+00 | 30 -0.08594  1.35449e+00
 31  0.15766 -1.57569e+01 | 32 -0.11649  3.97047e+00 | 33  0.04016  2.23559e+01
 34 -0.18636  4.31533e-02 | 35  0.18292 -2.57396e+01 | 36 -0.21798  1.35480e+00
 37  0.01006 -1.41240e+01 | 38  0.30512 -1.92815e+02 | 39 -0.15740  4.61820e-01
 40 -0.15489  3.78730e+00 | 41 -0.07605  3.63443e+00 | 42  0.28452 -1.34647e+02
 43 -0.21610  2.99373e+00 | 44 -0.18639  3.94474e-01 | 45  0.19683 -1.16958e+02
 46  0.08860 -4.24319e+01 | 47 -0.20341 -2.57605e+00 | 48  0.15405 -1.01979e+02
 49  0.04358 -2.49128e+01 | 50 -0.21564 -4.85515e+00 | 51  0.12776 -2.02409e+02
 52  0.13495 -2.39537e+02 | 53  0.03909 -1.10111e+02 | 54  0.07417 -9.50817e+01
 55  0.00348 -2.36491e+01 | 56  0.07783 -6.21781e+01 | 57  0.28735 -4.70696e+02
 58 -0.09403 -1.39022e+01 | 59  0.02773 -3.42643e-01 | 60 -0.30988  6.07727e+00
 61  0.06495 -6.51362e+00 | 62 -0.33658  8.14602e-01 | 63  0.12048  3.62341e+01
 64  0.09154 -3.27520e-01 | 65 -0.45057 -3.11889e+00 | 66  0.20089 -1.55860e+02
 67  0.05405 -1.03400e+00 | 68  0.32425 -4.82081e+02 | 69 -0.06939 -1.78398e+01
 70  0.07150 -1.97747e+01 | 71 -0.06756  6.89238e+00 | 72  0.26659  1.87717e+02
 73 -0.28771  1.04052e+01 | 74  0.23512 -7.93337e+01 | 75  0.12068  3.38530e+01
 76  0.00645  1.72560e+01 | 77 -0.01152  1.68017e+01 | 78  0.30943  8.26589e+01
 79  0.40231  4.20935e+01 | 80  0.14295  6.34057e+00 | 81  0.00000  0.00000e+00
 82  0.00000  0.00000e+00 | 83  0.00000  0.00000e+00 | 84  0.00000  0.00000e+00
 85  0.00000  0.00000e+00 | 86  0.43020  7.16400e+00 | 87 -0.67395 -6.34938e-01
 88  0.06519 -4.98304e+01 | 89 -0.10363 -5.18466e+02 | 90 -0.14461 -7.25793e+02
 91 -0.16067 -1.02640e+03 | 92 -0.14335 -9.74613e+02 | 93 -0.13929 -7.21942e+00
 94 -0.20177 -1.83476e+01 | 95 -0.15155 -3.00878e+01 | 96 -0.15358 -3.46257e+01
 97 -0.38057  8.84193e+02 | 98 -0.24551 -1.44207e+00 | 99  0.02877 -8.60834e+00
100  0.00200  4.63830e-01 |101  0.00005  5.35836e-02 |102  0.00752  3.22029e-01
103 -0.01440  1.00991e+00 |104  0.03030 -9.04874e-01 |105  0.00473 -1.83415e+00
106  0.00932 -1.20600e+00 |107  0.06108 -1.04213e+01 |108  0.03231 -1.26722e+01
109  0.00491 -1.91529e-01 |110  0.00645  1.18284e+00 |111 -0.00028 -4.36428e-02
112  0.01603 -2.73760e+00 |113 -0.00009 -3.68335e-02 |114  0.00928 -1.43348e+01
115  0.03027 -8.91500e+00 |116 -0.00141 -1.25715e-01 |117  0.03439 -1.84458e+00
118  0.05863 -4.59649e+00 |119  0.00093 -3.54942e+00 |120  0.00309 -3.99228e-01
121  0.00888 -3.77475e+00 |122  0.02186 -3.10382e-01 |123 -0.03910 -1.82532e+01
124 -0.01142 -9.03996e-01 |125 -0.01716 -1.15951e+01 |126 -0.08198  9.02981e+00
127  0.05034 -4.68279e+00 |128  0.00075  1.83737e-01 |129 -0.02887 -1.67556e+01
130  0.11227 -1.97181e+01 |131  0.01594 -1.14074e+01 |132  0.01343 -7.62200e+00
133  0.05562 -1.69338e+00 |134  0.06219 -2.27863e+00 |135  0.00721 -9.23764e-01
136  0.01336  5.82258e-01 |137 -0.02612 -2.03793e+01 |138  0.07101 -2.35792e+01
139  0.06169 -3.25615e+00 |140 -0.01722 -2.13350e+01 |141  0.05031 -4.39186e+01
142  0.05205 -2.53528e+02 |143  0.05414  1.66735e+00 |144  0.03808 -1.19366e+01
145  0.02211 -5.08917e+00 |146  0.03439 -2.28550e+01 |147  0.01332 -2.28265e+00
148  0.03195 -7.09092e+01 |149  0.02471 -1.21844e+02 |150  0.03854 -5.21002e+00
151  0.01803 -1.21794e+02 |152  0.06505 -8.26934e+00 |153  0.01918 -1.43819e+01
154  0.04019 -1.51297e+01 |155  0.02848 -1.87332e+01 |156  0.01257 -3.31797e+01
157 -0.06800  7.95429e+01 |158 -0.02939 -1.11334e+01 |159 -0.03646 -2.25597e+01
160 -0.04068 -1.04232e+00 |161  0.06107 -2.59962e+00 |162  0.00302 -2.82373e+01
163 -0.08684 -2.03564e+02 |164 -0.01528 -7.19645e+01 |165 -0.05442 -2.56640e+01
166 -0.01837  1.29106e+00 |167 -0.00039 -2.73390e+01 |168  0.05506 -7.77590e+00
169  0.01541  5.17231e-01 |170 -0.01572 -2.78214e+01 |171 -0.01329 -6.06708e+01
172 -0.03869 -1.48988e+01 |173  0.00589  5.84705e+00 |174 -0.01464 -7.17533e+01
175  0.02470 -2.59046e+02 |176  0.03351 -5.03144e+01 |177  0.03399 -1.52982e+01
178  0.03570 -2.62504e+01 |179  0.03765 -2.41622e+01 |180  0.00063 -3.12487e+01
181 -0.02391 -7.32076e+01 |182 -0.01811 -2.89253e+02 |183 -0.01864 -6.99666e+00
184  0.02322 -1.26398e+02 |185 -0.03449  2.60930e+02 |186  0.00856 -4.70343e+01
187 -0.01107  3.61542e+01 |188 -0.03203 -1.05539e+01 |189 -0.00154 -6.51128e+01
190  0.00730  1.08786e+02 |191 -0.00726 -2.83554e+02 |192 -0.00686 -2.44640e+01
193 -0.01037 -8.42789e+01 |194  0.04753  4.69282e-01 |195  0.04482 -3.94089e+01
196  0.02419 -2.09304e+02 |197 -0.05104 -8.48729e+00 |198 -0.00067 -3.74769e+01
199 -0.03012  2.21994e+01 |200 -0.00941 -2.78697e+01 |201 -0.00537  1.42958e+00
202  0.05199  6.73602e-01 |203 -0.00706 -2.93323e+01 |204 -0.02028 -5.75700e+01
205  0.02075 -4.86871e+01 |206 -0.02806  1.97353e+01 |207  0.00182 -1.54437e+02
208 -0.02095 -2.52061e+02 |209  0.01521 -6.05036e+01 |210  0.01681  4.53806e+00
211 -0.04076 -1.53271e+01 |212  0.02719 -2.75044e+01 |213  0.00965 -3.50332e+01
214 -0.01278 -1.29104e+02 |215  0.00715 -2.95091e+02 |216 -0.01690 -2.98172e+01
217 -0.03026 -2.13482e+02 |218 -0.01923  2.57331e+02 |219 -0.02647 -9.81272e+01
220 -0.00499  2.26566e+01 |221  0.00220 -6.86716e+01 |222 -0.00857 -6.40377e+01
223  0.00070  1.91913e+02 |224 -0.01666 -2.91297e+02 |225 -0.01577 -2.10495e+02
226  0.01017 -8.57830e+01 |227 -0.02577 -8.77118e+01 |228  0.01262 -6.74173e+01
229  0.03043 -2.16598e+02 |230  0.02584 -8.49112e+00 |231 -0.01445 -3.82975e+01
232  0.00888  3.61679e+01 |233 -0.02182 -1.61203e+01 |234  0.00438 -1.21168e+00
235 -0.00782  2.04877e-01 |236  0.02316 -3.51439e+01 |237  0.00628 -6.11023e+01
238 -0.03116 -6.11528e+01 |239 -0.00946  5.14190e+01 |240  0.00024 -1.37946e+02
241 -0.01498 -2.11516e+02 |242 -0.03600 -5.77743e+01 |243 -0.01433  1.36425e+01
244 -0.00681 -2.84755e+01 |245 -0.03739 -2.90434e+01 |246 -0.02322 -8.97830e+01
247 -0.00129 -1.32122e+02 |248 -0.00743 -2.55970e+02 |249 -0.00642 -3.39212e+01
250 -0.04799 -1.09628e+02 |251 -0.02819  1.81309e+02 |252 -0.02519 -9.93567e+01
253  0.01269 -5.12325e+00 |254 -0.00421 -6.49358e+01 |255 -0.02467  8.82440e+00
256 -0.02095  2.13277e+02 |257 -0.00055 -2.82552e+02 |258  0.00781 -2.25199e+02
259 -0.00873 -9.47474e+01 |260 -0.00106 -9.04900e+01 |261 -0.01578 -1.14959e+00
262  0.01371 -1.86330e+02 |263  0.03799 -1.70505e+01 |
263 variables; iteration 120; function evaluation 128; phase 5
Function value 2.2455498e+03; maximum gradient component mag 4.8196e+02
Var    Value     Gradient |Var    Value     Gradient |Var    Value     Gradient
  1 -0.07272 -1.56811e+02 |  2 -0.08211  2.17818e+02 |  3  0.57722  1.37421e+01
  4 -0.11815 -4.42372e+00 |  5 -0.02910 -8.86683e-01 |  6 -0.03507 -1.08690e+00
  7 -0.04055 -1.25123e+00 |  8 -0.04684 -1.44296e+00 |  9 -0.05090 -1.50265e+00
 10 -0.05608 -1.61511e+00 | 11 -0.06281 -1.80161e+00 | 12 -0.06622 -1.78317e+00
 13 -0.07204 -1.88262e+00 | 14 -0.07598 -1.86589e+00 | 15 -0.07885 -1.76779e+00
 16 -0.08034 -1.58708e+00 | 17 -0.07795 -1.21394e+00 | 18 -0.07001 -6.07344e-01
 19 -0.05407  2.28085e-01 | 20 -0.02990  1.20863e+00 | 21 -0.00142  2.95270e+00
 22  0.04581  6.81802e+00 | 23  0.06590  8.42282e+00 | 24  0.06231  8.43393e+00
 25  0.13376  1.07765e+01 | 26  0.08839  5.73377e+00 | 27 -0.02595  2.25215e+00
 28  0.19318  2.03497e+00 | 29 -0.03130  2.08048e+00 | 30 -0.09903  6.08619e-01
 31  0.14799  1.66985e+01 | 32 -0.12352  3.08478e+00 | 33  0.02266 -1.23770e+00
 34 -0.22279 -5.65463e+00 | 35  0.16342 -3.45986e+01 | 36 -0.25516 -2.87468e+00
 37 -0.00385 -2.69226e+00 | 38  0.29078  8.16128e+01 | 39 -0.19156 -2.53687e+00
 40 -0.17383 -8.90755e-01 | 41 -0.10035  1.84248e+00 | 42  0.26160  7.39564e+01
 43 -0.26582 -2.75978e+00 | 44 -0.23351 -4.90677e+00 | 45  0.17036 -1.48928e+01
 46  0.06617  4.12300e+01 | 47 -0.19707  1.26016e+01 | 48  0.13577  9.64361e+01
 49  0.00500  1.61480e+01 | 50 -0.18770  6.69759e+00 | 51  0.10504  4.37182e+01
 52  0.11349  7.83458e+01 | 53  0.01679  3.04366e+01 | 54  0.05560  3.36132e+01
 55 -0.01680  3.96606e+01 | 56  0.05266  2.55196e+01 | 57  0.26190  2.06253e+02
 58 -0.12013  1.21288e+01 | 59  0.00505  6.68181e+01 | 60 -0.35172  1.63859e+00
 61  0.03071 -4.95486e+00 | 62 -0.32807  8.81960e+00 | 63  0.08917  2.17682e+01
 64  0.06423  3.56110e+00 | 65 -0.40047  3.49568e+00 | 66  0.17011  6.35731e+00
 67  0.01159 -2.55925e+01 | 68  0.28431 -1.02276e+02 | 69 -0.11602 -6.87202e+00
 70  0.02817 -2.56722e+01 | 71 -0.12587 -1.41678e+01 | 72  0.20702 -1.75123e+02
 73 -0.39488 -2.06267e+00 | 74  0.17069  2.38217e+00 | 75  0.02512 -2.54201e+01
 76 -0.08108  5.45638e+00 | 77 -0.07941  1.68528e+01 | 78  0.14387  5.48988e+01
 79  0.23213  3.50203e+01 | 80  0.07776 -4.01629e-01 | 81  0.00000  0.00000e+00
 82  0.00000  0.00000e+00 | 83  0.00000  0.00000e+00 | 84  0.00000  0.00000e+00
 85  0.00000  0.00000e+00 | 86 -0.50712 -1.71408e+01 | 87 -0.73492 -3.37160e+00
 88  0.05606 -1.04548e+01 | 89 -0.10614 -6.85327e+01 | 90 -0.14370  4.84752e+01
 91 -0.16288  5.44444e+01 | 92 -0.14130  7.91950e+01 | 93 -0.14237 -2.18306e+01
 94 -0.20037  1.55927e+01 | 95 -0.14901  7.38274e+01 | 96 -0.15492  5.50843e+01
 97 -0.40630  4.81960e+02 | 98 -0.25217 -8.61655e-01 | 99  0.04520  1.90036e+00
100  0.00104  5.84442e-01 |101 -0.00051  1.28900e-01 |102  0.01138  3.60401e+00
103 -0.01974 -2.63342e+00 |104  0.04097  3.85050e+00 |105  0.00749  1.30266e+00
106  0.01523  1.53331e+00 |107  0.08587  8.03953e+00 |108  0.03401 -1.17296e+01
109  0.00745  9.52659e-01 |110  0.00520  1.06110e+00 |111 -0.00045 -5.81552e-02
112  0.02085  2.00134e+00 |113  0.00004  4.49500e-02 |114  0.09985  3.77117e-02
115  0.03914 -1.40361e+00 |116 -0.00403 -5.51499e-01 |117  0.02697  3.75020e+00
118  0.06680  2.12751e+00 |119 -0.00292  1.77619e+00 |120  0.00552  8.01076e-01
121  0.01264  7.59754e-01 |122  0.03163  4.22078e+00 |123 -0.04910 -2.68492e+01
124 -0.01754 -2.44544e+00 |125 -0.00651  9.10533e+00 |126 -0.08921  2.71668e+01
127  0.05819 -1.15214e+00 |128  0.00209  7.25533e-01 |129 -0.06202 -1.99666e+01
130  0.13132  3.96096e-02 |131  0.04809 -4.72859e+00 |132  0.01724  9.85357e-01
133  0.09422 -7.99913e-01 |134  0.05774  2.64997e+00 |135  0.01653  4.55704e+00
136  0.00622 -2.29617e+01 |137 -0.02539 -6.16539e+00 |138  0.09125  3.29508e+00
139  0.07190  9.71794e+00 |140 -0.01741 -4.36828e+00 |141  0.05081 -3.59573e+01
142  0.05484 -1.72958e+02 |143  0.05022  1.40644e+00 |144  0.04055 -7.60384e+00
145  0.02717  9.12053e-01 |146  0.03639 -3.97481e+00 |147 -0.07646 -2.18328e+01
148  0.04010 -2.01780e+01 |149  0.02806 -5.81242e+01 |150  0.05354  4.81435e+00
151 -0.00080 -1.37229e+02 |152  0.07191  2.03419e+01 |153  0.01883 -4.93270e+01
154  0.04961  1.35536e+00 |155  0.03823  6.75094e+00 |156  0.02082 -2.08355e+01
157 -0.05783  4.35924e+02 |158 -0.03542  8.00102e+00 |159 -0.03157  1.04549e+02
160 -0.05061  1.41753e+01 |161  0.07530  2.63656e+00 |162  0.01411 -1.53327e+01
163 -0.12975 -1.18540e+02 |164 -0.00438 -6.70955e+01 |165 -0.05643 -6.04789e+00
166 -0.05239 -2.91627e+01 |167  0.00423  9.87069e+00 |168  0.06277  7.38455e+00
169  0.01312 -2.38418e+01 |170 -0.02838 -4.10738e+00 |171 -0.01129 -1.36649e+01
172 -0.04513 -1.32314e+00 |173  0.00944  3.23215e+01 |174 -0.02425 -6.23511e+01
175  0.01933 -1.64492e+02 |176  0.03341 -4.06822e+01 |177  0.03335 -1.04679e+01
178  0.04458 -8.72374e+00 |179  0.04176 -4.15662e+00 |180 -0.00289 -5.19423e+01
181 -0.03049 -2.64778e+01 |182 -0.02326 -9.16463e+01 |183 -0.01866  1.81222e+01
184  0.03746 -1.34159e+02 |185 -0.05272  3.69519e+02 |186  0.00631 -3.59530e+01
187 -0.00954  1.04651e+02 |188 -0.03983 -4.32804e+00 |189  0.00475 -8.38208e+00
190  0.00121  4.52569e+02 |191 -0.00299 -2.94865e+01 |192 -0.00964  1.05602e+02
193 -0.00584 -8.56326e+01 |194  0.02609 -2.46326e+01 |195  0.05126 -1.70772e+01
196  0.04351 -1.00795e+02 |197 -0.09251 -1.03744e+02 |198  0.00107  5.96902e+00
199 -0.03256 -3.89849e+01 |200 -0.00206  9.37627e+00 |201 -0.01102 -8.22816e+00
202  0.04261 -2.97467e+01 |203  0.00062 -3.17639e-01 |204 -0.03562 -2.02346e+01
205  0.02697 -1.59592e+00 |206 -0.02628  4.51037e+01 |207  0.02201 -5.41112e+01
208 -0.02104 -1.35037e+02 |209  0.00948 -4.25852e+01 |210  0.01788 -1.61373e+01
211 -0.04605 -1.72673e+01 |212  0.03074 -1.75287e+01 |213  0.00714 -5.19781e+01
214 -0.01483 -3.23430e+01 |215  0.01684 -9.14770e+01 |216 -0.02186  6.89786e+01
217 -0.02217 -3.88132e+01 |218 -0.00316  3.73398e+02 |219 -0.03117  1.38699e+01
220 -0.00403  9.46698e+01 |221  0.00534  5.83934e+00 |222 -0.01263 -7.95466e+00
223  0.00782  4.75311e+02 |224 -0.01867 -4.44698e+01 |225 -0.02593 -5.00921e+01
226  0.00621 -8.59778e+01 |227 -0.02102 -4.46559e+01 |228  0.00636 -6.79661e+00
229  0.04172 -1.12606e+02 |230  0.03685 -9.08011e+01 |231 -0.01272  4.79130e+00
232  0.00653 -1.32504e+01 |233 -0.02948 -1.37404e+00 |234  0.00876 -8.09327e+00
235 -0.01030 -4.02805e+01 |236  0.02745  2.50184e+00 |237  0.02095 -1.66695e+01
238 -0.03519 -3.61765e+01 |239 -0.01347  4.20220e+01 |240 -0.01230 -8.12339e+01
241 -0.00962 -6.84063e+01 |242 -0.03286 -3.31809e+01 |243 -0.02000 -1.12777e+01
244 -0.00792 -6.20371e+00 |245 -0.04071 -2.47492e+01 |246 -0.01696 -1.23277e+01
247  0.00163 -3.28565e+01 |248 -0.00980 -8.98732e+01 |249  0.00211  6.99749e+01
250 -0.04333  4.22908e+01 |251 -0.01845  2.98195e+02 |252 -0.01404  1.53856e+01
253  0.00806 -8.32751e+00 |254 -0.00667  1.19698e+01 |255 -0.02304  6.29539e+01
256 -0.02962  4.75647e+02 |257 -0.00324 -6.26107e+01 |258  0.01743 -4.54044e+01
259 -0.01078 -7.44797e+01 |260 -0.00262 -4.46299e+01 |261 -0.01578 -3.14023e+00
262  0.00212 -1.08281e+02 |263  0.04273 -9.23459e+01 |
263 variables; iteration 140; function evaluation 148; phase 5
Function value 2.2384705e+03; maximum gradient component mag 4.8622e+02
Var    Value     Gradient |Var    Value     Gradient |Var    Value     Gradient
  1 -0.08898 -7.93957e+01 |  2 -0.14542  1.05086e+02 |  3  0.48729  7.37505e+00
  4 -0.06414 -1.68637e+00 |  5 -0.01250 -1.30904e-01 |  6 -0.01562 -1.90456e-01
  7 -0.01909 -2.53377e-01 |  8 -0.02335 -3.39817e-01 |  9 -0.02735 -3.93353e-01
 10 -0.03211 -4.80545e-01 | 11 -0.03809 -6.25597e-01 | 12 -0.04284 -6.78381e-01
 13 -0.04931 -8.15199e-01 | 14 -0.05481 -8.91448e-01 | 15 -0.05939 -9.03797e-01
 16 -0.06241 -8.33443e-01 | 17 -0.06110 -5.59638e-01 | 18 -0.05312 -1.50928e-02
 19 -0.03617  7.39757e-01 | 20 -0.01197  1.38842e+00 | 21  0.01073  2.27306e+00
 22  0.02615  3.54090e+00 | 23  0.11464  1.13643e+01 | 24  0.03226  4.44505e+00
 25  0.16267  1.31966e+01 | 26  0.09865  4.73096e+00 | 27 -0.01106  1.11037e+00
 28  0.20839 -6.14942e+00 | 29 -0.01537  2.72993e+00 | 30 -0.07968  2.37282e+00
 31  0.16352  9.63783e+00 | 32 -0.12360 -1.70933e+00 | 33  0.04036  5.77872e+00
 34 -0.20172 -4.39866e+00 | 35  0.18019 -1.75779e+01 | 36 -0.23134 -1.70840e+00
 37  0.01653  2.44956e+00 | 38  0.30649  5.37267e+01 | 39 -0.17039 -2.28390e+00
 40 -0.15340 -1.50532e+00 | 41 -0.08575 -2.69736e-01 | 42  0.27830  3.51238e+01
 43 -0.24755 -3.03002e+00 | 44 -0.21497 -5.17836e+00 | 45  0.18869 -2.44867e+01
 46  0.08306  3.23456e+01 | 47 -0.19192  5.41113e+00 | 48  0.15007  4.26604e+01
 49  0.02588  9.92826e+00 | 50 -0.18801  2.80889e+00 | 51  0.12319  3.06080e+01
 52  0.13191  6.18663e+01 | 53  0.03761  4.22513e+01 | 54  0.07008  1.61022e+01
 55  0.00245  1.04381e+01 | 56  0.07059  8.41258e+00 | 57  0.28104  1.15167e+02
 58 -0.09736  1.36495e+01 | 59  0.02048  2.92308e+01 | 60 -0.35609 -5.91973e-01
 61  0.04697 -2.29716e+01 | 62 -0.28827  1.94298e+00 | 63  0.10729  1.97685e+00
 64  0.08141 -4.16440e-01 | 65 -0.37924  3.01083e+00 | 66  0.19035  4.38084e-01
 67  0.03211 -2.30069e+01 | 68  0.30574 -2.97846e+01 | 69 -0.07977  2.36620e-01
 70  0.04522 -1.89630e+01 | 71 -0.09891 -6.64220e+00 | 72  0.22737 -1.36797e+02
 73 -0.38864 -4.25029e+00 | 74  0.19275  2.31171e+01 | 75  0.04883 -5.68344e+00
 76 -0.08489  2.54175e+00 | 77 -0.08551  8.42134e+00 | 78  0.16886  4.00212e+01
 79  0.24961  9.58486e+00 | 80  0.03851 -2.19250e+00 | 81  0.00000  0.00000e+00
 82  0.00000  0.00000e+00 | 83  0.00000  0.00000e+00 | 84  0.00000  0.00000e+00
 85  0.00000  0.00000e+00 | 86 -0.35586  3.39414e+00 | 87 -0.16097  3.25725e+00
 88  0.05236 -3.48233e+00 | 89 -0.10415  6.02077e+01 | 90 -0.14598  1.87722e+02
 91 -0.16172  2.26445e+02 | 92 -0.14158  2.09396e+02 | 93 -0.13817  1.69096e+01
 94 -0.20475  3.16667e+00 | 95 -0.15133  3.77112e+01 | 96 -0.15263  3.56970e+01
 97 -0.41533  3.02132e+02 | 98 -0.24687  3.15357e-01 | 99  0.04446  3.35147e+00
100 -0.00087 -1.73122e-02 |101 -0.00107  1.44253e-02 |102  0.00458  1.25299e+00
103 -0.02057 -2.47950e+00 |104  0.03580  2.03629e+00 |105  0.00408  4.91013e-01
106  0.01240  8.43835e-01 |107  0.08267  7.22146e+00 |108  0.03686 -6.59960e+00
109  0.00358 -1.36491e-02 |110  0.00175  2.87759e-01 |111 -0.00032 -2.40710e-02
112  0.01880  2.02646e+00 |113 -0.00011  1.12108e-02 |114  0.08976  5.94737e+00
115  0.04337  1.72103e+00 |116 -0.00317 -3.48691e-01 |117  0.02709  6.49758e+00
118  0.07016  3.95625e+00 |119  0.00201  5.08639e-01 |120  0.00361 -5.91519e-02
121  0.00789  5.12450e-03 |122  0.01934 -2.27239e-01 |123 -0.05389 -2.09414e+01
124 -0.01214 -1.45886e+00 |125 -0.00807  8.94994e+00 |126 -0.08904  1.55586e+01
127  0.05871  2.70674e+00 |128 -0.00057  1.57975e-01 |129 -0.04538 -1.11048e+01
130  0.12677 -2.12092e-02 |131  0.03724 -2.77167e+00 |132  0.02215  2.49155e+00
133  0.07882 -4.70008e+00 |134  0.05852  3.86721e+00 |135  0.00932  2.11942e+00
136  0.00546 -1.85548e+01 |137 -0.02352  3.45851e+00 |138  0.08886  3.27331e+00
139  0.06944  1.30584e+01 |140 -0.01480  2.39778e+00 |141  0.04940 -2.73130e+01
142  0.05460 -1.43052e+02 |143  0.04956  1.55985e+00 |144  0.03913 -1.01418e+01
145  0.02832  2.51319e+00 |146  0.03448 -8.23484e+00 |147 -0.05996 -5.91491e+00
148  0.03743 -1.19679e+01 |149  0.02557 -5.57364e+01 |150  0.05612  8.91290e+00
151 -0.00035 -1.36331e+02 |152  0.06706  1.32389e+01 |153  0.01737 -5.80065e+01
154  0.05429  3.56191e+00 |155  0.03112  8.18681e+00 |156  0.02832 -8.56898e+00
157 -0.05477  4.71863e+02 |158 -0.03325  8.44927e+00 |159 -0.03094  1.46575e+02
160 -0.05096  1.10026e+01 |161  0.06385 -1.18851e-01 |162  0.01001 -9.86050e+00
163 -0.10944 -5.20799e+01 |164 -0.00841 -4.21111e+01 |165 -0.05858 -9.00599e+00
166 -0.03724 -2.03093e+01 |167  0.00404  9.87147e+00 |168  0.06313  6.51122e+00
169  0.01127 -1.84902e+01 |170 -0.02387  1.42020e+00 |171 -0.00985 -3.24482e+00
172 -0.03887  1.56632e+01 |173  0.00751  3.27128e+01 |174 -0.02087 -5.29301e+01
175  0.01786 -1.39151e+02 |176  0.03415 -3.82509e+01 |177  0.02959 -1.63138e+01
178  0.04542  1.40812e-01 |179  0.03883 -8.30387e+00 |180 -0.00236 -2.30638e+01
181 -0.02710 -1.68040e+01 |182 -0.02930 -6.63448e+01 |183 -0.01754  1.91009e+01
184  0.03753 -1.32813e+02 |185 -0.05024  3.44586e+02 |186  0.00711 -4.23839e+01
187 -0.00968  9.82338e+01 |188 -0.03255 -1.86314e+00 |189 -0.00122  1.26322e+00
190 -0.00012  4.77396e+02 |191 -0.00568  2.05837e+00 |192 -0.00888  1.48682e+02
193 -0.00492 -6.80119e+01 |194  0.02438 -3.60552e+01 |195  0.04149 -1.05241e+01
196  0.02808 -4.27199e+01 |197 -0.07355 -8.64780e+01 |198  0.00074  1.40818e+01
199 -0.03711 -3.57734e+01 |200 -0.00240  9.65926e+00 |201 -0.01643 -1.26795e+01
202  0.04687 -1.87160e+01 |203 -0.00185  3.76184e+00 |204 -0.03536 -7.70003e+00
205  0.02254  2.70420e+00 |206 -0.02551  4.40758e+01 |207  0.01793 -4.71139e+01
208 -0.01664 -1.06570e+02 |209  0.00772 -4.17025e+01 |210  0.01519 -2.79524e+01
211 -0.04537 -9.23573e+00 |212  0.03050 -1.39150e+01 |213  0.00761 -2.19724e+01
214 -0.01446 -1.80778e+01 |215  0.02476 -6.32051e+01 |216 -0.02472  4.98959e+01
217 -0.02310 -2.47158e+01 |218 -0.00215  3.48407e+02 |219 -0.02932  3.08963e+01
220 -0.00292  9.37072e+01 |221  0.00460 -6.54412e-01 |222 -0.00696  3.47526e+00
223  0.00470  4.86222e+02 |224 -0.01454 -5.81801e+00 |225 -0.02469 -8.02464e+00
226  0.00648 -6.78286e+01 |227 -0.02044 -2.44818e+01 |228  0.00697  1.67643e+00
229  0.03755 -4.09306e+01 |230  0.02817 -8.09329e+01 |231 -0.01008  1.38686e+01
232  0.00847 -4.95601e+00 |233 -0.02931  1.31972e+00 |234  0.01245 -9.31220e+00
235 -0.01070 -3.01896e+01 |236  0.02489  3.99201e+00 |237  0.02074 -2.25854e+00
238 -0.03335 -2.16594e+01 |239 -0.01273  4.43367e+01 |240 -0.00987 -7.29085e+01
241 -0.01227 -6.26808e+01 |242 -0.03073 -3.10127e+01 |243 -0.01745 -1.03782e+01
244 -0.00766 -2.68471e+00 |245 -0.04036 -2.26296e+01 |246 -0.01711  1.25687e+01
247  0.00140 -1.74101e+01 |248 -0.00905 -6.29854e+01 |249  0.00532  5.11315e+01
250 -0.04077  5.57981e+01 |251 -0.02116  2.57632e+02 |252 -0.01419  3.20984e+01
253  0.00806 -1.18543e+01 |254 -0.00623  3.71295e+00 |255 -0.02261  5.96648e+01
256 -0.02744  4.80595e+02 |257 -0.00324 -2.24979e+01 |258  0.01637 -6.35270e+00
259 -0.01065 -7.47337e+01 |260 -0.00229 -2.37361e+01 |261 -0.01528 -2.78460e+00
262  0.00311 -3.78801e+01 |263  0.03261 -8.20041e+01 |
263 variables; iteration 160; function evaluation 168; phase 5
Function value 2.2308735e+03; maximum gradient component mag 3.5128e+02
Var    Value     Gradient |Var    Value     Gradient |Var    Value     Gradient
  1 -0.07658  1.21623e+01 |  2 -0.10684 -2.48289e+01 |  3  0.50841 -2.57981e-02
  4 -0.05168 -1.36567e+00 |  5 -0.00441  1.42628e-01 |  6 -0.00626  1.28619e-01
  7 -0.01025  2.25645e-02 |  8 -0.01552 -1.34724e-01 |  9 -0.02341 -4.13462e-01
 10 -0.03150 -6.98661e-01 | 11 -0.04038 -1.01925e+00 | 12 -0.04946 -1.33661e+00
 13 -0.05930 -1.68627e+00 | 14 -0.06725 -1.93143e+00 | 15 -0.07253 -2.02755e+00
 16 -0.07404 -1.92407e+00 | 17 -0.06787 -1.43109e+00 | 18 -0.05173 -4.95570e-01
 19 -0.02535  5.96026e-01 | 20  0.00303  8.14130e-01 | 21  0.00748 -4.92808e-01
 22  0.01164 -1.53723e+00 | 23  0.07227 -4.72158e-01 | 24  0.07085  1.83308e+00
 25  0.13786  1.52987e+00 | 26  0.10416  3.38829e+00 | 27 -0.03141  6.71197e-01
 28  0.20436  1.09043e+01 | 29 -0.02655  6.44400e-03 | 30 -0.09703 -4.10558e+00
 31  0.15755 -4.55382e+00 | 32 -0.12807 -3.21301e+00 | 33  0.02973 -3.38295e+00
 34 -0.15671  3.45417e+00 | 35  0.17476  3.70199e+00 | 36 -0.22144 -2.14787e-01
 37  0.01210  3.07354e+00 | 38  0.29565  2.99171e+01 | 39 -0.15255  3.38729e-01
 40 -0.15315 -4.93715e-01 | 41 -0.08820 -1.71962e-01 | 42  0.26808 -2.18710e+00
 43 -0.23012 -7.97818e-01 | 44 -0.19295 -1.04236e+00 | 45  0.18421 -2.09487e+00
 46  0.06721 -2.87988e+00 | 47 -0.21832 -1.33564e+00 | 48  0.13972 -2.29131e+00
 49  0.01699 -1.68963e+00 | 50 -0.21505 -1.24015e+00 | 51  0.11437  8.21836e+00
 52  0.12029  2.62558e+01 | 53  0.02304  6.04188e+00 | 54  0.06029 -1.39849e+00
 55 -0.01059 -1.21964e+00 | 56  0.06328 -9.83158e+00 | 57  0.27027 -2.16775e+01
 58 -0.11061 -6.68901e-01 | 59  0.00923 -5.62081e+00 | 60 -0.34938 -1.87307e+00
 61  0.04081 -2.12833e+01 | 62 -0.36332 -1.14520e+00 | 63  0.09713 -1.83802e+01
 64  0.07198 -2.79187e+00 | 65 -0.42748 -2.05479e+00 | 66  0.17908 -1.96852e+01
 67  0.02595 -4.83822e+00 | 68  0.29394  1.80152e+01 | 69 -0.10448 -3.37429e+00
 70  0.03404 -3.77921e+00 | 71 -0.10103  1.00679e+01 | 72  0.21489 -4.03068e+01
 73 -0.38117 -2.34381e+00 | 74  0.17665 -1.40853e+01 | 75  0.02951 -1.26779e+01
 76 -0.08318 -5.73127e+00 | 77 -0.14038 -2.55260e+00 | 78  0.15684  1.80225e+01
 79  0.23160  1.55064e+00 | 80  0.08970  2.35189e-01 | 81  0.00000  0.00000e+00
 82  0.00000  0.00000e+00 | 83  0.00000  0.00000e+00 | 84  0.00000  0.00000e+00
 85  0.00000  0.00000e+00 | 86 -0.36910  3.66928e+00 | 87 -0.63344 -1.94334e+00
 88  0.06134  4.27472e+00 | 89 -0.10518  1.25622e+02 | 90 -0.14769  2.36832e+02
 91 -0.16370  2.77373e+02 | 92 -0.13914  2.40354e+02 | 93 -0.13917  5.08490e+00
 94 -0.20020 -1.39338e+01 | 95 -0.15539 -9.82750e+00 | 96 -0.15419 -1.88435e+01
 97 -0.42372  1.26243e+02 | 98 -0.25341 -4.19926e+00 | 99  0.04376  1.92279e+00
100 -0.00446 -7.28692e-01 |101 -0.00089  5.25985e-02 |102  0.00012 -9.69207e-01
103 -0.01485  5.50662e-01 |104  0.03485  2.86304e+00 |105  0.00041 -5.80679e-01
106  0.00729 -1.07202e+00 |107  0.07774  6.94497e+00 |108  0.03400 -2.53192e+00
109  0.00095 -2.83802e-01 |110 -0.00118 -2.19061e-01 |111 -0.00018  2.14372e-02
112  0.01292  2.38253e-01 |113 -0.00007  6.41302e-03 |114  0.04815 -2.91645e-01
115  0.03578 -5.74868e-01 |116  0.00041  3.90791e-01 |117  0.02588  1.37238e+00
118  0.06544  2.97608e+00 |119  0.00112  1.84542e+00 |120 -0.00183 -8.78781e-01
121  0.00564 -4.17139e-01 |122  0.01872 -6.77128e-02 |123 -0.04848  6.44559e-01
124  0.00320  1.97408e+00 |125 -0.01944  9.20113e+00 |126 -0.09890 -6.06043e+00
127  0.06263  3.90102e+00 |128 -0.00136  9.04304e-03 |129 -0.03248 -7.44020e-01
130  0.12019  1.12024e+00 |131  0.06520  5.74372e+00 |132  0.01218 -1.06558e+00
133  0.05064 -3.11981e+00 |134  0.06193  6.37005e+00 |135  0.00601 -2.12555e-01
136  0.01202 -8.19960e+00 |137 -0.02153  8.32338e+00 |138  0.08129 -3.14741e-01
139  0.06119  9.22757e-01 |140 -0.01152  1.64234e+01 |141  0.05021 -1.54443e+01
142  0.05547 -8.86204e+01 |143  0.04686  1.24233e+00 |144  0.03611 -8.35112e+00
145  0.02581  1.31400e+00 |146  0.03176 -1.55346e+01 |147 -0.02531 -2.84898e+00
148  0.01388 -6.17436e+00 |149  0.02805 -3.31234e+01 |150  0.04826  2.85016e+00
151  0.00915 -9.46574e+01 |152  0.06545  8.53301e+00 |153  0.01811 -4.44474e+01
154  0.05026  3.38690e+00 |155  0.03741  1.01642e+01 |156  0.02363  7.06860e+00
157 -0.05262  3.51285e+02 |158 -0.02669  1.31379e+01 |159 -0.03096  1.66829e+02
160 -0.05302  9.43708e+00 |161  0.06293 -2.32879e-01 |162 -0.00838 -3.27404e+00
163 -0.09111  9.00402e+00 |164 -0.00879 -1.58935e+01 |165 -0.05778 -3.39193e+00
166 -0.00809 -2.95738e+00 |167  0.00086  5.80063e+00 |168  0.05327 -1.64471e+00
169  0.01200 -9.04151e+00 |170 -0.01659  5.97175e+00 |171 -0.00796  6.76529e+00
172 -0.03848  6.03918e+00 |173  0.00908  4.01239e+01 |174 -0.01609 -2.32801e+01
175  0.02429 -7.56966e+01 |176  0.03288 -2.99301e+01 |177  0.03431 -1.00308e+01
178  0.04592  8.81276e+00 |179  0.03842 -1.51588e+01 |180  0.00030  1.54153e+01
181 -0.00297 -2.33134e+00 |182 -0.02477 -3.29723e+01 |183 -0.01519  1.82197e+01
184  0.02982 -9.43376e+01 |185 -0.04265  2.21716e+02 |186  0.00805 -3.82127e+01
187 -0.00933  4.75600e+01 |188 -0.03761 -4.45325e+00 |189 -0.00028  1.10991e+01
190  0.00006  3.42867e+02 |191 -0.00814  2.71283e+01 |192 -0.00757  1.69079e+02
193 -0.00601 -2.80231e+01 |194  0.03028 -9.08395e+00 |195  0.05167  3.69496e+00
196  0.00866  1.30848e+01 |197 -0.05885 -6.46331e+01 |198 -0.00161  1.65624e+01
199 -0.03417 -4.20415e+00 |200  0.00046  7.49687e+00 |201 -0.00716 -1.04209e+01
202  0.04379 -9.63944e+00 |203 -0.00566  5.77163e+00 |204 -0.02683  7.22923e+00
205  0.02233  9.63338e+00 |206 -0.02573  4.28607e+01 |207  0.01502 -3.36633e+01
208 -0.01894 -6.60618e+01 |209  0.01356 -1.95122e+01 |210  0.01718 -8.76391e+00
211 -0.04271  5.59697e+00 |212  0.03134 -1.33268e+01 |213  0.01002  1.58818e+01
214 -0.01496  9.22937e+00 |215  0.02059 -2.94644e+01 |216 -0.02331  2.20613e+01
217 -0.02095 -5.15650e+00 |218 -0.00767  2.23377e+02 |219 -0.02642  2.92254e+01
220 -0.00334  4.25310e+01 |221  0.00516 -8.05037e+00 |222 -0.00676  1.79174e+01
223  0.00746  3.28982e+02 |224 -0.01088  2.38471e+01 |225 -0.02015  3.38456e+01
226  0.00964 -2.69113e+01 |227 -0.02304  6.73479e-02 |228  0.00659  9.23135e+00
229  0.04901  1.95676e+01 |230  0.00985 -6.38401e+01 |231 -0.00736  1.77430e+01
232  0.00536 -2.44772e+00 |233 -0.02927  6.37182e+00 |234  0.00354 -1.15200e+01
235 -0.00940 -9.89655e+00 |236  0.02125  4.00190e+00 |237  0.01251  9.12875e+00
238 -0.02996  1.38822e+01 |239 -0.01397  3.94867e+01 |240 -0.00905 -4.71842e+01
241 -0.01258 -3.10390e+01 |242 -0.03310 -1.44746e+01 |243 -0.01846 -7.53579e+00
244 -0.00865  2.92005e+00 |245 -0.04094 -2.09854e+01 |246 -0.01987  2.83653e+01
247  0.00308  1.03265e+01 |248 -0.00807 -2.61593e+01 |249  0.00182  2.36357e+01
250 -0.04393  3.90500e+01 |251 -0.02827  1.36892e+02 |252 -0.01760  2.96178e+01
253  0.00821 -1.18526e+01 |254 -0.00727 -7.93729e+00 |255 -0.02471  4.34393e+01
256 -0.03335  3.23166e+02 |257 -0.00342  2.16819e+01 |258  0.01209  2.81054e+01
259 -0.01229 -6.61407e+01 |260 -0.00081  1.45343e+00 |261 -0.01789 -1.56357e+01
262 -0.00126  9.79319e+00 |263  0.04150 -5.70792e+01 |
263 variables; iteration 180; function evaluation 190; phase 5
Function value 2.2267845e+03; maximum gradient component mag 1.8768e+02
Var    Value     Gradient |Var    Value     Gradient |Var    Value     Gradient
  1 -0.07867 -7.03753e+01 |  2 -0.11900  9.25896e+01 |  3  0.50479  8.25892e+00
  4 -0.05683 -1.55559e+00 |  5 -0.00600  9.60063e-02 |  6 -0.00955  3.09741e-03
  7 -0.01471 -1.57584e-01 |  8 -0.02087 -3.57190e-01 |  9 -0.02636 -5.09171e-01
 10 -0.03117 -6.18133e-01 | 11 -0.03583 -7.06289e-01 | 12 -0.03563 -5.02710e-01
 13 -0.03534 -2.57507e-01 | 14 -0.03269  1.63924e-01 | 15 -0.03029  6.14062e-01
 16 -0.03043  9.02936e-01 | 17 -0.03472  8.03245e-01 | 18 -0.04477  4.95691e-02
 19 -0.05804 -1.31081e+00 | 20 -0.03293 -1.02222e+00 | 21  0.01322 -4.85643e-02
 22  0.03820 -3.91457e-01 | 23  0.06361 -4.22468e-01 | 24  0.07366  1.83639e+00
 25  0.14549  7.14383e-01 | 26  0.09896  4.36622e-01 | 27 -0.01052  2.55335e+00
 28  0.20874  1.35954e+01 | 29 -0.02360  9.37952e-01 | 30 -0.07972 -3.11610e-01
 31  0.15930 -6.18201e+00 | 32 -0.10327  2.27768e+00 | 33  0.03240 -3.46124e+00
 34 -0.16390  1.12073e+00 | 35  0.17919  1.13615e+01 | 36 -0.21110  8.88645e-01
 37  0.01410  1.45136e+00 | 38  0.29692  1.31007e+01 | 39 -0.14925  2.67385e-01
 40 -0.15018  5.89667e-03 | 41 -0.07864  2.30024e+00 | 42  0.27179  1.02169e+01
 43 -0.21783  7.53002e-01 | 44 -0.18557  5.48957e-01 | 45  0.18918  3.15344e+01
 46  0.07073 -2.52419e+00 | 47 -0.20674  1.72529e-01 | 48  0.14257  4.67112e-01
 49  0.02009  6.71357e+00 | 50 -0.19822  2.37589e+00 | 51  0.11759  1.81997e+01
 52  0.12168  2.19609e+01 | 53  0.02809  4.37898e+00 | 54  0.06059  1.05772e+00
 55 -0.00607 -2.72448e+00 | 56  0.06769  5.94535e+00 | 57  0.27487  5.14942e+01
 58 -0.10290  1.14483e+00 | 59  0.01195 -3.21864e+00 | 60 -0.34775 -3.41273e-01
 61  0.04753  2.27974e+01 | 62 -0.34262  7.94518e-02 | 63  0.10160  9.48653e+00
 64  0.07635  8.37917e+00 | 65 -0.40853  9.07639e-02 | 66  0.18170  7.55817e+00
 67  0.03337  1.46958e+01 | 68  0.29669  7.35270e+01 | 69 -0.09335 -1.02193e+00
 70  0.03676  5.23738e+00 | 71 -0.10975 -6.39828e+00 | 72  0.21678  2.04427e+01
 73 -0.37744 -1.59015e+00 | 74  0.17600 -3.13087e+01 | 75  0.02866 -1.19620e+01
 76 -0.09788 -1.49974e+00 | 77 -0.14032 -5.24333e-01 | 78  0.15845 -5.84176e+00
 79  0.23558 -1.03063e+00 | 80  0.08262  9.19033e-01 | 81  0.00000  0.00000e+00
 82  0.00000  0.00000e+00 | 83  0.00000  0.00000e+00 | 84  0.00000  0.00000e+00
 85  0.00000  0.00000e+00 | 86 -0.39012  3.06910e+00 | 87 -0.48288 -5.88752e-01
 88  0.07202  9.26094e+00 | 89 -0.10466  9.81428e+01 | 90 -0.14723  1.57903e+02
 91 -0.16413  1.87682e+02 | 92 -0.14102  1.63861e+02 | 93 -0.14060  2.50954e+00
 94 -0.19500  4.80873e+00 | 95 -0.15961 -1.53007e+01 | 96 -0.15483 -1.98474e+01
 97 -0.42458  1.07952e+02 | 98 -0.25069 -4.75800e-01 | 99  0.03323  1.09360e-01
100 -0.00051  4.69458e-01 |101 -0.00073  5.79078e-02 |102 -0.00131 -2.07227e+00
103 -0.01494  1.14010e+00 |104  0.02340 -1.04336e+00 |105  0.00280  3.98035e-01
106  0.00861 -7.07621e-01 |107  0.05896 -1.88000e+00 |108  0.03039  2.22640e+00
109  0.00022 -2.20287e-01 |110 -0.00063 -2.63774e-02 |111 -0.00033 -1.91290e-02
112  0.01368  3.38453e-01 |113 -0.00016 -1.15403e-02 |114  0.04816  3.55872e+00
115  0.03221 -5.67776e-01 |116 -0.00201 -1.70788e-01 |117  0.02256 -6.01229e+00
118  0.05253 -2.56697e+00 |119 -0.00033  4.73316e+00 |120  0.00109  1.36856e-01
121  0.00889  7.76715e-01 |122  0.02062  1.19428e+00 |123 -0.04406  9.81104e+00
124 -0.00504 -4.04627e-03 |125 -0.01229  6.83614e+00 |126 -0.10334 -8.85488e+00
127  0.04660 -1.49721e+00 |128 -0.00019  3.08732e-01 |129 -0.03335  5.01195e+00
130  0.11177 -2.52153e+00 |131  0.04540 -1.29043e+00 |132  0.01501  1.02009e+00
133  0.04927 -1.16127e+00 |134  0.04930 -1.16126e+00 |135  0.00054 -3.02690e+00
136  0.01038 -2.55824e+00 |137 -0.02306  5.12581e+00 |138  0.08057 -5.80106e-01
139  0.05502 -5.39514e+00 |140 -0.00861  1.21956e+01 |141  0.05375  1.69630e+00
142  0.05980 -2.18079e+01 |143  0.04206 -1.35323e+00 |144  0.03928 -4.37778e+00
145  0.02086 -2.50356e-01 |146  0.03561 -1.09266e+01 |147 -0.02714  2.08051e+00
148  0.02393  1.75887e+00 |149  0.03091 -3.63660e+00 |150  0.04034 -6.88622e+00
151  0.01018 -2.99372e+01 |152  0.06336  1.01968e+00 |153  0.01669 -1.95835e+01
154  0.04640 -1.12612e-01 |155  0.02586 -5.08097e+00 |156  0.01469  1.05320e+01
157 -0.05625  1.13596e+02 |158 -0.04042  5.77491e+00 |159 -0.02744  1.06141e+02
160 -0.05517 -1.26238e+00 |161  0.05142 -2.56565e+00 |162 -0.00057  4.91389e+00
163 -0.08417  4.37934e+01 |164 -0.00828  1.00258e+01 |165 -0.04991  1.47419e+01
166 -0.00898 -1.60406e-01 |167  0.00525  2.54249e+00 |168  0.04862 -6.46727e+00
169  0.01444 -2.00355e+00 |170 -0.01875  4.85342e+00 |171 -0.00879  8.44443e+00
172 -0.03718  1.14189e-02 |173  0.00469  2.26593e+01 |174 -0.01501 -1.15498e+01
175  0.02202 -1.96158e+01 |176  0.03359 -1.13017e+01 |177  0.03468 -6.68041e+00
178  0.03949  4.44195e+00 |179  0.03726 -1.17048e+01 |180  0.00153  1.80281e+01
181 -0.01445  1.90290e+00 |182 -0.02551  8.79001e+00 |183 -0.01517  1.13330e+01
184  0.02948 -3.05905e+01 |185 -0.04439  5.93828e+01 |186  0.01008 -1.67874e+01
187 -0.01220 -3.07658e+00 |188 -0.02940  2.85320e+00 |189 -0.00003  1.24895e+01
190  0.00090  1.14404e+02 |191 -0.00868  2.80864e+01 |192 -0.01417  1.05433e+02
193 -0.00131  1.50497e+00 |194  0.03539  5.98982e+00 |195  0.04481  6.05132e+00
196  0.01588  4.52890e+01 |197 -0.04987 -1.67161e+01 |198 -0.00107  9.27694e+00
199 -0.03094  2.88089e+00 |200 -0.00568  1.79718e+00 |201 -0.00874 -8.46122e+00
202  0.04621  4.16266e-01 |203 -0.00622  5.22635e+00 |204 -0.01997  1.32824e+01
205  0.02189  7.25219e+00 |206 -0.02260  2.68347e+01 |207  0.00777 -1.70116e+01
208 -0.01364 -1.21830e+01 |209  0.01145 -4.31429e+00 |210  0.01739  5.84324e+00
211 -0.03780  9.66308e+00 |212  0.02315 -6.32001e+00 |213  0.01095  1.82148e+01
214 -0.01141  2.09766e+01 |215  0.01988  1.17499e+01 |216 -0.02072  8.85612e+00
217 -0.02066  1.24393e+01 |218 -0.01129  5.95085e+01 |219 -0.02654  2.05556e+01
220 -0.00244  7.75365e-01 |221  0.00470 -4.70382e+00 |222 -0.00669  1.39535e+01
223  0.00524  1.02598e+02 |224 -0.01126  3.45186e+01 |225 -0.01867  4.45353e+01
226  0.00507  5.35858e-01 |227 -0.01849  1.95395e+00 |228  0.00597  6.04419e+00
229  0.03580  4.04359e+01 |230  0.01315 -2.02245e+01 |231 -0.01148  8.72577e+00
232  0.00496 -5.37864e+00 |233 -0.02645  5.23432e+00 |234  0.00683 -8.34080e+00
235 -0.00746  5.26630e+00 |236  0.02532  7.83700e+00 |237  0.00709  9.99472e+00
238 -0.02794  2.00938e+01 |239 -0.01439  2.17610e+01 |240 -0.00103 -9.70732e+00
241 -0.01464 -5.53478e+00 |242 -0.02827  5.70343e+00 |243 -0.01579  6.55657e+00
244 -0.00741  7.56194e+00 |245 -0.03186 -3.75474e+00 |246 -0.02076  1.34496e+01
247  0.00182  2.09595e+01 |248 -0.00562  1.64712e+01 |249 -0.00141  8.17177e+00
250 -0.04610  2.07722e+01 |251 -0.03034  2.55803e+01 |252 -0.01934  2.02704e+01
253  0.00918 -8.14652e+00 |254 -0.00644 -8.90818e+00 |255 -0.02587  1.87260e+01
256 -0.03221  9.94831e+01 |257 -0.00222  3.78434e+01 |258  0.01217  4.18166e+01
259 -0.01120 -2.52084e+01 |260 -0.00545  9.08803e-01 |261 -0.01765 -1.57803e+01
262  0.00147  3.97894e+01 |263  0.03448 -1.92068e+01 |
263 variables; iteration 200; function evaluation 215; phase 5
Function value 2.2253394e+03; maximum gradient component mag 2.6477e+01
Var    Value     Gradient |Var    Value     Gradient |Var    Value     Gradient
  1 -0.09802  1.07128e+01 |  2 -0.14241 -1.54177e+01 |  3  0.47765 -3.78227e-01
  4 -0.01397  1.00937e+00 |  5 -0.00954 -5.70332e-02 |  6 -0.01253 -1.23078e-01
  7 -0.01432 -1.15709e-01 |  8 -0.01496 -3.18014e-02 |  9 -0.01447  1.35750e-01
 10 -0.01485  2.78756e-01 | 11 -0.01628  3.89210e-01 | 12 -0.02244  2.65077e-01
 13 -0.02999  7.52237e-02 | 14 -0.03985 -2.47872e-01 | 15 -0.05040 -6.20354e-01
 16 -0.05837 -8.69839e-01 | 17 -0.06102 -8.85067e-01 | 18 -0.04964 -2.31819e-01
 19 -0.02964  4.41273e-01 | 20 -0.01724 -1.27275e-01 | 21  0.01620  6.60803e-02
 22  0.03151 -8.43980e-01 | 23  0.06946 -1.16668e+00 | 24  0.07041  2.25824e-01
 25  0.14296 -2.21792e+00 | 26  0.10542 -1.33413e+00 | 27 -0.03090 -1.12065e+00
 28  0.20786  1.81200e+00 | 29 -0.02250  1.39464e+00 | 30 -0.07984  4.36686e-01
 31  0.15994  1.14459e+00 | 32 -0.11387 -5.30681e-01 | 33  0.03451 -3.98981e-01
 34 -0.17331 -7.56841e-01 | 35  0.17861  3.43333e-02 | 36 -0.22377 -1.21657e+00
 37  0.01444 -6.19207e-01 | 38  0.29785 -2.04732e+00 | 39 -0.14437  2.50033e-01
 40 -0.14317 -1.67465e-01 | 41 -0.08290 -9.06991e-01 | 42  0.27468 -4.16075e+00
 43 -0.21919 -3.60825e-01 | 44 -0.18083 -4.05111e-01 | 45  0.18991 -3.68906e+00
 46  0.07695 -1.61925e+00 | 47 -0.20656 -4.01876e-02 | 48  0.14729 -3.32639e+00
 49  0.02116 -2.00675e+00 | 50 -0.19354  1.04148e+00 | 51  0.12129 -2.75138e+00
 52  0.12559 -2.03744e+00 | 53  0.03136 -8.34094e-01 | 54  0.06502  2.39208e-01
 55 -0.00109 -1.95707e-01 | 56  0.07136 -1.46529e+00 | 57  0.27901 -1.09475e+01
 58 -0.10113 -7.77701e-01 | 59  0.01785 -1.19297e+00 | 60 -0.34444 -4.47966e-01
 61  0.05045 -1.57502e+00 | 62 -0.34887 -5.47943e-01 | 63  0.10624 -9.08572e-01
 64  0.07945 -1.56398e+00 | 65 -0.39256  8.22584e-01 | 66  0.18610 -3.32980e+00
 67  0.03461 -1.26302e+00 | 68  0.29970  9.64418e+00 | 69 -0.08898 -4.98612e-01
 70  0.03913 -1.97438e-01 | 71 -0.10439 -2.27187e+00 | 72  0.21869  5.15328e+00
 73 -0.35893  4.28933e-01 | 74  0.17758 -8.92516e+00 | 75  0.03212  1.28306e+00
 76 -0.09675  2.56788e-01 | 77 -0.14055 -6.08050e-01 | 78  0.15451  2.26858e+00
 79  0.23110  1.24666e+00 | 80  0.07783  2.23549e-01 | 81  0.00000  0.00000e+00
 82  0.00000  0.00000e+00 | 83  0.00000  0.00000e+00 | 84  0.00000  0.00000e+00
 85  0.00000  0.00000e+00 | 86 -0.43013 -5.20235e-01 | 87 -0.44842 -1.00235e-01
 88  0.06403  3.21667e+00 | 89 -0.10440  1.81449e+01 | 90 -0.14735  1.38650e+01
 91 -0.16400  1.43816e+01 | 92 -0.14007  6.44744e+00 | 93 -0.13999 -2.36273e+00
 94 -0.19813 -2.80316e+00 | 95 -0.15741 -3.38464e+00 | 96 -0.15454 -2.81412e+00
 97 -0.42809  1.38948e+01 | 98 -0.24807  5.95480e-01 | 99  0.03761  1.35493e+00
100 -0.00434 -5.09640e-01 |101 -0.00132 -2.64883e-02 |102  0.00183 -8.14948e-02
103 -0.02109 -2.58615e-01 |104  0.02852  5.25989e-01 |105  0.00061 -4.23489e-01
106  0.01020 -1.75576e-01 |107  0.06510  2.22139e-01 |108  0.03156  4.95412e-01
109  0.00115  8.65084e-02 |110 -0.00114 -3.36629e-01 |111 -0.00026  3.69852e-03
112  0.01170 -5.68429e-01 |113 -0.00021 -6.84063e-03 |114  0.03775 -1.69318e-01
115  0.03392 -3.76087e-01 |116 -0.00173 -4.69450e-02 |117  0.02364 -8.16313e-01
118  0.05893  7.52202e-01 |119 -0.00053  1.07432e+00 |120 -0.00115 -5.86183e-01
121  0.00579 -4.98599e-01 |122  0.01636 -5.18849e-01 |123 -0.04203  4.08169e+00
124 -0.00631 -5.60617e-02 |125 -0.01420  1.17151e+00 |126 -0.09570 -1.66427e+00
127  0.04985 -4.13651e-01 |128 -0.00242 -1.75697e-01 |129 -0.03198  3.00245e+00
130  0.11606 -1.03763e+00 |131  0.04822 -6.36202e-01 |132  0.01558  8.22628e-01
133  0.04501 -1.27834e+00 |134  0.05169  1.29269e+00 |135  0.00585  1.09927e-01
136  0.01474  2.30356e-01 |137 -0.02353  1.83006e+00 |138  0.07889 -1.73888e+00
139  0.05732 -9.55071e-01 |140 -0.01024  1.64744e+00 |141  0.05161  6.68339e-02
142  0.06054 -3.48418e+00 |143  0.04025 -1.84895e+00 |144  0.04021 -4.80379e-01
145  0.02295  9.31236e-03 |146  0.03586 -2.05033e+00 |147 -0.01436 -1.43497e-01
148  0.01979 -9.75997e-01 |149  0.03076 -2.22062e-01 |150  0.04667 -6.30371e-02
151  0.00897 -6.96398e+00 |152  0.06598  1.91035e+00 |153  0.01728 -5.71255e+00
154  0.04727  1.10274e-01 |155  0.02775 -2.02577e-01 |156  0.01531  4.15416e+00
157 -0.05765  1.77786e+01 |158 -0.03527  1.85704e+00 |159 -0.03191  2.60555e+01
160 -0.05455 -2.02575e+00 |161  0.05767  6.24345e-01 |162 -0.00070  2.32004e+00
163 -0.08335  7.10354e+00 |164 -0.00949  4.56701e-01 |165 -0.05134  3.97457e+00
166 -0.00401  6.88917e-01 |167  0.00241 -1.31618e-01 |168  0.05008 -1.56071e+00
169  0.01578 -1.13449e-01 |170 -0.01730  4.30628e-01 |171 -0.00886  1.50405e+00
172 -0.03668  1.90262e+00 |173  0.00565  3.09007e+00 |174 -0.01364 -1.30695e-01
175  0.02239 -2.62871e+00 |176  0.03392 -3.12877e+00 |177  0.03953  2.87508e-01
178  0.04151  2.18221e-01 |179  0.04220 -1.36894e+00 |180  0.00009  2.02573e-01
181 -0.00934  6.13836e-01 |182 -0.01918  1.58820e+00 |183 -0.01640 -1.83391e+00
184  0.03244 -6.81183e+00 |185 -0.04742  3.97676e+00 |186  0.00995 -6.18444e+00
187 -0.01050 -2.74782e+00 |188 -0.03062  5.31390e-01 |189 -0.00033  2.57403e+00
190  0.00043  1.83737e+01 |191 -0.00805 -4.14131e+00 |192 -0.01209  2.64773e+01
193 -0.00334 -8.45988e-01 |194  0.03282  1.50636e+00 |195  0.04387  1.64044e+00
196  0.00934  4.83000e+00 |197 -0.05530 -7.25894e+00 |198 -0.00236  1.13582e+00
199 -0.03186 -3.40990e-01 |200 -0.00235  5.66078e-01 |201 -0.00820 -9.46255e-01
202  0.04190 -1.61876e+00 |203 -0.00532  3.99589e-01 |204 -0.02340  1.73356e+00
205  0.02141 -3.47918e-01 |206 -0.02375  2.22709e+00 |207  0.01015 -2.47465e+00
208 -0.01399 -2.09448e+00 |209  0.01311 -1.65658e+00 |210  0.01694  3.83815e-01
211 -0.04036  1.75255e-02 |212  0.02608 -3.21111e-01 |213  0.01026  6.42321e-01
214 -0.01272  1.62163e+00 |215  0.01403  1.12736e+00 |216 -0.02068 -1.24841e+00
217 -0.02226 -1.87976e+00 |218 -0.01095  4.74736e+00 |219 -0.02900 -6.42574e-01
220 -0.00471 -4.03181e+00 |221  0.00465 -3.74583e+00 |222 -0.00685  2.88345e+00
223  0.00394  1.84286e+01 |224 -0.01216 -3.71799e+00 |225 -0.01880  1.25030e+01
226  0.00665 -9.79420e-01 |227 -0.02097  4.52933e+00 |228  0.00588  2.98614e-01
229  0.03921  4.76182e+00 |230  0.01703 -5.85680e+00 |231 -0.01087  1.29536e+00
232  0.00497 -2.16307e+00 |233 -0.02778  7.68575e-01 |234  0.00640 -8.25061e-01
235 -0.00782  9.63074e-01 |236  0.02177 -4.14037e-01 |237  0.00934  6.21416e-01
238 -0.03024  5.92041e-01 |239 -0.01534  6.26722e-01 |240 -0.00341 -1.04678e+00
241 -0.01489 -2.20492e+00 |242 -0.03084 -3.84955e-01 |243 -0.01626  1.51713e+00
244 -0.00812  2.99480e-01 |245 -0.03544 -1.90674e+00 |246 -0.02069  6.32132e-01
247  0.00103  1.73834e+00 |248 -0.00704  1.13655e+00 |249 -0.00170 -1.31834e+00
250 -0.04722  3.62909e-01 |251 -0.02966  1.25206e+00 |252 -0.01929 -4.01327e-01
253  0.00903 -4.11919e+00 |254 -0.00679 -3.83323e+00 |255 -0.02693  2.63138e+00
256 -0.03148  1.95525e+01 |257 -0.00350 -5.94766e+00 |258  0.01174  1.05259e+01
259 -0.01132 -4.67695e+00 |260 -0.00314  4.51011e+00 |261 -0.01736 -3.08580e+00
262  0.00114  3.32756e+00 |263  0.03593 -6.67057e+00 |
263 variables; iteration 220; function evaluation 238; phase 5
Function value 2.2251814e+03; maximum gradient component mag 5.1569e+00
Var    Value     Gradient |Var    Value     Gradient |Var    Value     Gradient
  1 -0.09653  7.79595e-01 |  2 -0.13799 -7.67183e-01 |  3  0.47630  3.82548e-01
  4 -0.02862  2.58414e-01 |  5 -0.01027 -5.94324e-02 |  6 -0.01326 -1.19305e-01
  7 -0.01208  4.64082e-02 |  8 -0.01216  1.72817e-01 |  9 -0.01741  5.12657e-02
 10 -0.02328 -9.56203e-02 | 11 -0.02612 -6.38695e-02 | 12 -0.02572  1.87783e-01
 13 -0.02933  2.39859e-01 | 14 -0.03617  1.10160e-01 | 15 -0.04303 -1.95368e-02
 16 -0.04802 -5.97880e-02 | 17 -0.05411 -2.74030e-01 | 18 -0.04195  4.83559e-01
 19 -0.04006  4.15329e-02 | 20 -0.01879  1.14086e-01 | 21  0.01021  4.04326e-01
 22  0.03451  2.23389e-01 | 23  0.07760  1.26021e-01 | 24  0.05356  3.25746e-01
 25  0.14739 -4.88457e-01 | 26  0.10131 -2.32076e-01 | 27 -0.02609 -6.21030e-01
 28  0.20643 -1.92972e+00 | 29 -0.02555 -2.84637e-01 | 30 -0.08031 -3.61564e-02
 31  0.15891  1.24988e+00 | 32 -0.11280 -8.33638e-02 | 33  0.03356  1.52183e-01
 34 -0.16903  6.52215e-02 | 35  0.17738 -5.26217e-01 | 36 -0.21532 -1.29175e-01
 37  0.01387 -1.46785e-01 | 38  0.29670 -1.41177e+00 | 39 -0.14510  1.44657e-01
 40 -0.14455 -2.24160e-01 | 41 -0.08073  5.63623e-02 | 42  0.27362 -6.82071e-01
 43 -0.21639  1.24008e-01 | 44 -0.17954 -5.40429e-02 | 45  0.18903 -1.89476e+00
 46  0.07567 -3.45613e-02 | 47 -0.20788 -3.46819e-01 | 48  0.14609 -4.49517e-01
 49  0.02132 -2.76989e-01 | 50 -0.20056 -5.68791e-02 | 51  0.12041 -6.60783e-01
 52  0.12444 -4.17484e-01 | 53  0.03034  5.70972e-01 | 54  0.06390  1.09315e-01
 55 -0.00200  6.31659e-01 | 56  0.07025  1.33039e-01 | 57  0.27801  4.14115e-01
 58 -0.10087  1.22806e-01 | 59  0.01684  6.05965e-01 | 60 -0.34530 -1.96351e-01
 61  0.04933 -2.13793e-01 | 62 -0.34547 -2.41832e-01 | 63  0.10509  8.96231e-01
 64  0.07835  2.46404e-01 | 65 -0.40562 -6.01324e-01 | 66  0.18499  1.61488e+00
 67  0.03394 -2.63566e-01 | 68  0.29830  2.49052e+00 | 69 -0.08940  2.80358e-01
 70  0.03766  2.11862e-01 | 71 -0.10364  1.38300e-01 | 72  0.21689  2.54567e+00
 73 -0.36252  9.14735e-02 | 74  0.17551 -2.45358e+00 | 75  0.03026  1.39888e+00
 76 -0.10048 -6.11566e-02 | 77 -0.14032 -9.95315e-02 | 78  0.14895 -9.42942e-01
 79  0.22646  1.70556e-02 | 80  0.07455 -5.65243e-02 | 81  0.00000  0.00000e+00
 82  0.00000  0.00000e+00 | 83  0.00000  0.00000e+00 | 84  0.00000  0.00000e+00
 85  0.00000  0.00000e+00 | 86 -0.43136 -1.37112e-01 | 87 -0.43383 -6.69300e-02
 88  0.06420  1.08630e+00 | 89 -0.10382  5.15692e+00 | 90 -0.14687  3.63143e+00
 91 -0.16471  2.21347e+00 | 92 -0.13978  6.34878e-01 | 93 -0.13950 -3.97008e-01
 94 -0.19876 -6.28090e-01 | 95 -0.15688 -4.54717e-01 | 96 -0.15482 -4.43685e-01
 97 -0.42870  1.14497e+00 | 98 -0.24882  3.89723e-02 | 99  0.03556  2.09654e-01
100 -0.00276 -7.84936e-02 |101 -0.00104  2.12505e-02 |102  0.00254  3.25957e-01
103 -0.01981  6.56822e-02 |104  0.02749  1.13165e-01 |105  0.00145 -5.68849e-02
106  0.00994 -1.82577e-01 |107  0.06438 -1.99760e-01 |108  0.03088 -1.96160e-01
109  0.00068 -2.32511e-02 |110 -0.00289 -6.14412e-01 |111 -0.00025  6.62609e-03
112  0.01369  1.18995e-01 |113 -0.00017  4.49357e-03 |114  0.03866  6.16102e-02
115  0.03456  8.91994e-02 |116 -0.00121  4.64017e-02 |117  0.02593  5.76805e-02
118  0.05729 -7.64004e-02 |119 -0.00065  3.04672e-01 |120  0.00149  2.12604e-01
121  0.00648 -2.23672e-01 |122  0.01862  2.20851e-01 |123 -0.04335  8.63391e-01
124 -0.00481  2.54271e-01 |125 -0.01365  6.81004e-02 |126 -0.09481  2.02091e-01
127  0.04919 -4.58019e-01 |128 -0.00139  8.33440e-02 |129 -0.03541  6.05817e-01
130  0.11726 -2.20559e-01 |131  0.04900 -3.05929e-01 |132  0.01557  7.46433e-03
133  0.04899 -1.30890e-01 |134  0.04973  6.37409e-02 |135  0.00529  3.56413e-01
136  0.01364 -1.18028e-01 |137 -0.02429  3.44783e-01 |138  0.07991 -6.24169e-01
139  0.05788 -1.63671e-01 |140 -0.01063 -7.28286e-02 |141  0.05120 -4.79432e-01
142  0.06063 -1.91290e-01 |143  0.04312 -9.57573e-02 |144  0.04121  7.68443e-02
145  0.02147 -2.18906e-01 |146  0.03727 -2.40187e-01 |147 -0.01563  4.76958e-03
148  0.02517  3.10433e-01 |149  0.03060  4.31493e-01 |150  0.04415 -1.29525e-01
151  0.00991 -3.90001e-01 |152  0.06557  5.17465e-01 |153  0.01675 -3.02548e-01
154  0.04677 -2.70501e-02 |155  0.02729  1.65528e-01 |156  0.01552  1.17944e+00
157 -0.05842  1.98365e+00 |158 -0.03646  3.13489e-01 |159 -0.03189  4.99710e+00
160 -0.05461 -8.47911e-01 |161  0.05619 -4.52268e-02 |162  0.00037  1.04618e+00
163 -0.08725  1.34021e+00 |164 -0.00951  6.98898e-01 |165 -0.05294  2.77880e-02
166 -0.00840  2.20061e-01 |167  0.00407  2.12244e-01 |168  0.05092 -4.25749e-01
169  0.01451 -3.33807e-01 |170 -0.01664  2.05206e-01 |171 -0.00936  8.28089e-02
172 -0.03757  8.73480e-01 |173  0.00536  9.39570e-03 |174 -0.01395  3.95448e-01
175  0.02200 -5.05162e-01 |176  0.03389 -5.29172e-01 |177  0.03858  1.15328e-01
178  0.04068 -2.16106e-01 |179  0.04158 -7.29284e-02 |180  0.00027 -4.20367e-01
181 -0.01523 -3.13963e-01 |182 -0.01999  1.90744e-01 |183 -0.01659 -6.13673e-01
184  0.03126 -2.64410e-01 |185 -0.04544 -2.96612e-01 |186  0.01013 -2.84552e-01
187 -0.01111  3.10941e-02 |188 -0.03071  4.44492e-01 |189 -0.00057  5.55991e-01
190  0.00036  1.96225e+00 |191 -0.00871 -1.29106e+00 |192 -0.01329  5.04096e+00
193 -0.00374  3.77159e-01 |194  0.03235 -2.25763e-02 |195  0.04335  3.91017e-01
196  0.01135  1.22285e+00 |197 -0.05477  4.95052e-01 |198 -0.00125  3.16030e-01
199 -0.03183  1.89396e-01 |200 -0.00337  2.35540e-01 |201 -0.00732  1.37834e-01
202  0.04410 -1.24481e-01 |203 -0.00592  2.89795e-02 |204 -0.02497 -2.62488e-01
205  0.02218 -3.83171e-02 |206 -0.02348  5.35159e-02 |207  0.01118  9.51619e-02
208 -0.01362 -1.91860e-01 |209  0.01348 -3.67547e-01 |210  0.01738 -1.34132e-01
211 -0.03949 -3.43754e-02 |212  0.02476 -1.16564e-01 |213  0.01008 -9.82519e-02
214 -0.01262 -1.35173e-01 |215  0.01482  1.34691e-01 |216 -0.02090  3.35518e-02
217 -0.02197 -2.14800e-01 |218 -0.01313 -6.75845e-02 |219 -0.02738  7.60903e-03
220 -0.00396 -4.16991e-02 |221  0.00466  5.10354e-02 |222 -0.00643  8.54846e-01
223  0.00502  2.89082e+00 |224 -0.01166 -1.17880e+00 |225 -0.01979  3.02944e+00
226  0.00700  5.19401e-01 |227 -0.02147  1.29503e+00 |228  0.00636  2.43565e-01
229  0.03964  1.35698e+00 |230  0.01501  2.13706e-01 |231 -0.01125  2.06269e-01
232  0.00518  1.36388e-01 |233 -0.02847 -9.56045e-02 |234  0.00559 -1.31973e-01
235 -0.00844  4.50140e-02 |236  0.02193 -3.18523e-01 |237  0.01108  3.23535e-01
238 -0.03060 -6.98028e-01 |239 -0.01543 -2.00355e-01 |240 -0.00408 -1.74698e-01
241 -0.01501 -4.45627e-01 |242 -0.03116 -3.17678e-01 |243 -0.01655  5.66337e-01
244 -0.00828  7.13219e-03 |245 -0.03410 -3.53358e-01 |246 -0.02075  3.79357e-01
247  0.00111  3.80815e-03 |248 -0.00720  1.29134e-01 |249 -0.00137  1.11856e-01
250 -0.04756 -4.67367e-01 |251 -0.02958 -6.28231e-02 |252 -0.02081 -3.64094e-01
253  0.00906 -1.47841e-01 |254 -0.00647  1.81825e-01 |255 -0.02722  4.54421e-01
256 -0.03241  2.95610e+00 |257 -0.00337 -1.64790e+00 |258  0.01295  2.42247e+00
259 -0.01142  6.40956e-01 |260 -0.00257  1.72124e+00 |261 -0.01748  9.46459e-02
262  0.00107  3.29084e-01 |263  0.03697  4.75996e-01 |
263 variables; iteration 240; function evaluation 264; phase 5
Function value 2.2251619e+03; maximum gradient component mag 1.0500e+00
Var    Value     Gradient |Var    Value     Gradient |Var    Value     Gradient
  1 -0.09562  7.60179e-02 |  2 -0.13535 -2.76730e-01 |  3  0.47159  2.06152e-01
  4 -0.03272 -6.00800e-03 |  5 -0.00768  6.28451e-02 |  6 -0.01102 -1.34124e-02
  7 -0.01422 -6.89677e-02 |  8 -0.01444  4.57878e-02 |  9 -0.01796  1.25228e-02
 10 -0.02248 -6.31278e-02 | 11 -0.02466  5.44390e-03 | 12 -0.02873  2.08503e-05
 13 -0.03402 -5.52180e-02 | 14 -0.03689  4.79891e-02 | 15 -0.04141  6.29899e-02
 16 -0.04703 -1.82412e-02 | 17 -0.04823  8.51190e-02 | 18 -0.04962 -6.48824e-02
 19 -0.04000 -1.12643e-02 | 20 -0.01819  5.13537e-02 | 21  0.00523  6.90572e-02
 22  0.03413  1.62396e-01 | 23  0.08065  1.78640e-01 | 24  0.04613  1.76948e-01
 25  0.15001  2.25071e-01 | 26  0.09861  1.13634e-01 | 27 -0.02103  2.94955e-02
 28  0.20589 -4.65578e-01 | 29 -0.02534 -1.10464e-01 | 30 -0.08047  4.09997e-03
 31  0.15839 -9.03148e-03 | 32 -0.11251  6.94810e-04 | 33  0.03308  3.38788e-02
 34 -0.16961  1.54902e-02 | 35  0.17696  2.72025e-02 | 36 -0.21429  5.56854e-02
 37  0.01349  5.81943e-02 | 38  0.29625 -2.46604e-01 | 39 -0.14650  2.82108e-02
 40 -0.14396  1.25193e-02 | 41 -0.08155  3.73353e-02 | 42  0.27299  1.00242e-01
 43 -0.21816 -4.38757e-02 | 44 -0.17921  1.29773e-01 | 45  0.18858  2.42740e-02
 46  0.07473  4.99749e-02 | 47 -0.20639 -9.60340e-02 | 48  0.14537 -3.18914e-02
 49  0.02096  6.11229e-02 | 50 -0.20137 -1.32952e-02 | 51  0.11985  2.37381e-02
 52  0.12389  2.45935e-02 | 53  0.02964  1.76988e-01 | 54  0.06351 -1.04786e-01
 55 -0.00292  4.95499e-02 | 56  0.06983  5.67271e-02 | 57  0.27755  4.68507e-01
 58 -0.10128  7.28995e-02 | 59  0.01620  3.09461e-02 | 60 -0.34515  6.73774e-02
 61  0.04873 -4.98690e-02 | 62 -0.34452  1.26823e-02 | 63  0.10448  1.54768e-01
 64  0.07783  1.06317e-01 | 65 -0.40155 -4.66903e-02 | 66  0.18448  5.99247e-02
 67  0.03370 -8.57261e-02 | 68  0.29778 -9.32450e-01 | 69 -0.09013  3.53406e-02
 70  0.03719  6.29095e-02 | 71 -0.10428  1.32700e-01 | 72  0.21607 -6.16121e-01
 73 -0.36369  4.27635e-02 | 74  0.17478 -1.68791e-01 | 75  0.02928  1.61690e-01
 76 -0.10089  5.45663e-02 | 77 -0.14092  3.67014e-03 | 78  0.14818 -1.55047e-01
 79  0.22524 -1.83471e-01 | 80  0.07448 -2.18004e-02 | 81  0.00000  0.00000e+00
 82  0.00000  0.00000e+00 | 83  0.00000  0.00000e+00 | 84  0.00000  0.00000e+00
 85  0.00000  0.00000e+00 | 86 -0.43082  1.34378e-04 | 87 -0.43077 -1.35392e-03
 88  0.06377 -1.63475e-01 | 89 -0.10387  5.76578e-02 | 90 -0.14697  8.14400e-01
 91 -0.16456  1.03098e+00 | 92 -0.13981  1.04995e+00 | 93 -0.13949 -1.02843e-01
 94 -0.19877 -1.79874e-01 | 95 -0.15684 -2.42470e-01 | 96 -0.15482 -1.23145e-01
 97 -0.42870  9.70657e-01 | 98 -0.24893  2.44581e-02 | 99  0.03499 -9.79482e-02
100 -0.00218  7.29632e-02 |101 -0.00112  6.11171e-04 |102  0.00173 -2.70868e-02
103 -0.01989  5.82177e-02 |104  0.02714 -6.05453e-02 |105  0.00147 -5.44400e-03
106  0.01074  8.28893e-02 |107  0.06490 -2.04080e-02 |108  0.03109 -3.33058e-02
109  0.00070 -2.09773e-02 |110 -0.00057  6.81656e-02 |111 -0.00029 -1.19255e-03
112  0.01313 -3.07155e-03 |113 -0.00020 -7.52855e-04 |114  0.03870 -3.00183e-02
115  0.03455  2.65124e-02 |116 -0.00143  6.50104e-03 |117  0.02546  3.40546e-02
118  0.05757 -7.41219e-03 |119 -0.00047 -1.12161e-01 |120  0.00067 -3.31598e-02
121  0.00702 -6.14272e-02 |122  0.01783 -8.24123e-02 |123 -0.04322 -1.96451e-01
124 -0.00624 -5.80519e-02 |125 -0.01315 -1.00358e-01 |126 -0.09454  1.30094e-01
127  0.05047  9.56991e-02 |128 -0.00172  5.43763e-03 |129 -0.03525 -1.16728e-02
130  0.11753 -3.04919e-02 |131  0.05013  8.89745e-02 |132  0.01590 -4.39141e-02
133  0.05025  5.97403e-02 |134  0.04974  6.60473e-03 |135  0.00432 -3.10388e-02
136  0.01328 -2.18074e-02 |137 -0.02434 -4.43258e-02 |138  0.08072  1.38878e-02
139  0.05828  7.22916e-02 |140 -0.01079 -3.16906e-02 |141  0.05163 -6.61122e-02
142  0.06065  1.71517e-01 |143  0.04326  1.17733e-01 |144  0.04123  1.69342e-02
145  0.02233  4.01153e-02 |146  0.03781  1.08640e-01 |147 -0.01559  5.90041e-02
148  0.02364  1.27743e-01 |149  0.03058  6.03564e-02 |150  0.04490  5.33239e-02
151  0.00996  3.18838e-01 |152  0.06556 -1.03192e-01 |153  0.01672  2.53991e-01
154  0.04672  1.63639e-02 |155  0.02749 -4.74049e-02 |156  0.01530 -1.00075e-01
157 -0.05851 -4.31423e-01 |158 -0.03677 -4.25513e-02 |159 -0.03191 -5.31102e-01
160 -0.05459  3.60407e-03 |161  0.05636 -2.41351e-02 |162 -0.00037 -6.32548e-03
163 -0.08739  1.38243e-01 |164 -0.00971  1.70902e-01 |165 -0.05301 -1.51010e-01
166 -0.00955  7.68431e-02 |167  0.00406  6.86397e-02 |168  0.05178  2.45676e-02
169  0.01517  4.37826e-02 |170 -0.01701 -3.82780e-02 |171 -0.00940  9.98801e-03
172 -0.03792  7.08306e-02 |173  0.00554 -9.74982e-02 |174 -0.01430 -2.05197e-02
175  0.02230  6.17552e-02 |176  0.03397  1.62457e-01 |177  0.03849 -2.16991e-02
178  0.04078  4.85331e-02 |179  0.04135  7.32860e-02 |180  0.00098  3.58552e-01
181 -0.01363  1.99087e-01 |182 -0.02054  1.03951e-01 |183 -0.01650  8.56949e-02
184  0.03129  2.26478e-01 |185 -0.04546 -2.37451e-01 |186  0.01026  3.62889e-01
187 -0.01115  3.41317e-01 |188 -0.03083 -2.87782e-02 |189 -0.00016  2.26747e-02
190  0.00055 -3.86773e-01 |191 -0.00863  3.63068e-01 |192 -0.01331 -4.82003e-01
193 -0.00345  2.77031e-01 |194  0.03241 -3.84916e-02 |195  0.04397 -2.41835e-02
196  0.01155  1.10545e-01 |197 -0.05495  4.45183e-01 |198 -0.00144 -8.20536e-03
199 -0.03199  7.11855e-02 |200 -0.00347  7.24972e-02 |201 -0.00796  2.25905e-02
202  0.04405  3.37702e-02 |203 -0.00583 -1.14339e-02 |204 -0.02411 -2.85990e-02
205  0.02230  1.08761e-01 |206 -0.02368 -6.70689e-02 |207  0.01129  1.19048e-01
208 -0.01400  9.58239e-02 |209  0.01361  2.00642e-02 |210  0.01740 -1.06250e-01
211 -0.03958  8.77149e-02 |212  0.02443 -1.06072e-02 |213  0.00945  2.83670e-01
214 -0.01234  1.56899e-01 |215  0.01534  2.18201e-01 |216 -0.02113  9.00851e-02
217 -0.02203  8.65996e-02 |218 -0.01315 -2.87477e-01 |219 -0.02830  1.21692e-01
220 -0.00393  4.58195e-01 |221  0.00456  2.77918e-01 |222 -0.00675  4.00692e-02
223  0.00501 -4.16163e-01 |224 -0.01183  3.77146e-01 |225 -0.02029 -9.82799e-02
226  0.00666  2.71372e-01 |227 -0.02072 -1.04381e-01 |228  0.00626  4.77072e-02
229  0.03953  1.21394e-01 |230  0.01534  3.56452e-01 |231 -0.01111 -3.20880e-02
232  0.00524  1.91407e-01 |233 -0.02841  3.51724e-02 |234  0.00607 -2.91897e-03
235 -0.00850 -7.00446e-02 |236  0.02227  2.93934e-02 |237  0.01019 -1.85755e-02
238 -0.03055 -1.20389e-01 |239 -0.01537  1.06115e-01 |240 -0.00416  1.92154e-02
241 -0.01490  1.66108e-01 |242 -0.03138 -9.89764e-02 |243 -0.01664  5.05503e-02
244 -0.00826  8.60524e-03 |245 -0.03386  6.11416e-02 |246 -0.02077  5.25158e-01
247  0.00078  1.00388e-01 |248 -0.00717  2.40024e-01 |249 -0.00125  1.41411e-01
250 -0.04755  1.19247e-02 |251 -0.02956 -1.57258e-01 |252 -0.01995  1.45863e-01
253  0.00908  3.82285e-01 |254 -0.00643  2.81643e-01 |255 -0.02724 -2.24857e-02
256 -0.03256 -4.20869e-01 |257 -0.00327  4.60389e-01 |258  0.01338 -9.79338e-02
259 -0.01143  3.36543e-01 |260 -0.00343 -1.20524e-01 |261 -0.01747  1.03646e-01
262  0.00122  1.81775e-02 |263  0.03699  3.48900e-01 |
263 variables; iteration 260; function evaluation 292; phase 5
Function value 2.2251596e+03; maximum gradient component mag 6.0890e-01
Var    Value     Gradient |Var    Value     Gradient |Var    Value     Gradient
  1 -0.09510  2.69481e-01 |  2 -0.13379 -3.25606e-01 |  3  0.46407  5.04789e-02
  4 -0.03256 -8.15036e-03 |  5 -0.00927 -1.77123e-02 |  6 -0.01036  1.60038e-02
  7 -0.01281 -1.33100e-03 |  8 -0.01545 -1.07915e-02 |  9 -0.01748  3.29409e-02
 10 -0.02170 -2.65183e-02 | 11 -0.02444  1.14296e-02 | 12 -0.02878 -9.79355e-03
 13 -0.03252  2.58625e-02 | 14 -0.03744  6.74415e-03 | 15 -0.04339 -6.97709e-02
 16 -0.04652  6.29639e-03 | 17 -0.04914  1.61684e-02 | 18 -0.04868 -1.47839e-02
 19 -0.03990 -2.37204e-02 | 20 -0.01845 -1.62070e-03 | 21  0.00515 -1.25776e-02
 22  0.03171 -3.58612e-02 | 23  0.08187 -9.83255e-03 | 24  0.04355 -4.94077e-02
 25  0.15045 -5.30875e-02 | 26  0.09837 -2.02724e-02 | 27 -0.02112  2.46847e-03
 28  0.20587  7.48612e-02 | 29 -0.02515  4.84217e-02 | 30 -0.08074 -2.38618e-02
 31  0.15824 -4.55468e-02 | 32 -0.11270 -2.28579e-02 | 33  0.03287 -2.75166e-02
 34 -0.16989 -7.92676e-03 | 35  0.17674  4.87514e-03 | 36 -0.21488 -8.52399e-03
 37  0.01326  1.17104e-03 | 38  0.29604 -4.19230e-02 | 39 -0.14687 -1.42944e-02
 40 -0.14413 -1.44115e-03 | 41 -0.08185  8.19478e-03 | 42  0.27264 -1.93593e-01
 43 -0.21795  1.71715e-03 | 44 -0.18028 -1.39888e-02 | 45  0.18824 -1.27655e-01
 46  0.07433 -4.62893e-02 | 47 -0.20589  1.66136e-02 | 48  0.14503 -1.25782e-01
 49  0.02061 -5.02867e-02 | 50 -0.20153 -1.15996e-02 | 51  0.11959 -1.16700e-01
 52  0.12365 -1.39893e-01 | 53  0.02937 -8.87815e-02 | 54  0.06333 -3.47994e-02
 55 -0.00312 -5.57716e-02 | 56  0.06970 -7.74800e-02 | 57  0.27746 -3.25287e-01
 58 -0.10151 -1.97600e-02 | 59  0.01597 -8.81673e-02 | 60 -0.34558  2.41249e-03
 61  0.04842 -5.88723e-02 | 62 -0.34476 -1.06523e-02 | 63  0.10426  2.69001e-03
 64  0.07768  5.56649e-02 | 65 -0.40094  1.88421e-02 | 66  0.18444  1.88350e-02
 67  0.03377  8.44532e-04 | 68  0.29781  4.05302e-01 | 69 -0.09016  4.73218e-03
 70  0.03718  4.35082e-02 | 71 -0.10458  9.36274e-03 | 72  0.21585  6.08900e-01
 73 -0.36410  1.53791e-03 | 74  0.17473  2.80550e-01 | 75  0.02919  1.89198e-02
 76 -0.10091 -1.77431e-02 | 77 -0.14069 -5.40338e-03 | 78  0.14836 -2.14925e-01
 79  0.22565 -1.42408e-01 | 80  0.07450 -5.73359e-03 | 81  0.00000  0.00000e+00
 82  0.00000  0.00000e+00 | 83  0.00000  0.00000e+00 | 84  0.00000  0.00000e+00
 85  0.00000  0.00000e+00 | 86 -0.43027 -4.77406e-03 | 87 -0.43113  6.55676e-03
 88  0.06392  1.51459e-02 | 89 -0.10388  3.38247e-01 | 90 -0.14695  2.76435e-01
 91 -0.16458  1.87215e-01 | 92 -0.13980  1.20178e-01 | 93 -0.13947 -1.27052e-02
 94 -0.19876 -2.28138e-02 | 95 -0.15684 -7.46069e-03 | 96 -0.15482  6.11951e-03
 97 -0.42875 -2.70741e-01 | 98 -0.24897  3.24725e-03 | 99  0.03518 -1.35472e-02
100 -0.00237  2.46677e-02 |101 -0.00114 -3.99748e-03 |102  0.00173 -1.62159e-02
103 -0.02016 -1.18696e-02 |104  0.02725 -1.84380e-03 |105  0.00149 -1.17878e-03
106  0.01047 -4.20312e-03 |107  0.06488 -2.24096e-03 |108  0.03106 -2.25494e-03
109  0.00093  4.05346e-02 |110 -0.00085 -2.07348e-02 |111 -0.00025  8.85310e-03
112  0.01316  2.59895e-04 |113 -0.00019  2.40422e-03 |114  0.03897 -5.08749e-03
115  0.03446 -6.83845e-03 |116 -0.00146  9.98979e-04 |117  0.02553  3.68067e-02
118  0.05756  8.85352e-03 |119 -0.00047 -7.00571e-03 |120  0.00063 -3.83477e-02
121  0.00710 -3.00381e-02 |122  0.01803  3.32685e-03 |123 -0.04314 -3.16009e-02
124 -0.00593  5.15532e-03 |125 -0.01307  1.54570e-02 |126 -0.09462 -9.62203e-03
127  0.05026  4.52834e-03 |128 -0.00179 -1.21257e-02 |129 -0.03528 -7.70691e-03
130  0.11754  9.90370e-03 |131  0.04984  6.60591e-03 |132  0.01576 -3.08539e-03
133  0.05032 -5.39473e-03 |134  0.04974  1.08838e-02 |135  0.00438 -6.79242e-03
136  0.01328 -3.00803e-02 |137 -0.02432 -9.87552e-03 |138  0.08067 -1.07342e-02
139  0.05825 -1.50908e-02 |140 -0.01078  3.20462e-02 |141  0.05164 -1.47697e-02
142  0.06063 -1.35739e-01 |143  0.04306  5.82993e-05 |144  0.04115 -1.68430e-02
145  0.02220 -6.14950e-03 |146  0.03763 -1.67881e-02 |147 -0.01594  2.65435e-03
148  0.02382 -3.17896e-02 |149  0.03057 -5.94365e-02 |150  0.04477 -3.34679e-02
151  0.00964 -1.95453e-01 |152  0.06553 -2.65533e-02 |153  0.01675 -1.21180e-01
154  0.04666  2.74327e-03 |155  0.02753 -2.21097e-02 |156  0.01521 -1.57784e-02
157 -0.05843  3.44967e-01 |158 -0.03688  1.28843e-02 |159 -0.03185  7.74451e-02
160 -0.05454 -6.38913e-04 |161  0.05636 -9.08720e-03 |162 -0.00037 -1.02528e-02
163 -0.08739  5.31203e-01 |164 -0.00964  3.15704e-01 |165 -0.05297  1.52361e-02
166 -0.00964  2.04807e-02 |167  0.00417  1.30363e-02 |168  0.05172 -2.79871e-03
169  0.01523  4.64140e-02 |170 -0.01699 -1.49704e-02 |171 -0.00940  1.40361e-03
172 -0.03792 -3.42426e-02 |173  0.00554  2.45062e-02 |174 -0.01429 -3.44736e-02
175  0.02230 -1.44282e-01 |176  0.03395 -4.79053e-02 |177  0.03852 -1.09764e-02
178  0.04081 -1.06744e-03 |179  0.04146  1.96941e-02 |180  0.00078  3.72927e-02
181 -0.01380 -3.12435e-02 |182 -0.02036 -1.04916e-01 |183 -0.01651 -2.48321e-02
184  0.03160 -1.33313e-01 |185 -0.04559  1.62943e-01 |186  0.01022 -1.07948e-01
187 -0.01112 -4.70439e-02 |188 -0.03086 -2.63240e-02 |189 -0.00016 -1.30138e-02
190  0.00049  3.41352e-01 |191 -0.00859 -1.06933e-01 |192 -0.01333  1.12543e-01
193 -0.00342 -1.03632e-01 |194  0.03244 -1.19840e-02 |195  0.04398  1.17770e-02
196  0.01163  5.38987e-01 |197 -0.05507  4.16071e-01 |198 -0.00163 -1.40472e-02
199 -0.03194  4.69744e-04 |200 -0.00361 -4.74916e-02 |201 -0.00804 -1.73797e-02
202  0.04398 -1.61456e-02 |203 -0.00582 -1.17010e-03 |204 -0.02410  1.12122e-02
205  0.02227 -5.74353e-03 |206 -0.02366  3.98383e-02 |207  0.01126 -7.81582e-02
208 -0.01398 -1.22741e-01 |209  0.01358 -5.15979e-02 |210  0.01743 -1.20552e-02
211 -0.03962  3.96864e-03 |212  0.02453 -2.41999e-02 |213  0.00966  6.43585e-02
214 -0.01255 -4.07427e-02 |215  0.01515 -1.03090e-01 |216 -0.02099 -3.64195e-02
217 -0.02203 -1.22640e-01 |218 -0.01300  1.50782e-01 |219 -0.02828 -4.69573e-02
220 -0.00397 -4.05955e-02 |221  0.00458 -7.79398e-02 |222 -0.00676  3.45949e-03
223  0.00501  3.13317e-01 |224 -0.01185 -1.15063e-01 |225 -0.02026 -1.01075e-01
226  0.00663 -1.30615e-01 |227 -0.02067 -1.42547e-02 |228  0.00627  1.27252e-02
229  0.03946  5.48528e-01 |230  0.01549  4.41430e-01 |231 -0.01094  3.03955e-02
232  0.00521 -3.21679e-02 |233 -0.02838 -4.37728e-03 |234  0.00616 -2.12828e-02
235 -0.00848 -1.31429e-02 |236  0.02221 -1.26345e-02 |237  0.01018  7.14210e-03
238 -0.03052  2.60104e-02 |239 -0.01540 -7.43044e-03 |240 -0.00415 -6.18666e-02
241 -0.01493 -1.40809e-01 |242 -0.03134 -3.12962e-02 |243 -0.01667 -5.01292e-02
244 -0.00827 -9.35778e-03 |245 -0.03394 -3.61577e-02 |246 -0.02080  4.86989e-02
247  0.00100  2.30802e-02 |248 -0.00718 -8.52738e-02 |249 -0.00139 -5.81356e-02
250 -0.04755 -7.22517e-02 |251 -0.02956  7.32687e-02 |252 -0.01996 -4.38622e-02
253  0.00908 -4.44783e-02 |254 -0.00646 -8.05067e-02 |255 -0.02724 -6.76177e-05
256 -0.03254  3.37288e-01 |257 -0.00329 -1.32115e-01 |258  0.01335 -1.05492e-01
259 -0.01144 -1.76651e-01 |260 -0.00346 -4.83485e-02 |261 -0.01747 -2.22371e-03
262  0.00125  5.61976e-01 |263  0.03691  4.21849e-01 |
263 variables; iteration 280; function evaluation 324; phase 5
Function value 2.2251594e+03; maximum gradient component mag -5.7697e-02
Var    Value     Gradient |Var    Value     Gradient |Var    Value     Gradient
  1 -0.09489  5.23176e-02 |  2 -0.13315 -5.76973e-02 |  3  0.46152 -2.42914e-03
  4 -0.03252 -9.40836e-04 |  5 -0.00893  2.26573e-04 |  6 -0.01074 -8.68469e-04
  7 -0.01282  7.88497e-05 |  8 -0.01530 -7.90829e-04 |  9 -0.01816 -2.12224e-05
 10 -0.02128 -2.78316e-04 | 11 -0.02474 -9.89133e-04 | 12 -0.02871 -9.36504e-04
 13 -0.03307 -7.26363e-04 | 14 -0.03769 -2.04588e-03 | 15 -0.04237  2.10645e-03
 16 -0.04676 -5.00834e-04 | 17 -0.04955 -1.68205e-03 | 18 -0.04866 -2.03619e-03
 19 -0.03975 -1.54027e-03 | 20 -0.01877 -2.85848e-03 | 21  0.00490 -4.38085e-03
 22  0.03215 -6.61059e-03 | 23  0.08111 -7.49680e-03 | 24  0.04428 -9.76358e-03
 25  0.15027 -1.92197e-02 | 26  0.09841 -1.10383e-02 | 27 -0.02123 -2.65413e-03
 28  0.20582 -1.71625e-02 | 29 -0.02533 -2.53398e-03 | 30 -0.08068  4.60137e-04
 31  0.15816  1.32439e-02 | 32 -0.11269  3.50603e-04 | 33  0.03278  3.01218e-03
 34 -0.16994 -1.14942e-04 | 35  0.17663  1.33743e-03 | 36 -0.21487  1.29594e-03
 37  0.01315 -5.50533e-04 | 38  0.29594 -8.91365e-03 | 39 -0.14688 -8.44598e-04
 40 -0.14424 -1.20083e-03 | 41 -0.08199  8.65892e-04 | 42  0.27250 -1.23575e-02
 43 -0.21810 -3.71227e-04 | 44 -0.18032 -1.84063e-04 | 45  0.18809 -9.12703e-03
 46  0.07418 -2.19948e-03 | 47 -0.20612 -1.53046e-03 | 48  0.14489 -4.83874e-03
 49  0.02048 -9.19351e-04 | 50 -0.20161 -1.32051e-04 | 51  0.11948 -5.75309e-03
 52  0.12353 -7.25192e-03 | 53  0.02927 -3.77506e-03 | 54  0.06323 -5.64791e-03
 55 -0.00322  1.73952e-03 | 56  0.06963  1.04385e-03 | 57  0.27740  2.02293e-03
 58 -0.10158 -3.12708e-05 | 59  0.01587  2.58300e-03 | 60 -0.34572  4.81225e-04
 61  0.04829 -1.04587e-03 | 62 -0.34485 -1.49468e-03 | 63  0.10416 -6.39045e-04
 64  0.07760 -2.69004e-03 | 65 -0.40113 -1.39572e-03 | 66  0.18440  2.03761e-03
 67  0.03378 -9.57099e-04 | 68  0.29778 -2.39889e-02 | 69 -0.09019 -8.03852e-04
 70  0.03714 -2.85697e-03 | 71 -0.10467  1.07201e-03 | 72  0.21572 -2.10822e-02
 73 -0.36417 -1.84654e-04 | 74  0.17467 -9.94466e-03 | 75  0.02914  2.51212e-03
 76 -0.10091 -5.29186e-04 | 77 -0.14073 -3.81935e-04 | 78  0.14831  1.39184e-02
 79  0.22567  5.75492e-03 | 80  0.07451 -1.41199e-03 | 81  0.00000  0.00000e+00
 82  0.00000  0.00000e+00 | 83  0.00000  0.00000e+00 | 84  0.00000  0.00000e+00
 85  0.00000  0.00000e+00 | 86 -0.43013 -1.00709e-03 | 87 -0.43173 -2.54393e-05
 88  0.06388  1.28508e-03 | 89 -0.10388 -2.71311e-02 | 90 -0.14695 -2.86440e-02
 91 -0.16458 -4.19567e-02 | 92 -0.13980 -4.66299e-02 | 93 -0.13947 -2.66668e-03
 94 -0.19876 -4.09062e-03 | 95 -0.15684 -3.75956e-03 | 96 -0.15482 -4.74245e-03
 97 -0.42874 -3.36932e-04 | 98 -0.24898 -4.38335e-04 | 99  0.03521 -1.16666e-03
100 -0.00247 -2.11589e-04 |101 -0.00112  1.22553e-03 |102  0.00179  2.71717e-03
103 -0.02012  8.70434e-05 |104  0.02726 -4.85965e-04 |105  0.00149  4.51464e-04
106  0.01048 -6.66802e-04 |107  0.06490 -6.04922e-04 |108  0.03107 -6.92568e-04
109  0.00077 -6.07774e-04 |110 -0.00077  1.68233e-03 |111 -0.00028 -5.42001e-04
112  0.01316  3.23873e-06 |113 -0.00020 -1.59146e-03 |114  0.03900  7.87045e-04
115  0.03448  3.38943e-04 |116 -0.00145  2.26101e-03 |117  0.02543  4.84769e-04
118  0.05756 -7.04761e-04 |119 -0.00046  9.02595e-04 |120  0.00077  3.58173e-04
121  0.00720  7.33333e-04 |122  0.01803 -1.10454e-05 |123 -0.04311  2.81412e-03
124 -0.00596 -1.07285e-03 |125 -0.01307 -1.74131e-03 |126 -0.09459  1.06442e-03
127  0.05027  3.76490e-04 |128 -0.00174  9.44153e-04 |129 -0.03528  2.33487e-03
130  0.11757 -2.06705e-03 |131  0.04984  3.21232e-04 |132  0.01577  8.61831e-04
133  0.05037  6.62641e-04 |134  0.04972 -8.54371e-04 |135  0.00438 -1.41455e-03
136  0.01341  5.68482e-05 |137 -0.02433 -3.57428e-04 |138  0.08068 -7.78679e-04
139  0.05825 -4.59236e-04 |140 -0.01079 -4.91629e-03 |141  0.05165 -3.15884e-03
142  0.06064 -1.52227e-03 |143  0.04306  6.30694e-04 |144  0.04118  1.36641e-04
145  0.02222 -8.16813e-04 |146  0.03771  3.05466e-03 |147 -0.01595  3.93225e-03
148  0.02382 -5.47843e-04 |149  0.03057  4.30963e-03 |150  0.04489 -1.17313e-04
151  0.00976  3.00115e-03 |152  0.06555 -9.33806e-04 |153  0.01675  5.44241e-03
154  0.04664 -8.51158e-04 |155  0.02754  1.22934e-04 |156  0.01520  2.33815e-03
157 -0.05844 -6.89076e-03 |158 -0.03685 -1.28096e-03 |159 -0.03180  2.16269e-03
160 -0.05453 -1.72648e-03 |161  0.05639 -1.32444e-03 |162 -0.00036  2.24014e-03
163 -0.08742 -3.37996e-02 |164 -0.00963 -1.37323e-02 |165 -0.05298 -1.51640e-03
166 -0.00969  2.20215e-03 |167  0.00405 -6.52836e-04 |168  0.05172  3.45020e-04
169  0.01507 -1.73605e-03 |170 -0.01697  5.74131e-05 |171 -0.00940 -2.45539e-03
172 -0.03792  5.57250e-05 |173  0.00554 -2.46491e-03 |174 -0.01430 -7.89624e-04
175  0.02231 -1.76544e-03 |176  0.03395 -2.31706e-03 |177  0.03852 -2.45695e-04
178  0.04081  4.51572e-05 |179  0.04137 -2.43335e-03 |180  0.00083  6.69292e-03
181 -0.01381 -9.38513e-04 |182 -0.02036  1.56990e-04 |183 -0.01651  2.96655e-03
184  0.03148  1.07587e-03 |185 -0.04560 -1.97273e-05 |186  0.01023  7.10986e-03
187 -0.01112  8.20192e-03 |188 -0.03087  2.19346e-03 |189 -0.00014  1.28875e-03
190  0.00049 -7.21329e-03 |191 -0.00860  1.73571e-03 |192 -0.01338  4.82547e-04
193 -0.00348  3.37248e-03 |194  0.03246 -2.23971e-03 |195  0.04397  9.93769e-04
196  0.01161 -3.50126e-02 |197 -0.05506 -1.59088e-02 |198 -0.00154 -3.62770e-04
199 -0.03194  3.50356e-03 |200 -0.00348  2.03719e-03 |201 -0.00804  1.85991e-04
202  0.04401 -2.35787e-04 |203 -0.00584  3.13262e-04 |204 -0.02411  1.38897e-04
205  0.02227 -5.21751e-04 |206 -0.02367 -1.53077e-03 |207  0.01127 -2.84611e-03
208 -0.01399 -2.34155e-03 |209  0.01360 -1.16276e-03 |210  0.01742  8.82463e-04
211 -0.03962  1.06060e-03 |212  0.02452  4.90283e-04 |213  0.00961  7.59623e-03
214 -0.01244  1.06339e-03 |215  0.01516 -3.37778e-05 |216 -0.02103  3.40297e-03
217 -0.02203 -1.67948e-04 |218 -0.01301 -9.46989e-04 |219 -0.02827  1.17212e-03
220 -0.00397  7.91747e-03 |221  0.00458  5.07347e-03 |222 -0.00677  9.28286e-04
223  0.00503 -4.39452e-03 |224 -0.01184  1.32119e-03 |225 -0.02026  5.63349e-03
226  0.00669  3.83589e-03 |227 -0.02074 -3.91507e-03 |228  0.00628 -3.43898e-03
229  0.03945 -3.60828e-02 |230  0.01544 -1.78742e-02 |231 -0.01103 -4.20610e-04
232  0.00521  2.92199e-03 |233 -0.02839 -5.76355e-04 |234  0.00617  4.53174e-04
235 -0.00848  2.74662e-04 |236  0.02222 -6.93993e-04 |237  0.01019 -8.24164e-04
238 -0.03052  1.96616e-03 |239 -0.01540 -1.45003e-03 |240 -0.00415 -3.14074e-03
241 -0.01492 -2.25609e-03 |242 -0.03135 -1.72504e-03 |243 -0.01666  2.99077e-04
244 -0.00827  1.04408e-03 |245 -0.03393  1.86113e-03 |246 -0.02079  1.03155e-02
247  0.00089 -1.90138e-03 |248 -0.00718  1.64670e-03 |249 -0.00135  1.46510e-03
250 -0.04755 -1.57451e-03 |251 -0.02956 -7.76763e-04 |252 -0.01997  1.57601e-03
253  0.00908  6.40938e-03 |254 -0.00645  4.42216e-03 |255 -0.02725 -3.59088e-04
256 -0.03257 -4.24747e-03 |257 -0.00328  2.40098e-03 |258  0.01336  5.74407e-03
259 -0.01143  8.90434e-03 |260 -0.00340 -4.47391e-03 |261 -0.01747 -1.39497e-03
262  0.00125 -3.54543e-02 |263  0.03690 -1.72364e-02 |
  ic > imax  in fminim is answer attained ?
Var    Value     Gradient |Var    Value     Gradient |Var    Value     Gradient
  1 -0.09489 -1.63831e-05 |  2 -0.13314  2.14164e-05 |  3  0.46147  1.50675e-06
  4 -0.03252 -1.25608e-07 |  5 -0.00894 -1.70044e-07 |  6 -0.01073  1.68111e-07
  7 -0.01283 -1.37590e-07 |  8 -0.01530  1.02659e-07 |  9 -0.01817 -1.65914e-07
 10 -0.02129 -1.26318e-07 | 11 -0.02473  5.97897e-08 | 12 -0.02871  8.74601e-09
 13 -0.03307 -6.45428e-09 | 14 -0.03768  3.30169e-07 | 15 -0.04242 -9.38433e-07
 16 -0.04677  1.29826e-08 | 17 -0.04955  2.67720e-07 | 18 -0.04865 -2.31695e-08
 19 -0.03976 -1.05896e-07 | 20 -0.01878  1.49798e-07 | 21  0.00490 -8.38076e-08
 22  0.03220 -1.70688e-07 | 23  0.08105 -2.52890e-08 | 24  0.04436 -1.51086e-07
 25  0.15025 -3.35408e-07 | 26  0.09842 -2.25371e-07 | 27 -0.02123 -2.35808e-07
 28  0.20582  2.84805e-07 | 29 -0.02533  3.32562e-07 | 30 -0.08068 -2.02333e-07
 31  0.15816  2.04068e-07 | 32 -0.11269  2.05967e-08 | 33  0.03278  3.63538e-08
 34 -0.16994  2.14560e-07 | 35  0.17663  2.22208e-06 | 36 -0.21488  8.34869e-08
 37  0.01315  2.32347e-08 | 38  0.29593  3.58111e-06 | 39 -0.14688  3.52555e-07
 40 -0.14423  5.55142e-07 | 41 -0.08200 -3.56908e-07 | 42  0.27250  6.35326e-06
 43 -0.21810  2.18634e-07 | 44 -0.18033  2.60070e-07 | 45  0.18809  4.74664e-06
 46  0.07418  2.40605e-06 | 47 -0.20611  4.74835e-08 | 48  0.14489  5.26971e-06
 49  0.02047  1.17214e-06 | 50 -0.20161  9.95836e-08 | 51  0.11948  4.50009e-06
 52  0.12353  4.02219e-06 | 53  0.02927  1.57684e-06 | 54  0.06323  1.44010e-06
 55 -0.00323  1.15769e-06 | 56  0.06963  2.23946e-06 | 57  0.27740  1.63041e-05
 58 -0.10158  2.91419e-07 | 59  0.01586  1.08855e-06 | 60 -0.34573  3.25108e-08
 61  0.04828  1.45309e-06 | 62 -0.34483  1.25865e-07 | 63  0.10416  1.13324e-06
 64  0.07760  8.55959e-07 | 65 -0.40112  8.74203e-08 | 66  0.18439  2.23920e-06
 67  0.03378  3.43034e-07 | 68  0.29778  4.13222e-06 | 69 -0.09020 -3.47309e-07
 70  0.03713  4.16610e-07 | 71 -0.10468 -2.57980e-07 | 72  0.21572 -5.24968e-06
 73 -0.36417 -1.52039e-08 | 74  0.17466  8.75191e-07 | 75  0.02913 -2.91408e-06
 76 -0.10091 -1.76324e-07 | 77 -0.14073 -6.33878e-08 | 78  0.14830  3.47564e-06
 79  0.22566  1.64169e-06 | 80  0.07451  7.40893e-08 | 81  0.00000  0.00000e+00
 82  0.00000  0.00000e+00 | 83  0.00000  0.00000e+00 | 84  0.00000  0.00000e+00
 85  0.00000  0.00000e+00 | 86 -0.43013  7.05892e-08 | 87 -0.43172  1.70499e-07
 88  0.06388 -6.39411e-07 | 89 -0.10388 -4.74261e-06 | 90 -0.14695  4.48966e-06
 91 -0.16458  9.88664e-06 | 92 -0.13980  1.28078e-05 | 93 -0.13947  6.20479e-07
 94 -0.19876  9.49258e-07 | 95 -0.15684  1.75779e-06 | 96 -0.15482  1.44683e-06
 97 -0.42874  5.06905e-06 | 98 -0.24898  5.76163e-08 | 99  0.03522 -3.16710e-08
100 -0.00247  1.58910e-07 |101 -0.00112 -5.90265e-08 |102  0.00178 -2.33131e-07
103 -0.02012  2.36395e-07 |104  0.02726 -2.41289e-07 |105  0.00149  2.05798e-08
106  0.01048  2.10510e-07 |107  0.06490  6.31454e-09 |108  0.03107  3.23409e-07
109  0.00077  7.07032e-07 |110 -0.00077 -2.13587e-07 |111 -0.00028  5.95358e-07
112  0.01316 -2.39512e-07 |113 -0.00020  2.67543e-07 |114  0.03902 -6.19581e-07
115  0.03448 -1.79785e-07 |116 -0.00146 -6.65724e-07 |117  0.02543  2.21920e-07
118  0.05756  1.65589e-07 |119 -0.00046  2.10868e-07 |120  0.00077  1.85710e-08
121  0.00719 -1.70340e-07 |122  0.01803 -3.92691e-08 |123 -0.04312 -1.03418e-06
124 -0.00595  1.86260e-07 |125 -0.01307  2.36940e-07 |126 -0.09459  5.37718e-07
127  0.05027  8.88159e-08 |128 -0.00174 -2.64657e-07 |129 -0.03528 -5.90656e-07
130  0.11758 -1.19283e-07 |131  0.04984  1.20252e-08 |132  0.01577 -2.56552e-07
133  0.05037  6.49739e-07 |134  0.04972  3.18034e-07 |135  0.00439 -1.46270e-08
136  0.01341  2.55370e-08 |137 -0.02432 -1.77091e-07 |138  0.08068  3.11130e-07
139  0.05825  1.37377e-07 |140 -0.01079 -7.48894e-08 |141  0.05165  3.88408e-07
142  0.06064  2.46507e-06 |143  0.04306  2.40795e-07 |144  0.04118  1.13807e-07
145  0.02222  1.14552e-07 |146  0.03770  2.74182e-07 |147 -0.01597 -1.07233e-06
148  0.02382  1.85202e-06 |149  0.03057  1.72638e-06 |150  0.04489 -3.64192e-08
151  0.00975  2.63560e-06 |152  0.06555  5.77831e-07 |153  0.01675  2.05283e-06
154  0.04664  9.90858e-09 |155  0.02754 -3.18415e-07 |156  0.01520 -6.68717e-07
157 -0.05844 -2.13833e-06 |158 -0.03685 -8.43517e-08 |159 -0.03181 -3.80377e-06
160 -0.05453  1.58091e-06 |161  0.05639  1.42389e-07 |162 -0.00036 -5.56648e-07
163 -0.08742 -8.01296e-06 |164 -0.00963 -4.85531e-06 |165 -0.05298  1.76717e-07
166 -0.00970  1.31298e-06 |167  0.00405  1.50897e-06 |168  0.05172  2.86054e-07
169  0.01507  4.71662e-07 |170 -0.01697 -1.42793e-07 |171 -0.00940  1.15703e-06
172 -0.03792 -2.01089e-07 |173  0.00554  9.59293e-08 |174 -0.01430  1.02768e-06
175  0.02231  3.33503e-06 |176  0.03395  2.05035e-06 |177  0.03852  1.33650e-07
178  0.04081  9.00207e-07 |179  0.04139  8.15433e-07 |180  0.00083 -7.35581e-07
181 -0.01381  1.69066e-06 |182 -0.02037  4.65341e-06 |183 -0.01651  3.03015e-06
184  0.03149  2.92072e-06 |185 -0.04560 -1.82740e-06 |186  0.01023  2.15020e-06
187 -0.01112  2.15486e-06 |188 -0.03087 -5.34991e-07 |189 -0.00014 -4.66740e-07
190  0.00049 -1.59029e-06 |191 -0.00860  2.99056e-06 |192 -0.01338 -3.45114e-06
193 -0.00348  3.59370e-06 |194  0.03246  6.44615e-07 |195  0.04397 -7.05679e-07
196  0.01161 -8.47196e-06 |197 -0.05506 -4.71512e-06 |198 -0.00154  5.19019e-07
199 -0.03195  1.19625e-06 |200 -0.00348  4.59932e-07 |201 -0.00804  2.69805e-07
202  0.04401  2.36519e-07 |203 -0.00584  3.24014e-08 |204 -0.02411  3.72544e-08
205  0.02227  1.78294e-07 |206 -0.02367  2.73220e-07 |207  0.01127  1.86829e-06
208 -0.01399  3.57881e-06 |209  0.01360  1.60653e-06 |210  0.01742  9.41347e-07
211 -0.03962  1.30884e-06 |212  0.02452  1.08601e-06 |213  0.00961 -7.94239e-07
214 -0.01244  2.65099e-06 |215  0.01516  4.66521e-06 |216 -0.02103  3.23002e-06
217 -0.02203  2.17092e-06 |218 -0.01301 -1.96631e-06 |219 -0.02827  9.38254e-07
220 -0.00397  2.27954e-06 |221  0.00458  3.24554e-06 |222 -0.00677 -3.13696e-07
223  0.00503 -1.47650e-06 |224 -0.01184  3.25489e-06 |225 -0.02026  1.88913e-06
226  0.00669  3.52177e-06 |227 -0.02074 -1.12006e-06 |228  0.00628 -1.07193e-07
229  0.03946 -8.08269e-06 |230  0.01544 -4.59308e-06 |231 -0.01103  5.94854e-07
232  0.00521  1.07194e-06 |233 -0.02839  6.70298e-07 |234  0.00617  4.03231e-09
235 -0.00848  2.01145e-07 |236  0.02222  3.39955e-07 |237  0.01019 -5.17302e-09
238 -0.03052  2.37362e-07 |239 -0.01540  1.03641e-06 |240 -0.00415  1.80509e-06
241 -0.01492  3.10699e-06 |242 -0.03135  1.12698e-06 |243 -0.01666  1.27692e-07
244 -0.00827  3.82465e-07 |245 -0.03393  8.46196e-07 |246 -0.02079  6.58917e-07
247  0.00089  3.76322e-06 |248 -0.00718  4.96812e-06 |249 -0.00135  3.38170e-06
250 -0.04755  4.58097e-07 |251 -0.02956 -1.83483e-06 |252 -0.01997  7.82760e-07
253  0.00908  3.75106e-06 |254 -0.00645  2.95686e-06 |255 -0.02725 -2.97105e-07
256 -0.03257 -1.25089e-06 |257 -0.00328  3.55939e-06 |258  0.01336  2.06285e-06
259 -0.01143  4.13649e-06 |260 -0.00340 -1.20508e-06 |261 -0.01747  5.36970e-07
262  0.00125 -7.49955e-06 |263  0.03690 -4.05468e-06 |
Function minimizer not making progress ... is minimum attained?
Minimprove criterion = 0.0000e+00

 - final statistics:
263 variables; iteration 294; function evaluation 368
Function value 2.2252e+03; maximum gradient component mag 2.1416e-05
Exit code = 1;  converg criter 1.0000e-05
Var    Value     Gradient |Var    Value     Gradient |Var    Value     Gradient
  1 -0.09489 -1.63831e-05 |  2 -0.13314  2.14164e-05 |  3  0.46147  1.50675e-06
  4 -0.03252 -1.25608e-07 |  5 -0.00894 -1.70044e-07 |  6 -0.01073  1.68111e-07
  7 -0.01283 -1.37590e-07 |  8 -0.01530  1.02659e-07 |  9 -0.01817 -1.65914e-07
 10 -0.02129 -1.26318e-07 | 11 -0.02473  5.97897e-08 | 12 -0.02871  8.74601e-09
 13 -0.03307 -6.45428e-09 | 14 -0.03768  3.30169e-07 | 15 -0.04242 -9.38433e-07
 16 -0.04677  1.29826e-08 | 17 -0.04955  2.67720e-07 | 18 -0.04865 -2.31695e-08
 19 -0.03976 -1.05896e-07 | 20 -0.01878  1.49798e-07 | 21  0.00490 -8.38076e-08
 22  0.03220 -1.70688e-07 | 23  0.08105 -2.52890e-08 | 24  0.04436 -1.51086e-07
 25  0.15025 -3.35408e-07 | 26  0.09842 -2.25371e-07 | 27 -0.02123 -2.35808e-07
 28  0.20582  2.84805e-07 | 29 -0.02533  3.32562e-07 | 30 -0.08068 -2.02333e-07
 31  0.15816  2.04068e-07 | 32 -0.11269  2.05967e-08 | 33  0.03278  3.63538e-08
 34 -0.16994  2.14560e-07 | 35  0.17663  2.22208e-06 | 36 -0.21488  8.34869e-08
 37  0.01315  2.32347e-08 | 38  0.29593  3.58111e-06 | 39 -0.14688  3.52555e-07
 40 -0.14423  5.55142e-07 | 41 -0.08200 -3.56908e-07 | 42  0.27250  6.35326e-06
 43 -0.21810  2.18634e-07 | 44 -0.18033  2.60070e-07 | 45  0.18809  4.74664e-06
 46  0.07418  2.40605e-06 | 47 -0.20611  4.74835e-08 | 48  0.14489  5.26971e-06
 49  0.02047  1.17214e-06 | 50 -0.20161  9.95836e-08 | 51  0.11948  4.50009e-06
 52  0.12353  4.02219e-06 | 53  0.02927  1.57684e-06 | 54  0.06323  1.44010e-06
 55 -0.00323  1.15769e-06 | 56  0.06963  2.23946e-06 | 57  0.27740  1.63041e-05
 58 -0.10158  2.91419e-07 | 59  0.01586  1.08855e-06 | 60 -0.34573  3.25108e-08
 61  0.04828  1.45309e-06 | 62 -0.34483  1.25865e-07 | 63  0.10416  1.13324e-06
 64  0.07760  8.55959e-07 | 65 -0.40112  8.74203e-08 | 66  0.18439  2.23920e-06
 67  0.03378  3.43034e-07 | 68  0.29778  4.13222e-06 | 69 -0.09020 -3.47309e-07
 70  0.03713  4.16610e-07 | 71 -0.10468 -2.57980e-07 | 72  0.21572 -5.24968e-06
 73 -0.36417 -1.52039e-08 | 74  0.17466  8.75191e-07 | 75  0.02913 -2.91408e-06
 76 -0.10091 -1.76324e-07 | 77 -0.14073 -6.33878e-08 | 78  0.14830  3.47564e-06
 79  0.22566  1.64169e-06 | 80  0.07451  7.40893e-08 | 81  0.00000  0.00000e+00
 82  0.00000  0.00000e+00 | 83  0.00000  0.00000e+00 | 84  0.00000  0.00000e+00
 85  0.00000  0.00000e+00 | 86 -0.43013  7.05892e-08 | 87 -0.43172  1.70499e-07
 88  0.06388 -6.39411e-07 | 89 -0.10388 -4.74261e-06 | 90 -0.14695  4.48966e-06
 91 -0.16458  9.88664e-06 | 92 -0.13980  1.28078e-05 | 93 -0.13947  6.20479e-07
 94 -0.19876  9.49258e-07 | 95 -0.15684  1.75779e-06 | 96 -0.15482  1.44683e-06
 97 -0.42874  5.06905e-06 | 98 -0.24898  5.76163e-08 | 99  0.03522 -3.16710e-08
100 -0.00247  1.58910e-07 |101 -0.00112 -5.90265e-08 |102  0.00178 -2.33131e-07
103 -0.02012  2.36395e-07 |104  0.02726 -2.41289e-07 |105  0.00149  2.05798e-08
106  0.01048  2.10510e-07 |107  0.06490  6.31454e-09 |108  0.03107  3.23409e-07
109  0.00077  7.07032e-07 |110 -0.00077 -2.13587e-07 |111 -0.00028  5.95358e-07
112  0.01316 -2.39512e-07 |113 -0.00020  2.67543e-07 |114  0.03902 -6.19581e-07
115  0.03448 -1.79785e-07 |116 -0.00146 -6.65724e-07 |117  0.02543  2.21920e-07
118  0.05756  1.65589e-07 |119 -0.00046  2.10868e-07 |120  0.00077  1.85710e-08
121  0.00719 -1.70340e-07 |122  0.01803 -3.92691e-08 |123 -0.04312 -1.03418e-06
124 -0.00595  1.86260e-07 |125 -0.01307  2.36940e-07 |126 -0.09459  5.37718e-07
127  0.05027  8.88159e-08 |128 -0.00174 -2.64657e-07 |129 -0.03528 -5.90656e-07
130  0.11758 -1.19283e-07 |131  0.04984  1.20252e-08 |132  0.01577 -2.56552e-07
133  0.05037  6.49739e-07 |134  0.04972  3.18034e-07 |135  0.00439 -1.46270e-08
136  0.01341  2.55370e-08 |137 -0.02432 -1.77091e-07 |138  0.08068  3.11130e-07
139  0.05825  1.37377e-07 |140 -0.01079 -7.48894e-08 |141  0.05165  3.88408e-07
142  0.06064  2.46507e-06 |143  0.04306  2.40795e-07 |144  0.04118  1.13807e-07
145  0.02222  1.14552e-07 |146  0.03770  2.74182e-07 |147 -0.01597 -1.07233e-06
148  0.02382  1.85202e-06 |149  0.03057  1.72638e-06 |150  0.04489 -3.64192e-08
151  0.00975  2.63560e-06 |152  0.06555  5.77831e-07 |153  0.01675  2.05283e-06
154  0.04664  9.90858e-09 |155  0.02754 -3.18415e-07 |156  0.01520 -6.68717e-07
157 -0.05844 -2.13833e-06 |158 -0.03685 -8.43517e-08 |159 -0.03181 -3.80377e-06
160 -0.05453  1.58091e-06 |161  0.05639  1.42389e-07 |162 -0.00036 -5.56648e-07
163 -0.08742 -8.01296e-06 |164 -0.00963 -4.85531e-06 |165 -0.05298  1.76717e-07
166 -0.00970  1.31298e-06 |167  0.00405  1.50897e-06 |168  0.05172  2.86054e-07
169  0.01507  4.71662e-07 |170 -0.01697 -1.42793e-07 |171 -0.00940  1.15703e-06
172 -0.03792 -2.01089e-07 |173  0.00554  9.59293e-08 |174 -0.01430  1.02768e-06
175  0.02231  3.33503e-06 |176  0.03395  2.05035e-06 |177  0.03852  1.33650e-07
178  0.04081  9.00207e-07 |179  0.04139  8.15433e-07 |180  0.00083 -7.35581e-07
181 -0.01381  1.69066e-06 |182 -0.02037  4.65341e-06 |183 -0.01651  3.03015e-06
184  0.03149  2.92072e-06 |185 -0.04560 -1.82740e-06 |186  0.01023  2.15020e-06
187 -0.01112  2.15486e-06 |188 -0.03087 -5.34991e-07 |189 -0.00014 -4.66740e-07
190  0.00049 -1.59029e-06 |191 -0.00860  2.99056e-06 |192 -0.01338 -3.45114e-06
193 -0.00348  3.59370e-06 |194  0.03246  6.44615e-07 |195  0.04397 -7.05679e-07
196  0.01161 -8.47196e-06 |197 -0.05506 -4.71512e-06 |198 -0.00154  5.19019e-07
199 -0.03195  1.19625e-06 |200 -0.00348  4.59932e-07 |201 -0.00804  2.69805e-07
202  0.04401  2.36519e-07 |203 -0.00584  3.24014e-08 |204 -0.02411  3.72544e-08
205  0.02227  1.78294e-07 |206 -0.02367  2.73220e-07 |207  0.01127  1.86829e-06
208 -0.01399  3.57881e-06 |209  0.01360  1.60653e-06 |210  0.01742  9.41347e-07
211 -0.03962  1.30884e-06 |212  0.02452  1.08601e-06 |213  0.00961 -7.94239e-07
214 -0.01244  2.65099e-06 |215  0.01516  4.66521e-06 |216 -0.02103  3.23002e-06
217 -0.02203  2.17092e-06 |218 -0.01301 -1.96631e-06 |219 -0.02827  9.38254e-07
220 -0.00397  2.27954e-06 |221  0.00458  3.24554e-06 |222 -0.00677 -3.13696e-07
223  0.00503 -1.47650e-06 |224 -0.01184  3.25489e-06 |225 -0.02026  1.88913e-06
226  0.00669  3.52177e-06 |227 -0.02074 -1.12006e-06 |228  0.00628 -1.07193e-07
229  0.03946 -8.08269e-06 |230  0.01544 -4.59308e-06 |231 -0.01103  5.94854e-07
232  0.00521  1.07194e-06 |233 -0.02839  6.70298e-07 |234  0.00617  4.03231e-09
235 -0.00848  2.01145e-07 |236  0.02222  3.39955e-07 |237  0.01019 -5.17302e-09
238 -0.03052  2.37362e-07 |239 -0.01540  1.03641e-06 |240 -0.00415  1.80509e-06
241 -0.01492  3.10699e-06 |242 -0.03135  1.12698e-06 |243 -0.01666  1.27692e-07
244 -0.00827  3.82465e-07 |245 -0.03393  8.46196e-07 |246 -0.02079  6.58917e-07
247  0.00089  3.76322e-06 |248 -0.00718  4.96812e-06 |249 -0.00135  3.38170e-06
250 -0.04755  4.58097e-07 |251 -0.02956 -1.83483e-06 |252 -0.01997  7.82760e-07
253  0.00908  3.75106e-06 |254 -0.00645  2.95686e-06 |255 -0.02725 -2.97105e-07
256 -0.03257 -1.25089e-06 |257 -0.00328  3.55939e-06 |258  0.01336  2.06285e-06
259 -0.01143  4.13649e-06 |260 -0.00340 -1.20508e-06 |261 -0.01747  5.36970e-07
262  0.00125 -7.49955e-06 |263  0.03690 -4.05468e-06 |
Estimating row 1 out of 263 for hessian
Estimating row 2 out of 263 for hessian
Estimating row 3 out of 263 for hessian
Estimating row 4 out of 263 for hessian
Estimating row 5 out of 263 for hessian
Estimating row 6 out of 263 for hessian
Estimating row 7 out of 263 for hessian
Estimating row 8 out of 263 for hessian
Estimating row 9 out of 263 for hessian
Estimating row 10 out of 263 for hessian
Estimating row 11 out of 263 for hessian
Estimating row 12 out of 263 for hessian
Estimating row 13 out of 263 for hessian
Estimating row 14 out of 263 for hessian
Estimating row 15 out of 263 for hessian
Estimating row 16 out of 263 for hessian
Estimating row 17 out of 263 for hessian
Estimating row 18 out of 263 for hessian
Estimating row 19 out of 263 for hessian
Estimating row 20 out of 263 for hessian
Estimating row 21 out of 263 for hessian
Estimating row 22 out of 263 for hessian
Estimating row 23 out of 263 for hessian
Estimating row 24 out of 263 for hessian
Estimating row 25 out of 263 for hessian
Estimating row 26 out of 263 for hessian
Estimating row 27 out of 263 for hessian
Estimating row 28 out of 263 for hessian
Estimating row 29 out of 263 for hessian
Estimating row 30 out of 263 for hessian
Estimating row 31 out of 263 for hessian
Estimating row 32 out of 263 for hessian
Estimating row 33 out of 263 for hessian
Estimating row 34 out of 263 for hessian
Estimating row 35 out of 263 for hessian
Estimating row 36 out of 263 for hessian
Estimating row 37 out of 263 for hessian
Estimating row 38 out of 263 for hessian
Estimating row 39 out of 263 for hessian
Estimating row 40 out of 263 for hessian
Estimating row 41 out of 263 for hessian
Estimating row 42 out of 263 for hessian
Estimating row 43 out of 263 for hessian
Estimating row 44 out of 263 for hessian
Estimating row 45 out of 263 for hessian
Estimating row 46 out of 263 for hessian
Estimating row 47 out of 263 for hessian
Estimating row 48 out of 263 for hessian
Estimating row 49 out of 263 for hessian
Estimating row 50 out of 263 for hessian
Estimating row 51 out of 263 for hessian
Estimating row 52 out of 263 for hessian
Estimating row 53 out of 263 for hessian
Estimating row 54 out of 263 for hessian
Estimating row 55 out of 263 for hessian
Estimating row 56 out of 263 for hessian
Estimating row 57 out of 263 for hessian
Estimating row 58 out of 263 for hessian
Estimating row 59 out of 263 for hessian
Estimating row 60 out of 263 for hessian
Estimating row 61 out of 263 for hessian
Estimating row 62 out of 263 for hessian
Estimating row 63 out of 263 for hessian
Estimating row 64 out of 263 for hessian
Estimating row 65 out of 263 for hessian
Estimating row 66 out of 263 for hessian
Estimating row 67 out of 263 for hessian
Estimating row 68 out of 263 for hessian
Estimating row 69 out of 263 for hessian
Estimating row 70 out of 263 for hessian
Estimating row 71 out of 263 for hessian
Estimating row 72 out of 263 for hessian
Estimating row 73 out of 263 for hessian
Estimating row 74 out of 263 for hessian
Estimating row 75 out of 263 for hessian
Estimating row 76 out of 263 for hessian
Estimating row 77 out of 263 for hessian
Estimating row 78 out of 263 for hessian
Estimating row 79 out of 263 for hessian
Estimating row 80 out of 263 for hessian
Estimating row 81 out of 263 for hessian
Estimating row 82 out of 263 for hessian
Estimating row 83 out of 263 for hessian
Estimating row 84 out of 263 for hessian
Estimating row 85 out of 263 for hessian
Estimating row 86 out of 263 for hessian
Estimating row 87 out of 263 for hessian
Estimating row 88 out of 263 for hessian
Estimating row 89 out of 263 for hessian
Estimating row 90 out of 263 for hessian
Estimating row 91 out of 263 for hessian
Estimating row 92 out of 263 for hessian
Estimating row 93 out of 263 for hessian
Estimating row 94 out of 263 for hessian
Estimating row 95 out of 263 for hessian
Estimating row 96 out of 263 for hessian
Estimating row 97 out of 263 for hessian
Estimating row 98 out of 263 for hessian
Estimating row 99 out of 263 for hessian
Estimating row 100 out of 263 for hessian
Estimating row 101 out of 263 for hessian
Estimating row 102 out of 263 for hessian
Estimating row 103 out of 263 for hessian
Estimating row 104 out of 263 for hessian
Estimating row 105 out of 263 for hessian
Estimating row 106 out of 263 for hessian
Estimating row 107 out of 263 for hessian
Estimating row 108 out of 263 for hessian
Estimating row 109 out of 263 for hessian
Estimating row 110 out of 263 for hessian
Estimating row 111 out of 263 for hessian
Estimating row 112 out of 263 for hessian
Estimating row 113 out of 263 for hessian
Estimating row 114 out of 263 for hessian
Estimating row 115 out of 263 for hessian
Estimating row 116 out of 263 for hessian
Estimating row 117 out of 263 for hessian
Estimating row 118 out of 263 for hessian
Estimating row 119 out of 263 for hessian
Estimating row 120 out of 263 for hessian
Estimating row 121 out of 263 for hessian
Estimating row 122 out of 263 for hessian
Estimating row 123 out of 263 for hessian
Estimating row 124 out of 263 for hessian
Estimating row 125 out of 263 for hessian
Estimating row 126 out of 263 for hessian
Estimating row 127 out of 263 for hessian
Estimating row 128 out of 263 for hessian
Estimating row 129 out of 263 for hessian
Estimating row 130 out of 263 for hessian
Estimating row 131 out of 263 for hessian
Estimating row 132 out of 263 for hessian
Estimating row 133 out of 263 for hessian
Estimating row 134 out of 263 for hessian
Estimating row 135 out of 263 for hessian
Estimating row 136 out of 263 for hessian
Estimating row 137 out of 263 for hessian
Estimating row 138 out of 263 for hessian
Estimating row 139 out of 263 for hessian
Estimating row 140 out of 263 for hessian
Estimating row 141 out of 263 for hessian
Estimating row 142 out of 263 for hessian
Estimating row 143 out of 263 for hessian
Estimating row 144 out of 263 for hessian
Estimating row 145 out of 263 for hessian
Estimating row 146 out of 263 for hessian
Estimating row 147 out of 263 for hessian
Estimating row 148 out of 263 for hessian
Estimating row 149 out of 263 for hessian
Estimating row 150 out of 263 for hessian
Estimating row 151 out of 263 for hessian
Estimating row 152 out of 263 for hessian
Estimating row 153 out of 263 for hessian
Estimating row 154 out of 263 for hessian
Estimating row 155 out of 263 for hessian
Estimating row 156 out of 263 for hessian
Estimating row 157 out of 263 for hessian
Estimating row 158 out of 263 for hessian
Estimating row 159 out of 263 for hessian
Estimating row 160 out of 263 for hessian
Estimating row 161 out of 263 for hessian
Estimating row 162 out of 263 for hessian
Estimating row 163 out of 263 for hessian
Estimating row 164 out of 263 for hessian
Estimating row 165 out of 263 for hessian
Estimating row 166 out of 263 for hessian
Estimating row 167 out of 263 for hessian
Estimating row 168 out of 263 for hessian
Estimating row 169 out of 263 for hessian
Estimating row 170 out of 263 for hessian
Estimating row 171 out of 263 for hessian
Estimating row 172 out of 263 for hessian
Estimating row 173 out of 263 for hessian
Estimating row 174 out of 263 for hessian
Estimating row 175 out of 263 for hessian
Estimating row 176 out of 263 for hessian
Estimating row 177 out of 263 for hessian
Estimating row 178 out of 263 for hessian
Estimating row 179 out of 263 for hessian
Estimating row 180 out of 263 for hessian
Estimating row 181 out of 263 for hessian
Estimating row 182 out of 263 for hessian
Estimating row 183 out of 263 for hessian
Estimating row 184 out of 263 for hessian
Estimating row 185 out of 263 for hessian
Estimating row 186 out of 263 for hessian
Estimating row 187 out of 263 for hessian
Estimating row 188 out of 263 for hessian
Estimating row 189 out of 263 for hessian
Estimating row 190 out of 263 for hessian
Estimating row 191 out of 263 for hessian
Estimating row 192 out of 263 for hessian
Estimating row 193 out of 263 for hessian
Estimating row 194 out of 263 for hessian
Estimating row 195 out of 263 for hessian
Estimating row 196 out of 263 for hessian
Estimating row 197 out of 263 for hessian
Estimating row 198 out of 263 for hessian
Estimating row 199 out of 263 for hessian
Estimating row 200 out of 263 for hessian
Estimating row 201 out of 263 for hessian
Estimating row 202 out of 263 for hessian
Estimating row 203 out of 263 for hessian
Estimating row 204 out of 263 for hessian
Estimating row 205 out of 263 for hessian
Estimating row 206 out of 263 for hessian
Estimating row 207 out of 263 for hessian
Estimating row 208 out of 263 for hessian
Estimating row 209 out of 263 for hessian
Estimating row 210 out of 263 for hessian
Estimating row 211 out of 263 for hessian
Estimating row 212 out of 263 for hessian
Estimating row 213 out of 263 for hessian
Estimating row 214 out of 263 for hessian
Estimating row 215 out of 263 for hessian
Estimating row 216 out of 263 for hessian
Estimating row 217 out of 263 for hessian
Estimating row 218 out of 263 for hessian
Estimating row 219 out of 263 for hessian
Estimating row 220 out of 263 for hessian
Estimating row 221 out of 263 for hessian
Estimating row 222 out of 263 for hessian
Estimating row 223 out of 263 for hessian
Estimating row 224 out of 263 for hessian
Estimating row 225 out of 263 for hessian
Estimating row 226 out of 263 for hessian
Estimating row 227 out of 263 for hessian
Estimating row 228 out of 263 for hessian
Estimating row 229 out of 263 for hessian
Estimating row 230 out of 263 for hessian
Estimating row 231 out of 263 for hessian
Estimating row 232 out of 263 for hessian
Estimating row 233 out of 263 for hessian
Estimating row 234 out of 263 for hessian
Estimating row 235 out of 263 for hessian
Estimating row 236 out of 263 for hessian
Estimating row 237 out of 263 for hessian
Estimating row 238 out of 263 for hessian
Estimating row 239 out of 263 for hessian
Estimating row 240 out of 263 for hessian
Estimating row 241 out of 263 for hessian
Estimating row 242 out of 263 for hessian
Estimating row 243 out of 263 for hessian
Estimating row 244 out of 263 for hessian
Estimating row 245 out of 263 for hessian
Estimating row 246 out of 263 for hessian
Estimating row 247 out of 263 for hessian
Estimating row 248 out of 263 for hessian
Estimating row 249 out of 263 for hessian
Estimating row 250 out of 263 for hessian
Estimating row 251 out of 263 for hessian
Estimating row 252 out of 263 for hessian
Estimating row 253 out of 263 for hessian
Estimating row 254 out of 263 for hessian
Estimating row 255 out of 263 for hessian
Estimating row 256 out of 263 for hessian
Estimating row 257 out of 263 for hessian
Estimating row 258 out of 263 for hessian
Estimating row 259 out of 263 for hessian
Estimating row 260 out of 263 for hessian
Estimating row 261 out of 263 for hessian
Estimating row 262 out of 263 for hessian
Estimating row 263 out of 263 for hessian
size of file gradfil1.tmp = 0
size of file gradfil2.tmp = 0
size of file varssave.tmp = 0
size of file cmpdiff.tmp = 0
