"","nll","aic","daic"
"1",9984816.52310031,19970609.0462006,355.879141613841
"2",9984638.58352951,19970253.167059,0
"3",9984822.27909042,19970620.5581808,367.391121823341
"4",9984844.08852421,19970664.1770484,411.009989406914
"5",9984851.4370737,19970678.8741474,425.707088395953
"6",9984841.06645812,19970658.1329162,404.965857233852
"7",9984838.2472479,19970652.4944958,399.327436778694
"8",9984845.14125773,19970666.2825155,413.115456439555
