"","nll","aic","daic"
"1",7163.32792795231,15066.6558559046,631.53798086031
"2",6847.55893752216,14435.1178750443,0
"3",6916.43240205765,14572.8648041153,137.746929070981
"4",6918.1568899656,14576.3137799312,141.195904886883
"5",6851.30564023476,14444.6112804695,9.49340542520258
