"","nll","aic","daic"
"1",99930.3574368296,200822.714873659,811.538209083199
"2",99524.588332288,200011.176664576,0
"3",99600.8780495534,200163.756099107,152.579434530897
"4",99600.4254879566,200162.850975913,151.674311337294
"5",99602.2076657981,200166.415331596,155.23866702037
"6",99597.8497523957,200157.699504791,146.522840215534
"7",99597.2247168407,200156.449433681,145.272769105592
"8",99598.7569623012,200159.513924602,148.337260026514
